{"uid":"01AE40ACKC5FFA41C4SB419EF17D5C759939","isLoaded":true,"lastModificationTime":0,"items":{"windowTitle":"Screen Effect","type":"event_command","displayName":"$$FF7C203146CE9742F52A58E62E46BABC2509","title":"$$P22","id":"gs.ScreenEffect","group":"$$0620EF3CK3406A4B70SA1ACE3750D5C17E57","windowSize":{"w":400},"nodes":[],"defaultValue":{"type":0,"passes":2,"duration":0,"waitForCompletion":0,"easing":{"type":0,"inOut":1},"power":10,"speed":10,"orientation":2},"quickItems":[{"type":"GSQPopupField","label":"$$BD058CE5KA3B8A41C6S9B32ECEC674F8EC05","dataSource":["$$ED0E4CA1976D854C5F8AC810864A28AF3E22","$$DA61190939963742963810216A7BCE496C1B"],"valueFormula":"return GS.CONST.GRAPHIC_EFFECTS[p.type]","attribute":"type","showItems":[["power","speed","orientation"],["passes"]]},{"type":"GSQStepper","label":"$$2816AD5385AAD64876198AF593F7279A52D0","minimum":0,"maximum":10,"identifier":"passes","attribute":"passes"},{"type":"GSQStepper","label":"$$130D916E55CD9841721804F4B47B6D8C3A5E","minimum":0,"maximum":100,"identifier":"power","attribute":"power"},{"type":"GSQStepper","label":"$$D61D429627E27449B86881C3DE0446316091","minimum":0,"maximum":100,"attribute":"speed","identifier":"speed"},{"type":"GSQPopupField","label":"$$D134DB1755C3394F602AAC137CA7CA1766DF","dataSource":["$$CE9AC1AEK0702A45ECS8A94E83C19094559E","$$648DC3D2KD5F6A42B2S8132ED75014FA6D5B","$$FF57EDE2K4355A45C6S8E0CE5D5BAF017110"],"valueFormula":"return GS.CONST.ORIENTATION_BOTH[p.orientation]","attribute":"orientation","identifier":"orientation"}],"sections":[],"rawContent":"{\n    \"windowTitle\": \"Screen Effect\",\n    \"type\": \"event_command\",\n    \"displayName\": \"$$FF7C203146CE9742F52A58E62E46BABC2509\",\n    \"title\": \"$$P22\",\n    \"id\": \"gs.ScreenEffect\",\n    \"group\": \"$$0620EF3CK3406A4B70SA1ACE3750D5C17E57\",\n    \"windowSize\": {\n        \"w\": 400\n    },\n    \"nodes\": [\n    ],\n    \"defaultValue\": { \"type\": 0, \"passes\": 2, \"duration\": 0, \"waitForCompletion\": 0, \"easing\": { \"type\": 0, \"inOut\": 1 }, \"power\": 10, \"speed\": 10, \"orientation\": 2 },\n    \"quickItems\": GSQ.CONTROLS.SCREEN_GRAPHIC_EFFECTS,\n    \"sections\": [\n    ]\n}","name":"Screen Effect","parentId":"85446216KA82AA4A7DS8F25E541AB7EFA66A","order":3},"summary":["name","type"]}