{"uid":"023C7167K8033A416DS9A41E836DF78A54FE","isLoaded":true,"lastModificationTime":0,"items":{"name":"Chapter","type":"event_command","parentId":"246C6882K5023A43ADS91B8EAA1FA471DA46","displayName":"$$179BDC352DC2364EC67A84D40E04C571004E","windowTitle":"$$A4F947BBK7DFBA44B6SB449EC35405E4DEE7","id":"vn.Chapter","group":"$$2DCE5AEAK657FA4F5BS8EC3EA543DC123D24","windowSize":{"w":400,"h":70},"hidden":true,"nodes":[{"name":"return lcs('4D3A5491K8C70A4456S9669ECDCB3E537BD0')+' ' + p.name","id":"vn.Chapter"}],"defaultValue":{"name":"$$82844FB74796D4486A7B14B4417497A1E841","description":""},"quickItems":[{"type":"GSQTextArea","label":"$$P55","multiline":false,"attribute":"name","bindings":[{"source":"text","to":"sceneTree","target":"chapter.name"}],"valueFormula":"return p.name || lcs('2AA95C2462998440D08A89C884F8259FD71F')"}],"fullSizeItems":[{"type":"GSQTextArea","attribute":"description","valueFormula":"return p.description || lcs('D4226B0F73F5264A2A7B07084BE172B41EDB')"}],"sections":[{"name":"$$A4F947BBK7DFBA44B6SB449EC35405E4DEE7","layout":{"type":"dynamicGrid"},"column":0,"items":[{"type":"GSLabel","text":"$$P119","location":{"x":0,"y":0},"size":{"w":100,"h":-1}},{"type":"GSTextField","attribute":"name","location":{"x":1,"y":0},"size":{"w":-1,"h":-1}}]}],"rawContent":"{\n    \"parentId\": \"AFAD6CEFK59C1A4298SBABFE7AEC1B964622\",\n    \"displayName\": \"$$179BDC352DC2364EC67A84D40E04C571004E\",\n    \"windowTitle\": \"$$A4F947BBK7DFBA44B6SB449EC35405E4DEE7\",\n    \"type\": \"event_command\",\n    \"id\": \"vn.Chapter\",\n    \"group\": \"$$2DCE5AEAK657FA4F5BS8EC3EA543DC123D24\",\n    \"windowSize\": {\n        \"w\": 400,\n        \"h\": 70\n    },\n    \"hidden\": true,\n    \"nodes\": [\n        {\n            \"name\": \"return lcs('4D3A5491K8C70A4456S9669ECDCB3E537BD0')+' ' + p.name\",\n            \"id\": \"vn.Chapter\"\n        }\n    ],\n    \"defaultValue\": { \"name\": \"$$82844FB74796D4486A7B14B4417497A1E841\", \"description\": \"\" },\n    \"quickItems\": [\n        {\n            \"type\": \"GSQTextArea\",\n            \"label\": \"$$P55\",\n            \"multiline\": false,\n            \"attribute\": \"name\",\n            \"bindings\": [{ \"source\": \"text\", \"to\": \"sceneTree\", \"target\": \"chapter.name\"}],\n            \"valueFormula\": \"return p.name || lcs('2AA95C2462998440D08A89C884F8259FD71F')\"\n        }\n    ],\n    \"fullSizeItems\": [\n        {\n            \"type\": \"GSQTextArea\",\n            \"attribute\": \"description\",\n            \"valueFormula\": \"return p.description || lcs('D4226B0F73F5264A2A7B07084BE172B41EDB')\"\n        }\n    ],\n    \"sections\": [\n        {\n            \"name\": \"$$A4F947BBK7DFBA44B6SB449EC35405E4DEE7\",\n            \"layout\": {\n                \"type\": \"dynamicGrid\"\n            },\n            \"column\": 0,\n            \"items\": [\n                {\n                    \"type\": \"GSLabel\",\n                    \"text\": \"$$P119\",\n                    \"location\": {\n                        \"x\": 0,\n                        \"y\": 0\n                    },\n                    \"size\": {\n                        \"w\": 100,\n                        \"h\": -1\n                    }\n                },\n                {\n                    \"type\": \"GSTextField\",\n                    \"attribute\": \"name\",\n                    \"location\": {\n                        \"x\": 1,\n                        \"y\": 0\n                    },\n                    \"size\": {\n                        \"w\": -1,\n                        \"h\": -1\n                    }\n                }\n            ]\n        }\n    ]\n}","order":0},"summary":["name","type"]}