{"uid":"0287A57C29D34340DE89B3C64AE4DE9BE9B3","isLoaded":true,"lastModificationTime":0,"items":{"name":"Template_MessageBacklog","type":"game_script","order":1,"content":"ui.UiFactory.customTypes[\"ui.MessageBacklog\"] = {\n    \"id\": \"list\",\n    \"type\": \"ui.DataScrollView\",\n    \"zIndex\": 80000,\n    \"order\": 80001,\n    \"frame\": [0, 0, Graphics.width, Graphics.height],\n    \"params\": { \n        \"dataSource\": ($ -> $dataFields.backlog),\n        \"template\": { \n            \"size\": [Graphics.width, 200],\n            \"descriptor\": {\n                \"type\": \"ui.FreeLayout\",\n                \"frame\": [0, 0, Graphics.width, 200],\n                \"controls\": [\n                    { \n                        \"type\": \"ui.FreeLayout\",\n                        \"frame\": [0, 20, Graphics.width / 4, 30],\n                        \"controls\": [\n                            { \n                                \"type\": \"ui.Text\",\n                                \"styles\": [\"messageText\"],\n                                \"frame\": [0, 0],\n                                \"margin\": [0, 0, 20, 0],\n                                \"sizeToFit\": true,\n                                \"alignmentX\": \"right\",\n                                \"zIndex\": 82000,\n                                \"formulas\": [$ -> o.text = $dataFields.backlog[o.parent.parent.index].character.name],\n                                \"text\": \"Name\"\n                            }\n                        ]\n                    },\n                    { \n                        \"type\": \"ui.Text\",\n                        \"styles\": [\"messageText\"],\n                        \"frame\": [Graphics.width / 4 + 20, 20, Graphics.width - 400, 0],\n                        \"sizeToFit\": { \"horizontal\": false, \"vertical\": true },\n                        \"formatting\": true,\n                        \"zIndex\": 82000,\n                        \"order\": 80001,\n                        \"formulas\": [\n                            $ -> o.visible = !$dataFields.backlog[o.parent.index].isChoice\n                            $ -> if !$dataFields.backlog[o.parent.index].isChoice then o.text = $dataFields.backlog[o.parent.index].message\n                            $ -> if $dataFields.backlog[o.parent.index].isChoice then o.text = $dataFields.backlog[o.parent.index].choice.text\n                        ],\n                        \"text\": \"\"\n                    },\n                    {\n                        \"type\": \"ui.FreeLayout\",\n                        \"alignmentX\": 1,\n                        \"sizeToFit\": true,\n                        \"formulas\": [\n                            $ -> o.visible = $dataFields.backlog[o.parent.index].isChoice\n                        ],\n                        \"controls\":[\n                            {\n                                \"type\": \"ui.Window\",\n                                \"formulas\": [\n                                    $ -> o.controls[0].image = \"selection\"\n                                ],\n                                \"frame\": [0, 0, 750, 50],\n                                \"margin\": [0, 0, 0, 30],\n                                \"zIndex\": 4999\n                            },\n                            {\n                                \"type\": \"ui.Text\",\n                                \"sizeToFit\": true,\n                                \"styles\": [\"regularUIText\"],\n                                \"alignmentX\": \"center\",\n                                \"alignmentY\": \"center\",\n                                \"frame\": [0, 12],\n                                \"margin\": [0, 0, 0, 30]\n                                \"formulas\": [\n                                    $ -> if $dataFields.backlog[o.parent.parent.index].isChoice then o.text = $dataFields.backlog[o.parent.parent.index].choice.text\n                                ],\n                                \"zIndex\": 5100\n                            }\n                        ]\n                    }\n                ],\n                \"margin\": [0, 0, 0, 20]\n            }\n        }\n    }, \n    \"zIndex\": 81000\n}\n\nui.UiFactory.customTypes[\"ui.MessageBacklogBox\"] = {\n    \"type\": \"ui.FreeLayout\",\n    \"order\": 80000,\n    \"id\": \"backlog\",\n    \"controls\": [\n        {\n            \"type\": \"ui.Panel\",\n            \"modal\": true,\n            \"order\": 800,\n            \"style\": \"backlogMessagePanel\",\n            \"zIndex\": 80000,\n            \"frame\": [0, 0, Graphics.width, Graphics.height]\n        },\n        {\n            \"type\": \"ui.Panel\",\n            \"style\": \"backlogNamePanel\",\n            \"zIndex\": 80000,\n            \"frame\": [0, 0, Graphics.width / 4, Graphics.height]\n        },\n        { \"type\": \"ui.MessageBacklog\" }\n        \n    ],\n    \"frame\": [0, 0, Graphics.width, Graphics.height]\n}","folder":false,"parentId":"2A0E8A67K5BAAA4D7AS9017ED220E9EFFCA7","compiledContent":"(function() {\n  ui.UiFactory.customTypes[\"ui.MessageBacklog\"] = {\n    \"id\": \"list\",\n    \"type\": \"ui.DataScrollView\",\n    \"zIndex\": 80000,\n    \"order\": 80001,\n    \"frame\": [0, 0, Graphics.width, Graphics.height],\n    \"params\": {\n      \"dataSource\": $(function() {\n        return $dataFields.backlog;\n      }),\n      \"template\": {\n        \"size\": [Graphics.width, 200],\n        \"descriptor\": {\n          \"type\": \"ui.FreeLayout\",\n          \"frame\": [0, 0, Graphics.width, 200],\n          \"controls\": [\n            {\n              \"type\": \"ui.FreeLayout\",\n              \"frame\": [0, 20, Graphics.width / 4, 30],\n              \"controls\": [\n                {\n                  \"type\": \"ui.Text\",\n                  \"styles\": [\"messageText\"],\n                  \"frame\": [0, 0],\n                  \"margin\": [0, 0, 20, 0],\n                  \"sizeToFit\": true,\n                  \"alignmentX\": \"right\",\n                  \"zIndex\": 82000,\n                  \"formulas\": [\n                    $(function() {\n                      return o.text = $dataFields.backlog[o.parent.parent.index].character.name;\n                    })\n                  ],\n                  \"text\": \"Name\"\n                }\n              ]\n            }, {\n              \"type\": \"ui.Text\",\n              \"styles\": [\"messageText\"],\n              \"frame\": [Graphics.width / 4 + 20, 20, Graphics.width - 400, 0],\n              \"sizeToFit\": {\n                \"horizontal\": false,\n                \"vertical\": true\n              },\n              \"formatting\": true,\n              \"zIndex\": 82000,\n              \"order\": 80001,\n              \"formulas\": [\n                $(function() {\n                  return o.visible = !$dataFields.backlog[o.parent.index].isChoice;\n                }), $(function() {\n                  if (!$dataFields.backlog[o.parent.index].isChoice) {\n                    return o.text = $dataFields.backlog[o.parent.index].message;\n                  }\n                }), $(function() {\n                  if ($dataFields.backlog[o.parent.index].isChoice) {\n                    return o.text = $dataFields.backlog[o.parent.index].choice.text;\n                  }\n                })\n              ],\n              \"text\": \"\"\n            }, {\n              \"type\": \"ui.FreeLayout\",\n              \"alignmentX\": 1,\n              \"sizeToFit\": true,\n              \"formulas\": [\n                $(function() {\n                  return o.visible = $dataFields.backlog[o.parent.index].isChoice;\n                })\n              ],\n              \"controls\": [\n                {\n                  \"type\": \"ui.Window\",\n                  \"formulas\": [\n                    $(function() {\n                      return o.controls[0].image = \"selection\";\n                    })\n                  ],\n                  \"frame\": [0, 0, 750, 50],\n                  \"margin\": [0, 0, 0, 30],\n                  \"zIndex\": 4999\n                }, {\n                  \"type\": \"ui.Text\",\n                  \"sizeToFit\": true,\n                  \"styles\": [\"regularUIText\"],\n                  \"alignmentX\": \"center\",\n                  \"alignmentY\": \"center\",\n                  \"frame\": [0, 12],\n                  \"margin\": [0, 0, 0, 30],\n                  \"formulas\": [\n                    $(function() {\n                      if ($dataFields.backlog[o.parent.parent.index].isChoice) {\n                        return o.text = $dataFields.backlog[o.parent.parent.index].choice.text;\n                      }\n                    })\n                  ],\n                  \"zIndex\": 5100\n                }\n              ]\n            }\n          ],\n          \"margin\": [0, 0, 0, 20]\n        }\n      }\n    },\n    \"zIndex\": 81000\n  };\n\n  ui.UiFactory.customTypes[\"ui.MessageBacklogBox\"] = {\n    \"type\": \"ui.FreeLayout\",\n    \"order\": 80000,\n    \"id\": \"backlog\",\n    \"controls\": [\n      {\n        \"type\": \"ui.Panel\",\n        \"modal\": true,\n        \"order\": 800,\n        \"style\": \"backlogMessagePanel\",\n        \"zIndex\": 80000,\n        \"frame\": [0, 0, Graphics.width, Graphics.height]\n      }, {\n        \"type\": \"ui.Panel\",\n        \"style\": \"backlogNamePanel\",\n        \"zIndex\": 80000,\n        \"frame\": [0, 0, Graphics.width / 4, Graphics.height]\n      }, {\n        \"type\": \"ui.MessageBacklog\"\n      }\n    ],\n    \"frame\": [0, 0, Graphics.width, Graphics.height]\n  };\n\n}).call(this);\n"},"summary":["name","type"]}