{"uid":"032D436AK4650A41FAS9A66EE96FF2AD2311","isLoaded":true,"lastModificationTime":0,"items":{"name":"Layout_SettingsMenu","type":"game_script","order":4,"content":"ui.UiFactory.customTypes[\"ui.SettingsMenuSlider\"] = {\n    \"type\": \"ui.StackLayout\",\n    \"sizeToFit\": true,\n    \"orientation\": \"vertical\",\n    \"margin\": [10, 10, 0, 0], \n    \"controls\": [\n        { \n            \"type\": \"ui.Text\", \n            \"text\": -> p.label,\n            \"styles\": [\"regularUIText\"], \n            \"frame\": [0, 0, 200, gs.UIConstants.OPTION_BUTTON_H - 40],\n            \"margin\": [0, 0, 50, 0]\n        },\n        { \n            \"type\": \"ui.Slider\", \n            \"id\": -> p.id,\n            \"frame\": [80, 0, gs.UIConstants.LAYOUT_SETTINGS_WINDOW_W - 110, gs.UIConstants.OPTION_BUTTON_H], \n            \"params\": { \"actions\": [], \"max\": 100, \"write\": (-> p.write), \"read\": (-> p.read) } \n        }\n    ]\n}\n\nui.UiFactory.customTypes[\"ui.SettingsOptionSet\"] = {\n    \"type\": \"ui.StackLayout\",\n    \"sizeToFit\": true,\n    \"orientation\": \"vertical\",\n    \"margin\": [10, 10, 0, 0], \n    \"controls\": [\n        { \n            \"type\": \"ui.Text\", \n            \"text\": -> p.label, \n            \"styles\": [\"regularUIText\"], \n            \"frame\": [0, 0, 300, gs.UIConstants.OPTION_BUTTON_H - 30]\n        },\n        { \n            \"type\": \"ui.OptionButtonSet\", \n            \"frame\": [80, 0, 330, gs.UIConstants.OPTION_BUTTON_H], \n            \"params\": { \"actions\": [], \"write\": (-> p.write), \"read\": (-> p.read), \"max\": 100, \"onLabel\": (-> p.onLabel or \"On\"), \"onAction\": ( -> p.onAction), \"offLabel\": (-> p.offLabel or \"Off\"), \"offAction\": (-> p.offAction), \"group\": (-> p.group) } \n        }\n    ]\n}\n\nui.UiFactory.customTypes[\"ui.SettingsStepSlider\"] = {\n    \"type\": \"ui.StackLayout\",\n    \"sizeToFit\": true,\n    \"orientation\": \"vertical\",\n    \"margin\": [10, 10, 0, 0], \n    \"controls\": [\n        { \n            \"type\": \"ui.Text\", \n            \"text\": -> p.label, \n            \"styles\": [\"regularUIText\"], \n            \"frame\": [0, 0, 350, gs.UIConstants.OPTION_BUTTON_H - 30],\n            \"margin\": [0, 0, 0, 0]\n        },\n        { \n            \"type\": \"ui.StepSlider\",\n            \"frame\": [40, 0, gs.UIConstants.LAYOUT_SETTINGS_WINDOW_W - 150, gs.UIConstants.OPTION_BUTTON_H + 30], \n            \"params\": { \"actions\": [], \"write\": (-> p.write), \"read\": (-> p.read), \"steps\": 5, \"data\": -> p.data   } \n        }\n    ]\n}\nui.UiFactory.layouts.settingsMenuLayout = {\n    \"type\": \"ui.FreeLayout\",\n    \"frame\": [0, 0, Graphics.width, Graphics.height],\n    \"controls\": [\n        {\n            \"executeFieldFormulas\": true,\n            \"type\": \"ui.Image\",\n            \"image\": -> $dataFields.database.system.menuBackground.name or 'bg-generic',\n            \"frame\": [0, 0, Graphics.width, Graphics.height]\n        },\n        {\n            \"type\": \"ui.StackLayout\",\n            \"orientation\": \"vertical\",\n            \"sizeToFit\": true,\n            \"alignmentX\": \"center\",\n            \"alignmentY\": \"center\",\n            \"controls\": [\n                {\n                    \"type\": \"ui.Button\",\n                    \"params\": { \"text\": { \"lcId\": \"149D0E4B8AF8574E5A8BF574FD9A9590B69A\", \"defaultText\": \"General\" }, \"action\": { \"event\": \"onMouseClick\", \"name\": \"switchLayout\", \"params\": { \"name\": \"settingsGeneral\", \"savePrevious\": true } } },\n                    \"frame\": [0, 0, 300, 55],\n                    \"margin\": [0, 0, 0, 20]\n                },\n                {\n                    \"type\": \"ui.Button\",\n                    \"params\": { \"text\": { \"lcId\": \"6683560332F9274AEE1B5D96FCA020F57DDE\", \"defaultText\": \"Message\" }, \"action\": { \"event\": \"onMouseClick\", \"name\": \"switchLayout\", \"params\": { \"name\": \"settingsMessage\", \"savePrevious\": true } } },\n                    \"frame\": [0, 0, 300, 55],\n                    \"margin\": [0, 0, 0, 20]\n                },\n                {\n                    \"type\": \"ui.Button\",\n                    \"params\": { \"text\": { \"lcId\": \"92FDB732611153400B595AD7D92206CDC592\", \"defaultText\": \"Audio\" }, \"action\": { \"event\": \"onMouseClick\", \"name\": \"switchLayout\", \"params\": { \"name\": \"settingsAudio\", \"savePrevious\": true } } },\n                    \"frame\": [0, 0, 300, 55],\n                    \"margin\": [0, 0, 0, 20]\n                },\n                {\n                    \"type\": \"ui.Button\",\n                    \"formulas\": [$ -> o.visible = $tempFields.inGame]\n                    \"params\": { \n                        \"text\": { \"lcId\": \"A6EE5D6732DD454DDE988B569929C5F2DA62\", \"defaultText\": \"Back to Title\" }, \n                        \"action\": { \"name\": \"createControl\", \"params\": { \"descriptor\": { \n                            \"id\": \"confirmationDialog\",\n                            \"type\": \"ui.ConfirmationDialog\",\n                            \"zIndex\": 90000,\n                            \"params\": { \n                                \"message\": { \"lcId\": \"ABC85CC3669B83481309BDF44B98EF11B59B\", \"defaultText\": \"Do you really want to exit?\" },\n                                \"acceptActions\": [{\"name\": \"switchLayout\", \"params\": { \"name\": \"titleLayout\", \"clear\": true } }] , \n                                \"rejectActions\": [{\"name\":\"disposeControl\",\"params\":($ -> 'confirmationDialog')}]}\n                        } } }\n                    },\n                    \"frame\": [0, 0, 300, 55],\n                    \"margin\": [0, 0, 0, 20]\n                }\n            ]\n        },\n        {\n            \"type\": \"ui.BackButton\",\n            \"frame\": [Graphics.width - 170, Graphics.height - 65, 150, 45]\n        }\n    ]\n}","parentId":"A588F305KAB2DA4236SB838E7FF9BBA890FD","folder":false,"compiledContent":"(function() {\n  ui.UiFactory.customTypes[\"ui.SettingsMenuSlider\"] = {\n    \"type\": \"ui.StackLayout\",\n    \"sizeToFit\": true,\n    \"orientation\": \"vertical\",\n    \"margin\": [10, 10, 0, 0],\n    \"controls\": [\n      {\n        \"type\": \"ui.Text\",\n        \"text\": function() {\n          return p.label;\n        },\n        \"styles\": [\"regularUIText\"],\n        \"frame\": [0, 0, 200, gs.UIConstants.OPTION_BUTTON_H - 40],\n        \"margin\": [0, 0, 50, 0]\n      }, {\n        \"type\": \"ui.Slider\",\n        \"id\": function() {\n          return p.id;\n        },\n        \"frame\": [80, 0, gs.UIConstants.LAYOUT_SETTINGS_WINDOW_W - 110, gs.UIConstants.OPTION_BUTTON_H],\n        \"params\": {\n          \"actions\": [],\n          \"max\": 100,\n          \"write\": (function() {\n            return p.write;\n          }),\n          \"read\": (function() {\n            return p.read;\n          })\n        }\n      }\n    ]\n  };\n\n  ui.UiFactory.customTypes[\"ui.SettingsOptionSet\"] = {\n    \"type\": \"ui.StackLayout\",\n    \"sizeToFit\": true,\n    \"orientation\": \"vertical\",\n    \"margin\": [10, 10, 0, 0],\n    \"controls\": [\n      {\n        \"type\": \"ui.Text\",\n        \"text\": function() {\n          return p.label;\n        },\n        \"styles\": [\"regularUIText\"],\n        \"frame\": [0, 0, 300, gs.UIConstants.OPTION_BUTTON_H - 30]\n      }, {\n        \"type\": \"ui.OptionButtonSet\",\n        \"frame\": [80, 0, 330, gs.UIConstants.OPTION_BUTTON_H],\n        \"params\": {\n          \"actions\": [],\n          \"write\": (function() {\n            return p.write;\n          }),\n          \"read\": (function() {\n            return p.read;\n          }),\n          \"max\": 100,\n          \"onLabel\": (function() {\n            return p.onLabel || \"On\";\n          }),\n          \"onAction\": (function() {\n            return p.onAction;\n          }),\n          \"offLabel\": (function() {\n            return p.offLabel || \"Off\";\n          }),\n          \"offAction\": (function() {\n            return p.offAction;\n          }),\n          \"group\": (function() {\n            return p.group;\n          })\n        }\n      }\n    ]\n  };\n\n  ui.UiFactory.customTypes[\"ui.SettingsStepSlider\"] = {\n    \"type\": \"ui.StackLayout\",\n    \"sizeToFit\": true,\n    \"orientation\": \"vertical\",\n    \"margin\": [10, 10, 0, 0],\n    \"controls\": [\n      {\n        \"type\": \"ui.Text\",\n        \"text\": function() {\n          return p.label;\n        },\n        \"styles\": [\"regularUIText\"],\n        \"frame\": [0, 0, 350, gs.UIConstants.OPTION_BUTTON_H - 30],\n        \"margin\": [0, 0, 0, 0]\n      }, {\n        \"type\": \"ui.StepSlider\",\n        \"frame\": [40, 0, gs.UIConstants.LAYOUT_SETTINGS_WINDOW_W - 150, gs.UIConstants.OPTION_BUTTON_H + 30],\n        \"params\": {\n          \"actions\": [],\n          \"write\": (function() {\n            return p.write;\n          }),\n          \"read\": (function() {\n            return p.read;\n          }),\n          \"steps\": 5,\n          \"data\": function() {\n            return p.data;\n          }\n        }\n      }\n    ]\n  };\n\n  ui.UiFactory.layouts.settingsMenuLayout = {\n    \"type\": \"ui.FreeLayout\",\n    \"frame\": [0, 0, Graphics.width, Graphics.height],\n    \"controls\": [\n      {\n        \"executeFieldFormulas\": true,\n        \"type\": \"ui.Image\",\n        \"image\": function() {\n          return $dataFields.database.system.menuBackground.name || 'bg-generic';\n        },\n        \"frame\": [0, 0, Graphics.width, Graphics.height]\n      }, {\n        \"type\": \"ui.StackLayout\",\n        \"orientation\": \"vertical\",\n        \"sizeToFit\": true,\n        \"alignmentX\": \"center\",\n        \"alignmentY\": \"center\",\n        \"controls\": [\n          {\n            \"type\": \"ui.Button\",\n            \"params\": {\n              \"text\": {\n                \"lcId\": \"149D0E4B8AF8574E5A8BF574FD9A9590B69A\",\n                \"defaultText\": \"General\"\n              },\n              \"action\": {\n                \"event\": \"onMouseClick\",\n                \"name\": \"switchLayout\",\n                \"params\": {\n                  \"name\": \"settingsGeneral\",\n                  \"savePrevious\": true\n                }\n              }\n            },\n            \"frame\": [0, 0, 300, 55],\n            \"margin\": [0, 0, 0, 20]\n          }, {\n            \"type\": \"ui.Button\",\n            \"params\": {\n              \"text\": {\n                \"lcId\": \"6683560332F9274AEE1B5D96FCA020F57DDE\",\n                \"defaultText\": \"Message\"\n              },\n              \"action\": {\n                \"event\": \"onMouseClick\",\n                \"name\": \"switchLayout\",\n                \"params\": {\n                  \"name\": \"settingsMessage\",\n                  \"savePrevious\": true\n                }\n              }\n            },\n            \"frame\": [0, 0, 300, 55],\n            \"margin\": [0, 0, 0, 20]\n          }, {\n            \"type\": \"ui.Button\",\n            \"params\": {\n              \"text\": {\n                \"lcId\": \"92FDB732611153400B595AD7D92206CDC592\",\n                \"defaultText\": \"Audio\"\n              },\n              \"action\": {\n                \"event\": \"onMouseClick\",\n                \"name\": \"switchLayout\",\n                \"params\": {\n                  \"name\": \"settingsAudio\",\n                  \"savePrevious\": true\n                }\n              }\n            },\n            \"frame\": [0, 0, 300, 55],\n            \"margin\": [0, 0, 0, 20]\n          }, {\n            \"type\": \"ui.Button\",\n            \"formulas\": [\n              $(function() {\n                return o.visible = $tempFields.inGame;\n              })\n            ],\n            \"params\": {\n              \"text\": {\n                \"lcId\": \"A6EE5D6732DD454DDE988B569929C5F2DA62\",\n                \"defaultText\": \"Back to Title\"\n              },\n              \"action\": {\n                \"name\": \"createControl\",\n                \"params\": {\n                  \"descriptor\": {\n                    \"id\": \"confirmationDialog\",\n                    \"type\": \"ui.ConfirmationDialog\",\n                    \"zIndex\": 90000,\n                    \"params\": {\n                      \"message\": {\n                        \"lcId\": \"ABC85CC3669B83481309BDF44B98EF11B59B\",\n                        \"defaultText\": \"Do you really want to exit?\"\n                      },\n                      \"acceptActions\": [\n                        {\n                          \"name\": \"switchLayout\",\n                          \"params\": {\n                            \"name\": \"titleLayout\",\n                            \"clear\": true\n                          }\n                        }\n                      ],\n                      \"rejectActions\": [\n                        {\n                          \"name\": \"disposeControl\",\n                          \"params\": $(function() {\n                            return 'confirmationDialog';\n                          })\n                        }\n                      ]\n                    }\n                  }\n                }\n              }\n            },\n            \"frame\": [0, 0, 300, 55],\n            \"margin\": [0, 0, 0, 20]\n          }\n        ]\n      }, {\n        \"type\": \"ui.BackButton\",\n        \"frame\": [Graphics.width - 170, Graphics.height - 65, 150, 45]\n      }\n    ]\n  };\n\n}).call(this);\n","index":64},"summary":["name","type","order"]}