{"uid":"056C3A1FK171FA46C3SAD66E3F715367DB7C","isLoaded":true,"lastModificationTime":1427833915209,"items":{"name":"Main","type":"game_script","order":7,"content":"# ===================================================================\n#\n#   Script: Main\n#   Created on: 2013-05-12                       0\n#\n# ===================================================================\n#\n#   Entry point of your game.\n#\n# ===================================================================\n\nclass Main\n    ###*\n    * Defines the boot-process of the game.\n    *\n    * @module ui\n    * @class Main\n    * @memberof ui\n    * @constructor\n    ###\n    constructor: ->\n        window.$ = jQuery.noConflict()\n        @languagesLoaded = no\n        @frameCallback = (time) => \n            try\n                if $PARAMS.showDebugInfo\n                    window.startTime = if window.performance? then window.performance.now() else Date.now()\n                   \n                SceneManager.update()\n                Graphics.frameCount++\n                \n                if $PARAMS.showDebugInfo\n                    if not @debugSprite? then @debugSprite = new Sprite_Debug()\n              \n                    window.endTime = if window.performance? then window.performance.now() else Date.now()\n                    if Graphics.frameCount % 30 == 0\n                        @debugSprite.frameTime = (endTime - startTime)\n                        @debugSprite.redraw()\n            catch ex\n                if $PARAMS.preview or GameManager.inLivePreview\n                    $PARAMS.preview = error: ex\n                \n                console.log(ex)\n                throw ex\n    \n    ###*\n    * Loads all system resources needed to start the actual game.\n    *\n    * @method load\n    * @param {Function} callback - Called when all system resources are loaded.\n    ###                \n    load: (callback) ->\n        if not $PARAMS.test?\n            DataManager.getDocument(\"RESOURCES\")\n        DataManager.getDocument(\"SUMMARIES\")\n        Live2D.init()\n        Live2DFramework.setPlatformManager(new L2DPlatformManager())\n        \n        DataManager.events.on \"loaded\", ->\n            GameManager.tempFields = new gs.GameTemp()\n            window.$tempFields = GameManager.tempFields\n            \n            if @languagesLoaded\n                RecordManager.prepare()\n                \n                \n                settings = GameStorage.getObject(\"settings\")\n                \n                if not settings? or settings.version != 337\n                    GameManager.resetSettings()\n                    settings = GameManager.settings\n                    \n                GameManager.globalData = GameStorage.getObject(\"globalData\")\n                GameManager.settings = settings\n                GameManager.settings.fullscreen = Graphics.isFullscreen()\n                \n                AudioManager.generalSoundVolume = settings.seVolume\n                AudioManager.generalMusicVolume = settings.bgmVolume\n                AudioManager.generalVoiceVolume = settings.voiceVolume\n                \n                Graphics.keepRatio = !settings.adjustAspectRatio\n                Graphics.onResize()\n                    \n                settings.renderer = 1\n                GameStorage.setObject(\"settings\", settings)\n        \n                ResourceManager.loadFonts()\n                ResourceLoader.loadSystemSounds(RecordManager.system)\n                ResourceLoader.loadSystemGraphics(RecordManager.system)\n                LanguageManager.initialize()\n                for character, i in RecordManager.characters\n                    if character and !GameManager.settings.voicesByCharacter[i]\n                        GameManager.settings.voicesByCharacter[i] = 100\n                for cg, i in RecordManager.cgGallery\n                    if cg? and !GameManager.globalData.cgGallery[i]\n                        GameManager.globalData.cgGallery[i] = { unlocked: no }        \n                \n                if RecordManager.system.mouseSupport\n                    Input.Mouse.initialize()\n            else\n                RecordManager.load()\n                DataManager.getDocumentsByType(\"language_profile\")\n                DataManager.getDocumentsByType(\"vn.chapter\")\n                \n            if @languagesLoaded\n                for language in LanguageManager.languages\n                    if language.icon? and language.icon.name? and language.icon.name.length > 0\n                        ResourceManager.getBitmap(\"Graphics/Icons/#{language.icon.name}\")\n                gs.Fonts.initialize()\n                \n                DataManager.events.off \"loaded\"\n                ResourceManager.events.on \"loaded\", => \n                    if RecordManager.system.cursor?.name\n                        bitmap = ResourceManager.getBitmap(\"Graphics/Pictures/#{RecordManager.system.cursor.name}\")\n                        Graphics.setCursorBitmap(bitmap, RecordManager.system.cursor.hx, RecordManager.system.cursor.hy)\n                    ResourceManager.events.off \"loaded\"\n                    ui.UIManager.setup()\n                    callback()\n                    \n            \n            @languagesLoaded = yes\n    \n    ###*\n    * Boots the game.\n    *\n    * @method start\n    ###  \n    start: ->\n        window.ResourceManager = new window.ResourceManager()\n        window.DataManager = new window.DataManager()\n        \n        # Force OpenGL renderer\n        window.Graphics = new Graphics_OpenGL()\n        window.gs.Graphics = window.Graphics\n        window.Renderer = window.Renderer_OpenGL\n        \n        # Force linear filtering\n        Texture2D.filter = 1\n        \n        try\n            Graphics.initialize($PARAMS.resolution.width, $PARAMS.resolution.height, document.body)\n        catch ex\n            console.log(ex)\n           \n        Graphics.onDispose = => ResourceManager.dispose()\n        Input.initialize()\n      \n        Graphics.formats = [320, 384, 427]\n        Font.defaultSize = Math.round(9 / 240 * Graphics.height)\n        Graphics.scale = 0.5 / 240 * Graphics.height\n      \n        #$PARAMS.showDebugInfo = yes\n       \n        window.startTime = 0\n        Graphics.onEachFrame(@frameCallback)\n    \n        @load ->\n            if $PARAMS.preview? or (RecordManager.system.useIntroScene and RecordManager.system.introInfo?.scene?)\n                scene = new vn.Object_Scene() #new gs.Object_Layout(\"titleLayout\")\n                scene.sceneData.uid = $PARAMS.preview?.scene.uid || RecordManager.system.introInfo.scene.uid\n                scene.events.on \"dispose\", (e) -> \n                    GameManager.sceneData.uid = null\n            else\n                scene = new gs.Object_Layout(\"languageMenuLayout\")\n                \n            SceneManager.switchTo(scene)\n\ngs.Main = new Main() \n$(document).ready -> gs.Main.start()\n                \n    \n \n","compiledContent":"(function() {\n  var Main;\n\n  Main = (function() {\n\n    /**\n    * Defines the boot-process of the game.\n    *\n    * @module ui\n    * @class Main\n    * @memberof ui\n    * @constructor\n     */\n    function Main() {\n      window.$ = jQuery.noConflict();\n      this.languagesLoaded = false;\n      this.frameCallback = (function(_this) {\n        return function(time) {\n          var error, ex;\n          try {\n            if ($PARAMS.showDebugInfo) {\n              window.startTime = window.performance != null ? window.performance.now() : Date.now();\n            }\n            SceneManager.update();\n            Graphics.frameCount++;\n            if ($PARAMS.showDebugInfo) {\n              if (_this.debugSprite == null) {\n                _this.debugSprite = new Sprite_Debug();\n              }\n              window.endTime = window.performance != null ? window.performance.now() : Date.now();\n              if (Graphics.frameCount % 30 === 0) {\n                _this.debugSprite.frameTime = endTime - startTime;\n                return _this.debugSprite.redraw();\n              }\n            }\n          } catch (error) {\n            ex = error;\n            if ($PARAMS.preview || GameManager.inLivePreview) {\n              $PARAMS.preview = {\n                error: ex\n              };\n            }\n            console.log(ex);\n            throw ex;\n          }\n        };\n      })(this);\n    }\n\n\n    /**\n    * Loads all system resources needed to start the actual game.\n    *\n    * @method load\n    * @param {Function} callback - Called when all system resources are loaded.\n     */\n\n    Main.prototype.load = function(callback) {\n      if ($PARAMS.test == null) {\n        DataManager.getDocument(\"RESOURCES\");\n      }\n      DataManager.getDocument(\"SUMMARIES\");\n      Live2D.init();\n      Live2DFramework.setPlatformManager(new L2DPlatformManager());\n      return DataManager.events.on(\"loaded\", function() {\n        var cg, character, i, j, k, l, language, len, len1, len2, ref, ref1, ref2, settings;\n        GameManager.tempFields = new gs.GameTemp();\n        window.$tempFields = GameManager.tempFields;\n        if (this.languagesLoaded) {\n          RecordManager.prepare();\n          settings = GameStorage.getObject(\"settings\");\n          if ((settings == null) || settings.version !== 337) {\n            GameManager.resetSettings();\n            settings = GameManager.settings;\n          }\n          GameManager.globalData = GameStorage.getObject(\"globalData\");\n          GameManager.settings = settings;\n          GameManager.settings.fullscreen = Graphics.isFullscreen();\n          AudioManager.generalSoundVolume = settings.seVolume;\n          AudioManager.generalMusicVolume = settings.bgmVolume;\n          AudioManager.generalVoiceVolume = settings.voiceVolume;\n          Graphics.keepRatio = !settings.adjustAspectRatio;\n          Graphics.onResize();\n          settings.renderer = 1;\n          GameStorage.setObject(\"settings\", settings);\n          ResourceManager.loadFonts();\n          ResourceLoader.loadSystemSounds(RecordManager.system);\n          ResourceLoader.loadSystemGraphics(RecordManager.system);\n          LanguageManager.initialize();\n          ref = RecordManager.characters;\n          for (i = j = 0, len = ref.length; j < len; i = ++j) {\n            character = ref[i];\n            if (character && !GameManager.settings.voicesByCharacter[i]) {\n              GameManager.settings.voicesByCharacter[i] = 100;\n            }\n          }\n          ref1 = RecordManager.cgGallery;\n          for (i = k = 0, len1 = ref1.length; k < len1; i = ++k) {\n            cg = ref1[i];\n            if ((cg != null) && !GameManager.globalData.cgGallery[i]) {\n              GameManager.globalData.cgGallery[i] = {\n                unlocked: false\n              };\n            }\n          }\n          if (RecordManager.system.mouseSupport) {\n            Input.Mouse.initialize();\n          }\n        } else {\n          RecordManager.load();\n          DataManager.getDocumentsByType(\"language_profile\");\n          DataManager.getDocumentsByType(\"vn.chapter\");\n        }\n        if (this.languagesLoaded) {\n          ref2 = LanguageManager.languages;\n          for (l = 0, len2 = ref2.length; l < len2; l++) {\n            language = ref2[l];\n            if ((language.icon != null) && (language.icon.name != null) && language.icon.name.length > 0) {\n              ResourceManager.getBitmap(\"Graphics/Icons/\" + language.icon.name);\n            }\n          }\n          gs.Fonts.initialize();\n          DataManager.events.off(\"loaded\");\n          ResourceManager.events.on(\"loaded\", (function(_this) {\n            return function() {\n              var bitmap, ref3;\n              if ((ref3 = RecordManager.system.cursor) != null ? ref3.name : void 0) {\n                bitmap = ResourceManager.getBitmap(\"Graphics/Pictures/\" + RecordManager.system.cursor.name);\n                Graphics.setCursorBitmap(bitmap, RecordManager.system.cursor.hx, RecordManager.system.cursor.hy);\n              }\n              ResourceManager.events.off(\"loaded\");\n              ui.UIManager.setup();\n              return callback();\n            };\n          })(this));\n        }\n        return this.languagesLoaded = true;\n      });\n    };\n\n\n    /**\n    * Boots the game.\n    *\n    * @method start\n     */\n\n    Main.prototype.start = function() {\n      var error, ex;\n      window.ResourceManager = new window.ResourceManager();\n      window.DataManager = new window.DataManager();\n      window.Graphics = new Graphics_OpenGL();\n      window.gs.Graphics = window.Graphics;\n      window.Renderer = window.Renderer_OpenGL;\n      Texture2D.filter = 1;\n      try {\n        Graphics.initialize($PARAMS.resolution.width, $PARAMS.resolution.height, document.body);\n      } catch (error) {\n        ex = error;\n        console.log(ex);\n      }\n      Graphics.onDispose = (function(_this) {\n        return function() {\n          return ResourceManager.dispose();\n        };\n      })(this);\n      Input.initialize();\n      Graphics.formats = [320, 384, 427];\n      Font.defaultSize = Math.round(9 / 240 * Graphics.height);\n      Graphics.scale = 0.5 / 240 * Graphics.height;\n      window.startTime = 0;\n      Graphics.onEachFrame(this.frameCallback);\n      return this.load(function() {\n        var ref, ref1, scene;\n        if (($PARAMS.preview != null) || (RecordManager.system.useIntroScene && (((ref = RecordManager.system.introInfo) != null ? ref.scene : void 0) != null))) {\n          scene = new vn.Object_Scene();\n          scene.sceneData.uid = ((ref1 = $PARAMS.preview) != null ? ref1.scene.uid : void 0) || RecordManager.system.introInfo.scene.uid;\n          scene.events.on(\"dispose\", function(e) {\n            return GameManager.sceneData.uid = null;\n          });\n        } else {\n          scene = new gs.Object_Layout(\"languageMenuLayout\");\n        }\n        return SceneManager.switchTo(scene);\n      });\n    };\n\n    return Main;\n\n  })();\n\n  gs.Main = new Main();\n\n  $(document).ready(function() {\n    return gs.Main.start();\n  });\n\n}).call(this);\n","parentId":"ROOT"},"summary":["name","type","order"]}