{"uid":"07DDA19152517122","isLoaded":true,"lastModificationTime":1424023479940,"items":{"name":"Script","type":"event_command","displayName":"$$P79","id":"gs.Script","group":"$$2DCE5AEAK657FA4F5BS8EC3EA543DC123D24","fullSizeItems":[{"valueFormula":"return p.script || lcs('F3B340E8330A7043718935766F8C2662A67D');","type":"GSQTextArea","attribute":"script","defaultValue":""}],"rawContent":"{\n    \"displayName\": \"$$P79\",\n    \"id\": \"gs.Script\",\n    \"group\": \"$$2DCE5AEAK657FA4F5BS8EC3EA543DC123D24\",\n    \"fullSizeItems\": [\n        {\n            \"valueFormula\": \"return p.script || lcs('F3B340E8330A7043718935766F8C2662A67D');\",\n            \"type\": \"GSQTextArea\",\n            \"attribute\": \"script\",\n            \"defaultValue\": \"\"\n        }\n    ]\n}","parentId":"97163D89K8F9DA45ADSA51CE47DE4ECE311C","order":9},"summary":["name","type"]}