{"uid":"07DDB0814131C342","isLoaded":true,"lastModificationTime":1425586356029,"items":{"parentId":"AC1ABDCBK050BA4863S9964E3DC378247DAD","name":"Local Variables Section","type":"custom_view","windowSize":{"w":300},"sectionSpacing":[0,0],"collapsibleSections":false,"sections":[{"name":"Local Variables","noBorder":true,"layout":{"type":"dynamicGrid","spacing":[0,0,0,0]},"items":[{"type":"GSTable","identifier":"localVariables","emptyItem":true,"dialog":{"uid":"07DDA020D242A05E"},"contextMenu":[{"name":"$$CB6C9B29KB2B1A4F74S836CEC1C73480A0B0","selector":"addItemUsingDialog"},{"separator":true},{"name":"$$P71","selector":"cutItem:"},{"name":"$$P72","selector":"copyItem:"},{"name":"$$P73","selector":"pasteItem:"},{"name":"$$P49","selector":"deleteItem:"}],"columns":[{"identifier":"variable","attribute":"variable","text":"$$8FDA6DB8K3D9DA4768SAEFEE8D5AC4132CBF","width":125,"content":"return scase(d.type, [0, 1, 2, 3, 4], [lcs('8EA70A23KF159A4D5ESA366ED63FD937587F'), fmtNumVar(d.numberVariable), fmtBoolVar(d.booleanVariable), fmtStrVar(d.stringVariable), fmt('[%s, %s, %s]', fmtStrVar(d.mapUidVariable), fmtNumVar(d.mapVariableX), fmtNumVar(d.mapVariableY))]);"},{"identifier":"type","attribute":"type","text":"$$BD058CE5KA3B8A41C6S9B32ECEC674F8EC05","width":125,"content":"return scase(d.type, [0, 1, 2, 3, 4], [lcs('8EA70A23KF159A4D5ESA366ED63FD937587F'), lcs('C287D490K9B01A4407SA616EF2726CA43B52'), lcs('A8B1ECD7K09BAA4FFESB501EEF84B2699ED9'), lcs('CEA96B0BK6FBBA416BSB00FEDF96A1248489'), lcs('P77')]);"},{"identifier":"label","attribute":"label","text":"$$DE90FBDDKDCE8A4CAASA1C1E982F7D417C1C","width":125,"content":"return d.label || '';"}],"attribute":"parameters","location":{"x":0,"y":0},"size":{"w":-1,"h":150}}]}],"rawContent":"{\n    \"parentId\": \"AC1ABDCBK050BA4863S9964E3DC378247DAD\",\n\"name\": \"Local Variables Section\",\n    \"type\": \"custom_view\",\n    \"windowSize\": {\n        \"w\": 300\n    },\n    \"sectionSpacing\": [\n        0,\n        0\n    ],\n    \"collapsibleSections\": false,\n    \"sections\": [\n        {\n            \"name\": \"Local Variables\",\n            \"noBorder\": true,\n            \"layout\": {\n                \"type\": \"dynamicGrid\",\n                \"spacing\": [\n                    0,\n                    0,\n                    0,\n                    0\n                ]\n            },\n            \"items\": [\n                {\n                    \"type\": \"GSTable\",\n                    \"identifier\": \"localVariables\",\n                    \"emptyItem\": true,\n                    \"dialog\": {\n                        \"uid\": \"07DDA020D242A05E\"\n                    },\n                    \"contextMenu\": [\n                        {\n                            \"name\": \"$$CB6C9B29KB2B1A4F74S836CEC1C73480A0B0\",\n                            \"selector\": \"addItemUsingDialog\"\n                        },\n                        {\n                            \"separator\": true\n                        },\n                        {\n                            \"name\": \"$$P71\",\n                            \"selector\": \"cutItem:\"\n                        },\n                        {\n                            \"name\": \"$$P72\",\n                            \"selector\": \"copyItem:\"\n                        },\n                        {\n                            \"name\": \"$$P73\",\n                            \"selector\": \"pasteItem:\"\n                        },\n                        {\n                            \"name\": \"$$P49\",\n                            \"selector\": \"deleteItem:\"\n                        }\n                    ],\n                    \"columns\": [\n                        {\n                            \"identifier\": \"variable\",\n                            \"attribute\": \"variable\",\n                            \"text\": \"$$8FDA6DB8K3D9DA4768SAEFEE8D5AC4132CBF\",\n                            \"width\": 125,\n                            \"content\": \"return scase(d.type, [0, 1, 2, 3, 4], [lcs('8EA70A23KF159A4D5ESA366ED63FD937587F'), fmtNumVar(d.numberVariable), fmtBoolVar(d.booleanVariable), fmtStrVar(d.stringVariable), fmt('[%s, %s, %s]', fmtStrVar(d.mapUidVariable), fmtNumVar(d.mapVariableX), fmtNumVar(d.mapVariableY))]);\"\n                        },\n                        {\n                            \"identifier\": \"type\",\n                            \"attribute\": \"type\",\n                            \"text\": \"$$BD058CE5KA3B8A41C6S9B32ECEC674F8EC05\",\n                            \"width\": 125,\n                            \"content\": \"return scase(d.type, [0, 1, 2, 3, 4], [lcs('8EA70A23KF159A4D5ESA366ED63FD937587F'), lcs('C287D490K9B01A4407SA616EF2726CA43B52'), lcs('A8B1ECD7K09BAA4FFESB501EEF84B2699ED9'), lcs('CEA96B0BK6FBBA416BSB00FEDF96A1248489'), lcs('P77')]);\"\n                        },\n                        {\n                            \"identifier\": \"label\",\n                            \"attribute\": \"label\",\n                            \"text\": \"$$DE90FBDDKDCE8A4CAASA1C1E982F7D417C1C\",\n                            \"width\": 125,\n                            \"content\": \"return d.label || '';\"\n                        }\n                    ],\n                    \"attribute\": \"parameters\",\n                    \"location\": {\n                        \"x\": 0,\n                        \"y\": 0\n                    },\n                    \"size\": {\n                        \"w\": -1,\n                        \"h\": 150\n                    }\n                }\n            ]\n        }\n    ]\n}"},"summary":["name","type"]}