{"uid":"07DDB01111C050E2","isLoaded":true,"lastModificationTime":1428162370190,"items":{"name":"Tint Screen","type":"event_command","parentId":"85446216KA82AA4A7DS8F25E541AB7EFA66A","order":0,"windowTitle":"$$P22","title":"$$P22","id":"gs.TintScreen","group":"$$0620EF3CK3406A4B70SA1ACE3750D5C17E57","windowSize":{"w":380},"nodes":[{"name":"return GS.ECH.textForTintScreen(p);","id":"gs.TintScreen"}],"defaultValue":{"tone":{"red":0,"green":0,"blue":0,"grey":0},"duration":0,"waitForCompletion":0},"quickItems":[{"label":"Tone","valueFormula":"return p.tone.red + ', ' + p.tone.green + ', ' + p.tone.blue + ', '+p.tone.grey; ","attribute":"tone","type":"GSQPopupField","dataAttribute":"tone","dialog":{"uid":"07DDB01111532274","parameters":{}}},{"label":"Duration","valueFormula":"return fmtDuration(fmtNumVar(p.duration))","valueTranslator":{"write":"return v / 1000 * GS.CONST.GAME_FRAME_RATE","read":"return ROUND(v / GS.CONST.GAME_FRAME_RATE * 1000)"},"type":"GSQStepper","attribute":"duration","identifier":"duration","variableButton":{"dataSource":"numbers"},"minimum":0,"maximum":9999999},{"type":"GSQPopupField","attribute":"waitForCompletion","identifier":"waitForCompletion","dataSource":["Continue","Wait"],"valueFormula":"return (p.waitForCompletion ? 'Wait' : 'Continue')"}],"sections":[],"rawContent":"{\n    \"parentId\": \"AFAD6CEFK59C1A4298SBABFE7AEC1B964622\",\n    \"displayName\": \"$$P22\",\n    \"windowTitle\": \"$$P22\",\n    \"type\": \"event_command\",\n    \"title\": \"$$P22\",\n    \"id\": \"gs.TintScreen\",\n    \"group\": \"$$0620EF3CK3406A4B70SA1ACE3750D5C17E57\",\n    \"windowSize\": {\n        \"w\": 380\n    },\n    \"nodes\": [\n        {\n            \"name\": \"return GS.ECH.textForTintScreen(p);\",\n            \"id\": \"gs.TintScreen\"\n        }\n    ],\n    \"defaultValue\": { \"tone\": { \"red\": 0, \"green\": 0, \"blue\": 0, \"grey\": 0 }, \"duration\": 0, \"waitForCompletion\": 0 },\n    \"quickItems\": [\n        GSQ.CONTROLS.TONE,\n        GSQ.CONTROLS.DURATION, GSQ.CONTROLS.WAIT_FOR_COMPLETION\n    ],\n    \"sections\": [\n    ]\n}"},"summary":["name","type"]}