{"uid":"07DDB0F121D170B0","isLoaded":true,"lastModificationTime":1424023483571,"items":{"name":"Rotate Text","type":"event_command","parentId":"B384159EK3827A45E9S93E0E2345AAFC3787","order":2,"windowTitle":"$$556688C4K4E6DA44C5S98AAE162C82E6F499","id":"gs.RotateText","group":"$$CEA96B0BK6FBBA416BSB00FEDF96A1248489","windowSize":{"w":400,"h":400},"columns":[400],"defaultValue":{"number":0,"duration":0,"waitForCompletion":0,"speed":0,"direction":0,"easing":{"type":0,"inOut":1}},"quickItems":[{"label":"Number","identifier":"number","variableButton":{"dataSource":"numbers"},"type":"GSQStepper","attribute":"number","minimum":0,"maximum":9999999},{"label":"Direction","valueFormula":"return p.direction == 0 ? 'Clockwise' : 'Counterclockwise';","type":"GSQPopupField","attribute":"direction","dataSource":["Clockwise","Counterclockwise"]},{"label":"Speed","type":"GSQStepper","variableButton":{"dataSource":"numbers"},"attribute":"speed","minimum":-1000,"maximum":1000},{"label":"Duration","valueFormula":"return fmtDuration(fmtNumVar(p.duration))","valueTranslator":{"write":"return v / 1000 * GS.CONST.GAME_FRAME_RATE","read":"return ROUND(v / GS.CONST.GAME_FRAME_RATE * 1000)"},"type":"GSQStepper","attribute":"duration","identifier":"duration","variableButton":{"dataSource":"numbers"},"minimum":0,"maximum":9999999},{"type":"GSQPopupField","attribute":"waitForCompletion","identifier":"waitForCompletion","dataSource":["Continue","Wait"],"valueFormula":"return (p.waitForCompletion ? 'Wait' : 'Continue')"}],"expandedView":{"columns":[{"sections":[{"label":"Effects","rows":[{"items":[{"label":"Easing","type":"GSQPopupField","attribute":"easing.type","width":"50%","dataSource":["Linear","Ease Quadratic","Ease Quartic","Ease Cubic","Ease Quintic","Ease Sinusoidal","Ease Exponential","Ease Circula"],"valueFormula":"return GS.CONST.EASING_TYPES[p.easing.type]"},{"label":"","width":"auto","type":"GSQPopupField","attribute":"easing.inOut","dataSource":["Out","In","In/Out"],"valueFormula":"return GS.CONST.EASING_IN_OUT[p.easing.inOut]"}]}]}]}]},"nodes":[{"name":"return GS.ECH.textForRotateText(p)","id":"gs.RotateText"}],"sectionSpacing":[0,0],"sections":[],"rawContent":"{\n    \"parentId\": \"AFAD6CEFK59C1A4298SBABFE7AEC1B964622\",\n    \"displayName\": \"$$556688C4K4E6DA44C5S98AAE162C82E6F499\",\n    \"windowTitle\": \"$$556688C4K4E6DA44C5S98AAE162C82E6F499\",\n    \"type\": \"event_command\",\n    \"id\": \"gs.RotateText\",\n    \"group\": \"$$CEA96B0BK6FBBA416BSB00FEDF96A1248489\",\n    \"windowSize\": {\n        \"w\": 400,\n        \"h\": 400\n    },\n    \"columns\": [\n        400\n    ],\n    \"defaultValue\": { \"number\": 0, \"duration\": 0, \"waitForCompletion\": 0, \"speed\": 0,  \"direction\": 0, \"easing\": { \"type\": 0, \"inOut\": 1 }},\n    \"quickItems\": [\n        GSQ.CONTROLS.GRAPHIC_OBJECT_NUMBER,\n        {\n            \"label\": \"$$3B6E3A17K6F8EA4293SA0DEE5AB73AC51CB8\",\n            \"valueFormula\": \"return p.direction == 0 ? 'Clockwise' : 'Counterclockwise';\",\n            \"type\": \"GSQPopupField\",\n            \"attribute\": \"direction\",\n            \"dataSource\": [\"Clockwise\", \"Counterclockwise\"]\n        },\n        {\n            \"label\": \"$$D61D429627E27449B86881C3DE0446316091\",\n            \"type\": \"GSQStepper\",\n            \"variableButton\": { \"dataSource\": \"numbers\" },\n            \"attribute\": \"speed\",\n            \"minimum\": -1000,\n            \"maximum\": 1000\n        },\n        GSQ.CONTROLS.DURATION,\n        GSQ.CONTROLS.WAIT_FOR_COMPLETION\n    ],\n    \"expandedView\": {\n        \"columns\": [\n            {\n                \"sections\": [\n                    {\n                        \"label\": \"$$4B6665ACK640FA4A19S89F1E4F1070280626\",\n                        \"rows\": [\n                            GSQ.ROWS.EASING\n                        ]\n                    } \n                ]\n            }\n        ]\n        \n    },\n    \"nodes\": [\n        {\n            \"name\": \"return GS.ECH.textForRotateText(p)\",\n            \"id\": \"gs.RotateText\"\n        }\n    ],\n    \"sectionSpacing\": [\n        0,\n        0\n    ],\n    \"sections\": [\n    ]\n}"},"summary":["name","type"]}