{"uid":"07DD81514071107B","lastModificationTime":1405801488285,"items":{"name":"System","type":"DataRecordCollection","records":[{"name":"System","index":"0","actor1":0,"actor2":0,"actor3":0,"actor4":0,"globalEvents":[{"name":"Player","id":500000,"pages":[],"global":true,"x":10,"y":8,"mapUid":"EBEFB11452CB154F856998E35C9046C80AC2"}],"languages":[{"name":"German","icon":{"name":"Germany"},"uid":"07DDA0716161F104"}],"menuAccessable":false,"saveMenuAccessable":false,"titleGraphic":{"name":"KorteX_Title","hue":0,"opacity":255},"gameOverGraphic":{"name":"KorteX_Title","hue":0,"opacity":255},"battleView":0,"titleMusic":{"name":""},"gameOverMusic":{"name":""},"menuCursorSound":{"name":""},"menuSelectSound":{"name":""},"menuBuzzerSound":{"name":""},"windowSkinGraphic":{"name":"Window","hue":0,"opacity":255},"windowSkinTone":{"red":-126,"green":-57,"blue":24,"grey":0},"nameFont":{"decoration":{"type":0,"color":{"red":0,"green":0,"blue":0,"alpha":255}},"name":"Minecraftia","color":{"red":255,"green":255,"blue":255,"alpha":255}},"messageFont":{"decoration":{"type":0,"color":{"red":0,"green":0,"blue":0,"alpha":255}},"name":"Minecraftia","color":{"red":255,"green":255,"blue":255,"alpha":255}},"uiFont":{"decoration":{"type":0,"color":{"red":0,"green":0,"blue":0,"alpha":255}},"name":"Minecraftia","color":{"red":255,"green":255,"blue":255,"alpha":255}},"vocabulary":{"newGame":"New Game","continue":"Continue","endGame":"End Game"},"color1":{"red":0,"green":0,"blue":0,"alpha":255},"color2":{"red":0,"green":0,"blue":0,"alpha":255},"color3":{"red":0,"green":0,"blue":0,"alpha":255},"color4":{"red":0,"green":0,"blue":0,"alpha":255},"color5":{"red":0,"green":0,"blue":0,"alpha":255},"color6":{"red":0,"green":0,"blue":0,"alpha":255},"color7":{"red":0,"green":0,"blue":0,"alpha":255},"color8":{"red":0,"green":0,"blue":0,"alpha":255},"lpGaugeColor1":{"red":0,"green":0,"blue":0,"alpha":255},"lpGaugeColor2":{"red":0,"green":0,"blue":0,"alpha":255},"mpGaugeColor1":{"red":0,"green":0,"blue":0,"alpha":255},"mpGaugeColor2":{"red":0,"green":0,"blue":0,"alpha":255},"lvGaugeColor1":{"red":0,"green":0,"blue":0,"alpha":255},"lvGaugeColor2":{"red":0,"green":0,"blue":0,"alpha":255},"eventIdCounter":500001,"startMap":{"location":{"x":0,"y":0}},"gameTitle":"Sample Game","resolution":0,"gameUid":"C1530BE118A2704DCE9B40E0F4CFC2E481C0"}],"viewUid":"07DDB1A132032262"},"summary":["name","type"]}