{"uid":"07DD3101101381D6","lastModificationTime":1401039193777,"items":{"name":"Enemies","type":"DataRecordCollection","records":[{"name":"Wolf","index":0,"params":[50000,1,50,10,1,1,1,1],"dropItems":[{"dropType":1,"itemId":0,"propability":5,"condition":{"state":false,"switch":false}},{"dropType":1,"itemId":0,"propability":10,"condition":{"state":false,"switch":true,"switchId":{"name":"My Switch","scope":1,"index":0}}}],"graphic":{"name":""},"exp":50,"gold":100,"actionPatterns":[{"code":0,"id":"Attack","value1":null,"value2":0,"skillId":0,"rate":5,"conditionText":"Always"}],"features":[],"note":"","money":100,"properties":[],"standAnimationId":0,"prepareAttackAnimationId":0,"preMagicAnimationId":0,"guardAnimationId":0,"attackAnimationId":0,"magicAnimationId":0,"itemAnimationId":0,"damageAnimationId":0,"deathAnimationId":0,"badStatusAnimationId":0}],"viewUid":"07DDB1A13203225D"},"summary":["name","type"]}