{"uid":"07DD310013A1E39D","lastModificationTime":1400887412051,"items":{"name":"Armors","type":"DataRecordCollection","records":[{"name":"Bronze Plate","index":0,"params":[0,0,0,50,0,0,0,0],"icon":{"name":""},"description":"","price":0,"effects":[],"note":"","features":[],"equipType":2,"armorType":0,"properties":[]},{"name":"Steel Plate","index":1,"params":[-5000,-5000,-500,-500,-500,-500,-500,-500],"icon":{"name":""},"description":"","armorType":1,"price":0,"equipType":0,"properties":[],"note":""},{"name":"","index":2,"params":[-5000,-5000,-500,-500,-500,-500,-500,-500],"icon":{"name":""},"description":"","armorType":0,"price":0,"equipType":0,"properties":[],"note":""},{"name":"","index":3},{"name":"","index":4}],"viewUid":"07DDB1A13203225C"},"summary":["name","type"]}