{"uid":"07DDB0F1223153A7","isLoaded":true,"lastModificationTime":1424023483622,"items":{"name":"Color Text","type":"event_command","parentId":"B384159EK3827A45E9S93E0E2345AAFC3787","order":4,"windowTitle":"$$651F88DBKD292A4924S8991E43E74AE4A4D8","id":"gs.ColorText","group":"$$CEA96B0BK6FBBA416BSB00FEDF96A1248489","windowSize":{"w":400,"h":400},"columns":[400],"nodes":[{"name":"return GS.ECH.textForColorText(p)","id":"gs.ColorText"}],"defaultValue":{"number":0,"easing":{"type":0,"inOut":1},"color":{"red":255,"green":255,"blue":255,"alpha":255},"duration":0,"waitForCompletion":0},"quickItems":[{"label":"Number","identifier":"number","variableButton":{"dataSource":"numbers"},"type":"GSQStepper","attribute":"number","minimum":0,"maximum":9999999},{"label":"Color","valueFormula":"return p.color.red + ', ' + p.color.green + ', ' + p.color.blue + ', '+p.color.alpha; ","attribute":"color","type":"GSQPopupField","dataAttribute":"color","dialog":{"uid":"07DDB0112342C01F","parameters":{}}},{"label":"Duration","valueFormula":"return fmtDuration(fmtNumVar(p.duration))","valueTranslator":{"write":"return v / 1000 * GS.CONST.GAME_FRAME_RATE","read":"return ROUND(v / GS.CONST.GAME_FRAME_RATE * 1000)"},"type":"GSQStepper","attribute":"duration","identifier":"duration","variableButton":{"dataSource":"numbers"},"minimum":0,"maximum":9999999},{"type":"GSQPopupField","attribute":"waitForCompletion","identifier":"waitForCompletion","dataSource":["Continue","Wait"],"valueFormula":"return (p.waitForCompletion ? 'Wait' : 'Continue')"}],"expandedView":{"columns":[{"sections":[{"label":"Effects","rows":[{"items":[{"label":"Easing","type":"GSQPopupField","attribute":"easing.type","width":"50%","dataSource":["Linear","Ease Quadratic","Ease Quartic","Ease Cubic","Ease Quintic","Ease Sinusoidal","Ease Exponential","Ease Circula"],"valueFormula":"return GS.CONST.EASING_TYPES[p.easing.type]"},{"label":"","width":"auto","type":"GSQPopupField","attribute":"easing.inOut","dataSource":["Out","In","In/Out"],"valueFormula":"return GS.CONST.EASING_IN_OUT[p.easing.inOut]"}]}]}]}]},"sections":[],"rawContent":"{\n    \"parentId\": \"AFAD6CEFK59C1A4298SBABFE7AEC1B964622\",\n    \"displayName\": \"$$651F88DBKD292A4924S8991E43E74AE4A4D8\",\n    \"windowTitle\": \"$$651F88DBKD292A4924S8991E43E74AE4A4D8\",\n    \"type\": \"event_command\",\n    \"id\": \"gs.ColorText\",\n    \"group\": \"$$CEA96B0BK6FBBA416BSB00FEDF96A1248489\",\n    \"windowSize\": {\n        \"w\": 400,\n        \"h\": 400\n    },\n    \"columns\": [\n        400\n    ],\n    \"nodes\": [\n        {\n            \"name\": \"return GS.ECH.textForColorText(p)\",\n            \"id\": \"gs.ColorText\"\n        }\n    ],\n    \"defaultValue\": { \"number\": 0, \"easing\": { \"type\": 0, \"inOut\": 1 }, \"color\": { \"red\": 255, \"green\": 255, \"blue\": 255, \"alpha\": 255 }, \"duration\": 0, \"waitForCompletion\": 0 },\n    \"quickItems\": [\n        GSQ.CONTROLS.GRAPHIC_OBJECT_NUMBER,\n        GSQ.CONTROLS.COLOR,\n        GSQ.CONTROLS.DURATION, GSQ.CONTROLS.WAIT_FOR_COMPLETION\n    ],\n    \"expandedView\": {\n        \"columns\": [\n            {\n                \"sections\": [\n                    {\n                        \"label\": \"$$4B6665ACK640FA4A19S89F1E4F1070280626\",\n                        \"rows\": [\n                            GSQ.ROWS.EASING\n                        ]\n                    } \n                ]\n            }\n        ]\n    },\n    \"sections\": [\n    ]\n}"},"summary":["name","type"]}