{"uid":"07DD80F0F00250A2","isLoaded":true,"lastModificationTime":1424023478727,"items":{"name":"Label","type":"event_command","displayName":"$$DE90FBDDKDCE8A4CAASA1C1E982F7D417C1C","id":"gs.Label","group":"$$2DCE5AEAK657FA4F5BS8EC3EA543DC123D24","defaultValue":{"name":""},"quickItems":[{"type":"GSQTextArea","attribute":"name","label":"$$P55","valueFormula":"return p.name || lcs('2AA95C2462998440D08A89C884F8259FD71F');","multiline":false}],"rawContent":"{\n    \"displayName\": \"$$DE90FBDDKDCE8A4CAASA1C1E982F7D417C1C\",\n    \"id\": \"gs.Label\",\n    \"group\": \"$$2DCE5AEAK657FA4F5BS8EC3EA543DC123D24\",\n    \"defaultValue\": { \"name\": \"\" },\n    \"quickItems\": [\n        {\n            \"type\": \"GSQTextArea\",\n            \"attribute\": \"name\",\n            \"label\": \"$$P55\",\n            \"valueFormula\": \"return p.name || lcs('2AA95C2462998440D08A89C884F8259FD71F');\",\n            \"multiline\": false\n        }\n    ]\n}","parentId":"97163D89K8F9DA45ADSA51CE47DE4ECE311C","order":7},"summary":["name","type"]}