{"uid":"07DDB070D322124E","isLoaded":true,"lastModificationTime":1424023482010,"items":{"name":"Pause Music","type":"event_command","displayName":"$$85C784B6768C25445A8AC8665F654AA981F3","id":"gs.PauseMusic","group":"$$42B163D5K15C1A4737SA896EB7D0DDAA19AC","defaultValue":{"layer":0,"fadeOutDuration":0},"quickItems":[{"label":"$$C391D8A187BE754D3C48CC54E73980E75EB9","lockable":true,"valueFormula":"return fmtDuration(p.fadeOutDuration)","valueTranslator":{"write":"return v / 1000 * GS.CONST.GAME_FRAME_RATE","read":"return ROUND(v / GS.CONST.GAME_FRAME_RATE * 1000)"},"attribute":"fadeOutDuration","minimum":0,"maximum":9999999,"type":"GSQStepper"}],"expandedView":{"columns":[{"sections":[{"label":"$$9FEB895376A9F34CF86B5494DBD692B58693","rows":[{"items":[{"label":"$$272673AEKE288A48D0SB8D7EEFF528276A59","variableButton":{"dataSource":"numbers"},"type":"GSQStepper","attribute":"layer","minimum":0,"maximum":9999999}]}]}]}]},"rawContent":"{\n    \"displayName\": \"$$85C784B6768C25445A8AC8665F654AA981F3\",\n    \"id\": \"gs.PauseMusic\",\n    \"group\": \"$$42B163D5K15C1A4737SA896EB7D0DDAA19AC\",\n    \"defaultValue\": { \"layer\": 0, \"fadeOutDuration\": 0 },\n    \"quickItems\": [\n        GSQ.CONTROLS.AUDIO_FADE_OUT\n    ],\n    \"expandedView\": {\n        \"columns\": [\n            {\n                \"sections\": [\n                    {\n                        \"label\": \"$$9FEB895376A9F34CF86B5494DBD692B58693\",\n                        \"rows\": [\n                            { \"items\": [GSQ.CONTROLS.AUDIO_LAYER] } \n                        ]\n                    } \n                ]\n            }\n        ]\n    }\n}","parentId":"4F83188DK2895A4449SBAF7E09712D75291C","order":3},"summary":["name","type"]}