{"uid":"07DD3100131110D2","lastModificationTime":1401039378321,"items":{"name":"Items","type":"DataRecordCollection","records":[{"name":"Portion","index":0,"damage":{"variance":0,"type":0,"formula":"","critical":0,"element":0},"icon":{"name":""},"description":"","mpCost":0,"tpCost":0,"speed":0,"success":100,"repeats":1,"tpGain":0,"damage.formula":"","note":"","itemType":0,"scope":0,"occasion":0,"hitType":0,"price":0,"animationId":0,"effects":[],"iconPattern":null},{"name":"ATK Plus","index":1,"damage":{"type":0,"element":0,"formula":"","variance":0,"critical":0},"icon":{"name":""},"description":"","itemType":0,"price":0,"mpCost":0,"tpCost":0,"scope":0,"occasion":0,"speed":0,"success":100,"repeats":1,"tpGain":0,"hitType":0,"animationId":0,"effects":[{"code":5,"id":2,"value1":100}],"note":"","iconPattern":193}],"viewUid":"07DDB1A13203225A"},"summary":["name","type"]}