{"uid":"07DD310140C3B2C7","lastModificationTime":1400887216262,"items":{"name":"States","type":"DataRecordCollection","records":[{"name":"Death","index":0,"icon":{"name":""},"priority":0,"minDuration":0,"maxDuration":0,"removeByDamage":false,"removeByWalking":false,"actorMessage":"","enemyMessage":"","remainMessage":"","removeMessage":"","features":[],"note":"","restriction":4,"autoRemovalTiming":0,"iconGraphic":{"name":""},"iconPattern":407,"properties":[],"removeAtBattleEnd":false,"removeByRestriction":false,"removeByDamageValue":0,"removeByWalkingValue":0,"autoRemove":0,"badStatus":false,"showFallMessage":false},{"name":"Guard","index":1,"iconGraphic":{"name":""},"restriction":0,"priority":0,"minDuration":0,"maxDuration":0,"removeByDamage":false,"removeByWalking":false,"actorMessage":"","enemyMessage":"","remainMessage":"","removeMessage":"","features":[{"code":5,"id":2,"value":-10,"contentText":"[HGR] + -10%","kindText":"Ex-Parameter"}],"note":"","autoRemovalTiming":2,"properties":[{"code":21,"id":1}],"removeAtBattleEnd":true,"removeByRestriction":true,"removeByDamageValue":0,"removeByWalkingValue":0,"autoRemove":2,"badStatus":false,"showFallMessage":false},{"name":"Poison","index":2,"icon":{"name":""},"restriction":0,"priority":0,"autoRemovalTiming":0,"minDuration":2,"maxDuration":3,"removeByDamage":false,"removeByWalking":false,"actorMessage":"were poisoned!","enemyMessage":"were poisoned!","remainMessage":"was damaged by poison!","removeMessage":"was healed!","features":[{"code":5,"id":2,"value":-10,"contentText":"[HGR] + -10%","kindText":"Ex-Parameter"}],"note":"","iconGraphic":{"name":""},"iconPattern":235,"properties":[{"code":5,"id":7,"value":-10}],"removeAtBattleEnd":false,"removeByRestriction":false,"removeByDamageValue":0,"removeByWalkingValue":0,"badStatus":true,"autoRemove":0,"showFallMessage":true}],"viewUid":"07DDB1A13203225F"},"summary":["name","type"]}