{"uid":"07DDB01122F2C3E5","isLoaded":true,"lastModificationTime":1428415343793,"items":{"name":"Flash Screen","type":"event_command","parentId":"85446216KA82AA4A7DS8F25E541AB7EFA66A","order":1,"windowTitle":"$$P23","title":"$$P23","id":"gs.FlashScreen","collapsibleSections":false,"group":"$$0620EF3CK3406A4B70SA1ACE3750D5C17E57","windowSize":{"w":332},"nodes":[{"name":"return GS.ECH.textForFlashScreen(p);","id":"gs.FlashScreen"}],"defaultValue":{"color":{"red":255,"green":255,"blue":255,"alpha":255},"duration":0,"waitForCompletion":0},"quickItems":[{"label":"Color","valueFormula":"return p.color.red + ', ' + p.color.green + ', ' + p.color.blue + ', '+p.color.alpha; ","attribute":"color","type":"GSQPopupField","dataAttribute":"color","dialog":{"uid":"07DDB0112342C01F","parameters":{}}},{"label":"Duration","valueFormula":"return fmtDuration(fmtNumVar(p.duration))","valueTranslator":{"write":"return v / 1000 * GS.CONST.GAME_FRAME_RATE","read":"return ROUND(v / GS.CONST.GAME_FRAME_RATE * 1000)"},"type":"GSQStepper","attribute":"duration","identifier":"duration","variableButton":{"dataSource":"numbers"},"minimum":0,"maximum":9999999},{"type":"GSQPopupField","attribute":"waitForCompletion","identifier":"waitForCompletion","dataSource":["Continue","Wait"],"valueFormula":"return (p.waitForCompletion ? 'Wait' : 'Continue')"}],"sections":[],"rawContent":"{\n    \"parentId\": \"AFAD6CEFK59C1A4298SBABFE7AEC1B964622\",\n    \"displayName\": \"$$P23\",\n    \"windowTitle\": \"$$P23\",\n    \"type\": \"event_command\",\n    \"title\": \"$$P23\",\n    \"id\": \"gs.FlashScreen\",\n    \"collapsibleSections\": false,\n    \"group\": \"$$0620EF3CK3406A4B70SA1ACE3750D5C17E57\",\n    \"windowSize\": {\n        \"w\": 332\n    },\n    \"nodes\": [\n        {\n            \"name\": \"return GS.ECH.textForFlashScreen(p);\",\n            \"id\": \"gs.FlashScreen\"\n        }\n    ],\n    \"defaultValue\": { \"color\": { \"red\": 255, \"green\": 255, \"blue\": 255, \"alpha\": 255 }, \"duration\": 0, \"waitForCompletion\": 0 },\n    \"quickItems\": [\n        GSQ.CONTROLS.COLOR,\n        GSQ.CONTROLS.DURATION, GSQ.CONTROLS.WAIT_FOR_COMPLETION\n    ],\n    \"sections\": [\n    ]\n}"},"summary":["name","type"]}