{"uid":"07DDA1E133116330","isLoaded":true,"lastModificationTime":1429211561243,"items":{"name":"Global Variables","type":"global_variables","numbers":[{"name":"","scope":1,"index":0,"changed":true},{"name":"My Other Var X","scope":1,"index":1},{"name":"","index":2,"scope":1},{"name":"","index":3,"scope":1},{"name":"","index":4,"scope":1},{"name":"","index":5,"scope":1},{"name":"","index":6,"scope":1},{"name":"","index":7,"scope":1},{"name":"","index":8,"scope":1},{"name":"","index":9,"scope":1},{"name":"","index":10,"scope":1},{"name":"","index":11,"scope":1},{"name":"","index":12,"scope":1},{"name":"","index":13,"scope":1},{"name":"","index":14,"scope":1},{"name":"","index":15,"scope":1},{"name":"","index":16,"scope":1},{"name":"","index":17,"scope":1},{"name":"","index":18,"scope":1},{"name":"","index":19,"scope":1},{"name":"","index":20,"scope":1},{"name":"","index":21,"scope":1},{"name":"","index":22,"scope":1},{"name":"","index":23,"scope":1},{"name":"","index":24,"scope":1},{"name":"","index":25,"scope":1},{"name":"","index":26,"scope":1},{"name":"","index":27,"scope":1},{"name":"","index":28,"scope":1},{"name":"","index":29,"scope":1},{"name":"","index":30,"scope":1},{"name":"","index":31,"scope":1},{"name":"","index":32,"scope":1},{"name":"","index":33,"scope":1},{"name":"","index":34,"scope":1},{"name":"","index":35,"scope":1},{"name":"","index":36,"scope":1},{"name":"","index":37,"scope":1},{"name":"","index":38,"scope":1},{"name":"","index":39,"scope":1},{"name":"","index":40,"scope":1},{"name":"","index":41,"scope":1},{"name":"","index":42,"scope":1},{"name":"","index":43,"scope":1},{"name":"","index":44,"scope":1},{"name":"","index":45,"scope":1},{"name":"","index":46,"scope":1},{"name":"","index":47,"scope":1},{"name":"","index":48,"scope":1},{"name":"","index":49,"scope":1},{"name":"","index":50,"scope":1},{"name":"","index":51,"scope":1},{"name":"","index":52,"scope":1},{"name":"","index":53,"scope":1},{"name":"","index":54,"scope":1},{"name":"","index":55,"scope":1},{"name":"","index":56,"scope":1},{"name":"","index":57,"scope":1},{"name":"","index":58,"scope":1},{"name":"","index":59,"scope":1},{"name":"","index":60,"scope":1},{"name":"","index":61,"scope":1},{"name":"","index":62,"scope":1},{"name":"","index":63,"scope":1},{"name":"","index":64,"scope":1},{"name":"","index":65,"scope":1},{"name":"","index":66,"scope":1},{"name":"","index":67,"scope":1},{"name":"","index":68,"scope":1},{"name":"","index":69,"scope":1},{"name":"","index":70,"scope":1},{"name":"","index":71,"scope":1},{"name":"","index":72,"scope":1},{"name":"","index":73,"scope":1},{"name":"","index":74,"scope":1},{"name":"","index":75,"scope":1},{"name":"","index":76,"scope":1},{"name":"","index":77,"scope":1},{"name":"","index":78,"scope":1},{"name":"","index":79,"scope":1},{"name":"","index":80,"scope":1},{"name":"","index":81,"scope":1},{"name":"","index":82,"scope":1},{"name":"","index":83,"scope":1},{"name":"","index":84,"scope":1},{"name":"","index":85,"scope":1},{"name":"","index":86,"scope":1},{"name":"","index":87,"scope":1},{"name":"","index":88,"scope":1},{"name":"","index":89,"scope":1},{"name":"","index":90,"scope":1},{"name":"","index":91,"scope":1},{"name":"","index":92,"scope":1},{"name":"","index":93,"scope":1},{"name":"","index":94,"scope":1},{"name":"","index":95,"scope":1},{"name":"","index":96,"scope":1},{"name":"","index":97,"scope":1},{"name":"","index":98,"scope":1},{"name":"","index":99,"scope":1}],"strings":[{"name":"","scope":1,"index":0,"changed":true}],"booleans":[{"name":"My Switch","scope":1,"index":0},{"name":"","index":1,"scope":1},{"name":"","index":2,"scope":1},{"name":"","index":3,"scope":1},{"name":"","index":4,"scope":1},{"name":"","index":5,"scope":1},{"name":"","index":6,"scope":1},{"name":"","index":7,"scope":1},{"name":"","index":8,"scope":1},{"name":"","index":9,"scope":1},{"name":"","index":10,"scope":1},{"name":"","index":11,"scope":1},{"name":"","index":12,"scope":1},{"name":"","index":13,"scope":1},{"name":"","index":14,"scope":1},{"name":"","index":15,"scope":1},{"name":"","index":16,"scope":1},{"name":"","index":17,"scope":1},{"name":"","index":18,"scope":1},{"name":"","index":19,"scope":1}],"numbersSizeChanged":false,"stringsSizeChanged":false,"booleansSizeChanged":false,"lists":[{"name":"My List","index":0,"scope":1},{"name":"Other List","index":1,"scope":1},{"name":"","index":2,"scope":1},{"name":"","index":3,"scope":1},{"name":"","index":4,"scope":1}]},"summary":["name","type"],"needsMerge":true}