{"uid":"07DD80F1118161BD","isLoaded":true,"lastModificationTime":1424023478958,"items":{"name":"Input Number","type":"event_command","parentId":"8CC0A736KF347A454AS899FE4F42878D912C","order":8,"windowTitle":"$$97A24C90KA4A9A47B3S945BECFE80EBF75CD","id":"gs.InputNumber","group":"$$8C18C980KCA7CA4FCDS99EFEC6824693DD97","windowSize":{"w":400},"nodes":[{"name":"return fmt(lcs('2014D29CK4044A4221S9C8DE805C192C8F25')+' %s, %d '+lcs('5260D6DBKBFC0A441CS955CE0218820E0B11'), fmtNumVar(p.variable), p.digits);","id":"gs.InputNumber"}],"defaultValue":{"variable":{"scope":1,"index":0},"digits":5},"quickItems":[{"label":"Digits","valueFormula":"return p.digits","attribute":"digits","type":"GSQStepper","minimum":1,"maximum":8},{"label":"Store in Variable","valueFormula":"return fmtNumVar(p.variable)","attribute":"variable","type":"GSQPopupField","dialog":{"uid":"dialog.selectVariable","parameters":{"dataSource":"numbers"}}}],"sections":[],"rawContent":"{\n    \"parentId\": \"AFAD6CEFK59C1A4298SBABFE7AEC1B964622\",\n    \"displayName\": \"$$97A24C90KA4A9A47B3S945BECFE80EBF75CD\",\n    \"windowTitle\": \"$$97A24C90KA4A9A47B3S945BECFE80EBF75CD\",\n    \"type\": \"event_command\",\n    \"id\": \"gs.InputNumber\",\n    \"group\": \"$$8C18C980KCA7CA4FCDS99EFEC6824693DD97\",\n    \"windowSize\": {\n        \"w\": 400\n    },\n    \"nodes\": [\n        {\n            \"name\": \"return fmt(lcs('2014D29CK4044A4221S9C8DE805C192C8F25')+' %s, %d '+lcs('5260D6DBKBFC0A441CS955CE0218820E0B11'), fmtNumVar(p.variable), p.digits);\",\n            \"id\": \"gs.InputNumber\"\n        }\n    ],\n    \"defaultValue\": { \"variable\": { \"scope\": 1, \"index\": 0 }, \"digits\": 5 },\n    \"quickItems\": [\n        {\n            \"label\": \"$$3078AFA74D363048BB1A0B3334297385EE53\",\n            \"valueFormula\": \"return p.digits\",\n            \"attribute\": \"digits\",\n            \"type\": \"GSQStepper\",\n            \"minimum\": 1,\n            \"maximum\": 8\n        },\n        {\n            \"label\": \"$$C5CA931C375453479C886940F61A8BF9F1B8\",\n            \"valueFormula\": \"return fmtNumVar(p.variable)\",\n            \"attribute\": \"variable\",\n            \"type\": \"GSQPopupField\",\n            \"dialog\": { \"uid\": \"dialog.selectVariable\", \"parameters\": { \"dataSource\": \"numbers\" }}\n        }\n    ],\n    \"sections\": [\n    ]\n}"},"summary":["name","type"]}