{"uid":"07DDB070E3B223E6","isLoaded":true,"lastModificationTime":1424023482295,"items":{"name":"Change Background","type":"event_command","id":"vn.ChangeBackground","displayName":"$$6BC55ABB8F41E74BC96B258922BFED22FC6A","group":"$$2FBA90CCK88F7A4B74SA654EC5FF13F44EF7","defaultValue":{"graphic":null,"layer":0,"duration":0,"waitForCompletion":0,"blendMode":0,"origin":0,"zOrder":0,"loopVertical":0,"loopHorizontal":0,"easing":{"type":0,"inOut":1},"animation":{"type":0,"movement":0,"mask":{"graphic":null,"vague":30}}},"quickItems":[{"label":"$$P61","valueFormula":"return fmtResource(p.graphic);","attribute":"graphic","identifier":"character","type":"GSQPopupField","variableButton":{"dataSource":"strings"},"dataAttribute":"resource","dialog":{"uid":"dialog.selectGraphicResource","parameters":{"folder":"Graphics/Backgrounds"}}},{"label":"$$272673AEKE288A48D0SB8D7EEFF528276A59","identifier":"layer","variableButton":{"dataSource":"numbers"},"type":"GSQStepper","attribute":"layer","minimum":0,"maximum":9999999},{"label":"$$0BD2456DK1DA1A4C2DS9C03EAC7A2C6C7815","valueFormula":"return fmtDuration(fmtNumVar(p.duration))","valueTranslator":{"write":"return v / 1000 * GS.CONST.GAME_FRAME_RATE","read":"return ROUND(v / GS.CONST.GAME_FRAME_RATE * 1000)"},"type":"GSQStepper","attribute":"duration","identifier":"duration","variableButton":{"dataSource":"numbers"},"minimum":0,"maximum":9999999,"lockable":true},{"type":"GSQPopupField","attribute":"waitForCompletion","identifier":"waitForCompletion","dataSource":["$$2EA7A7BF12D3404F62094CA6644784A9FC40","$$97A5E676K2351A43FCSB0DFEBB5CF7A73243"],"valueFormula":"return (p.waitForCompletion ? lcs('97A5E676K2351A43FCSB0DFEBB5CF7A73243') : lcs('2EA7A7BF12D3404F62094CA6644784A9FC40'))"}],"expandedView":{"columns":[{"sections":[{"label":"$$4B6665ACK640FA4A19S89F1E4F1070280626","rows":[{"items":[{"label":"Easing","type":"GSQPopupField","attribute":"easing.type","lockable":true,"width":"50%","dataSource":["$$B04840A62C08B644918821142386D7EEB014","$$99D9039B6FF24440998B5ED62A44E25D562A","$$6DB3AC545EBEF747C56BB237892A2FE7DC6A","$$087E67D05860D644FC9A87C91B303A91E774","$$5101E7646B6A284EC5385FF42CC39E29BC20","$$9DEB76CD12AA024F65384215C8DF97C64463","$$757243FE807A124F5058CEA6DC72BB24F1AD","$$22D2BB118D79E248023904E4E5DCF459C2B2"],"valueFormula":"return GS.CONST.EASING_TYPES[p.easing.type]"},{"label":"","width":"auto","type":"GSQPopupField","attribute":"easing.inOut","dataSource":["$$19C38D481D2B4947845AFB426AA83A22A24E","$$636489127D19D648ED6BB357549054B90E98","$$03359F826080274E018A4693CE01C765D700"],"valueFormula":"return GS.CONST.EASING_IN_OUT[p.easing.inOut]"}]},{"items":[{"type":"GSQPopupField","attribute":"animation.type","width":"50%","lockable":true,"label":"$$9D7B8871KE8A7A410ES8CA3EA1F415A8BEA7","dataSource":["$$2683C0C34985474F713910185340D35D3108","$$P177","$$000ADEF46265D146AF5893C3E8B9A840397F"],"valueFormula":"return GS.CONST.APPEARANCE_ANIMATION_TYPES[p.animation.type]","showItems":[["animation_movement"],[],["animation_maskFile","animation_maskVague"]]},{"identifier":"animation_movement","dataSource":["$$DA8B51B3KB92CA46EFSB9A9EDF4D4C81A9B8","$$0E468336KEA04A497CS8813E5A7FA8B85AF5","$$927A7043KEE05A4A52SA7C9E418BAF35232F","$$EB59D1CFK6206A4F2BSB258EE66915195A6D"],"type":"GSQPopupField","width":"auto","attribute":"animation.movement","valueFormula":"return GS.CONST.MOVE_ANIMATION_TYPES[p.animation.movement]"},{"label":"$$P61","valueFormula":"return fmtResource(p.animation.mask.graphic);","attribute":"animation.mask.graphic","variableButton":{"dataSource":"strings"},"identifier":"animation_maskFile","type":"GSQPopupField","dataAttribute":"resource","dialog":{"uid":"dialog.selectGraphicResource","parameters":{"folder":"Graphics/Masks"}}},{"label":"$$A20F74E20798454C200A83253DEACB863B87","identifier":"animation_maskVague","variableButton":{"dataSource":"numbers"},"type":"GSQStepper","attribute":"animation.mask.vague","minimum":0,"maximum":255}]}]},{"label":"$$9E1A5407531CC141D66911387F0B53C14B4F","rows":[{"items":[{"label":"$$376D9476064BA24775187795894CD3009687","type":"GSQPopupField","valueFormula":"return p.origin == 0 ? lcs('P29') : lcs('P30')","attribute":"origin","dataSource":["$$P29","$$P30"],"lockable":true,"width":"50%"}]},{"items":[{"label":"$$A4972EEB1026104D6B2BC9F4B0493B3D8B5F","type":"GSQStepper","attribute":"zOrder","minimum":-9999999,"maximum":9999999,"variableButton":{"dataSource":"numbers"},"defaultValue":0,"lockable":true,"width":"50%"}]},{"items":[{"label":"Blend Mode","type":"GSQPopupField","attribute":"blendMode","dataSource":["Normal","Additive","Subtractive"],"valueFormula":"return GS.CONST.BLEND_MODES[p.blendMode]","variableButton":{"dataSource":"numbers"},"defaultValue":0,"lockable":true}]}]}]},{"sections":[{"label":"$$0848AE56903F4742B15B7BC2E059ADAFD6A2","rows":[{"items":[{"label":"$$414BBFCFKC138A4811SB9DDE41E8956B9DE8","valueFormula":"return GS.CONST.BOOLEAN_STATES[p.loopVertical]","type":"GSQPopupField","dataSource":["No","Yes"],"attribute":"loopVertical","lockable":true},{"label":"$$E054706BKB7D1A4EBFSBBBCE5CFF2E25156C","valueFormula":"return GS.CONST.BOOLEAN_STATES[p.loopHorizontal]","type":"GSQPopupField","dataSource":["No","Yes"],"attribute":"loopHorizontal","lockable":true}]}]}]}]},"sections":[],"rawContent":"{\n    \"id\": \"vn.ChangeBackground\",\n    \"displayName\": \"$$6BC55ABB8F41E74BC96B258922BFED22FC6A\",\n    \"group\": \"$$2FBA90CCK88F7A4B74SA654EC5FF13F44EF7\",\n    \"defaultValue\": { \"graphic\": null, \"layer\": 0, \"duration\": 0, \"waitForCompletion\": 0, \"blendMode\": 0, \"origin\": 0, \"zOrder\": 0, \"loopVertical\": 0, \"loopHorizontal\": 0, \"easing\": { \"type\": 0, \"inOut\": 1 }, \"animation\":GS.CONST.DEFAULT_APPEARANCE_ANIMATION_DATA },\n    \"quickItems\": [\n        {\n            \"label\": \"$$P61\",\n            \"valueFormula\": \"return fmtResource(p.graphic);\",\n            \"attribute\": \"graphic\",\n            \"identifier\": \"character\",\n            \"type\": \"GSQPopupField\",\n            \"variableButton\": { \"dataSource\": \"strings\" },\n            \"dataAttribute\": \"resource\",\n            \"dialog\": { \"uid\": \"dialog.selectGraphicResource\", \"parameters\": { \"folder\": \"Graphics/Backgrounds\" }}\n        },\n        GSQ.CONTROLS.BACKGROUND_LAYER,\n        Object.override(GSQ.CONTROLS.DURATION, {\"lockable\": true}),\n        GSQ.CONTROLS.WAIT_FOR_COMPLETION\n    ],\n    \"expandedView\": {\n        \"columns\": [\n            {\n                \"sections\": [\n                    {\n                        \"label\": \"$$4B6665ACK640FA4A19S89F1E4F1070280626\",\n                        \"rows\": [\n                            GSQ.ROWS.EASING,\n                            GSQ.ROWS.APPEARANCE_ANIMATION\n                        ]\n                    },\n                    {\n                        \"label\": \"$$9E1A5407531CC141D66911387F0B53C14B4F\",\n                        \"rows\": [\n                            { \"items\": [Object.override(GSQ.CONTROLS.GRAPHIC_ORIGIN, { \"lockable\": true, \"width\": \"50%\" })] },\n                            { \"items\": [Object.override(GSQ.CONTROLS.GRAPHIC_Z_ORDER, { \"lockable\": true, \"width\": \"50%\" })] },\n                            { \"items\": [Object.override(GSQ.CONTROLS.GRAPHIC_BLEND_MODE, { \"lockable\": true })] }\n                        ]\n                    }\n                ]\n            },\n            {\n                \"sections\": [\n                    {\n                        \"label\": \"$$0848AE56903F4742B15B7BC2E059ADAFD6A2\",\n                        \"rows\": [\n                            {\n                                \"items\": [\n                                    {\n                                        \"label\": \"$$414BBFCFKC138A4811SB9DDE41E8956B9DE8\",\n                                        \"valueFormula\": \"return GS.CONST.BOOLEAN_STATES[p.loopVertical]\",\n                                        \"type\": \"GSQPopupField\",\n                                        \"dataSource\": GS.CONST.BOOLEAN_STATES,\n                                        \"attribute\": \"loopVertical\",\n                                        \"lockable\": true\n                                    },\n                                    {\n                                        \"label\": \"$$E054706BKB7D1A4EBFSBBBCE5CFF2E25156C\",\n                                        \"valueFormula\": \"return GS.CONST.BOOLEAN_STATES[p.loopHorizontal]\",\n                                        \"type\": \"GSQPopupField\",\n                                        \"dataSource\": GS.CONST.BOOLEAN_STATES,\n                                        \"attribute\": \"loopHorizontal\",\n                                        \"lockable\": true\n                                    }\n                                ]\n                            }\n                        ]\n                    } \n                ]\n            }\n        ]\n        \n    },\n    \"sections\": [\n    ]\n}","parentId":"C7F59F96KBEE0A493AS9298E6E96A9327DC7","order":8},"summary":["name","type"]}