{"uid":"07DD80F11310C3AE","isLoaded":true,"lastModificationTime":1428161614217,"items":{"name":"Show Picture","type":"event_command","parentId":"0FEBB76EK401BA41A4S99B1E2346601143E2","order":0,"id":"gs.ShowPicture","group":"$$8E805C42KAAEBA4E2ASAFEBE14638DCA0760","displayName":"$$6CB6FA85KD0ABA4653S92D1E908EACECA578","defaultValue":{"predefinedPositionId":0,"number":0,"blendMode":0,"zOrder":0,"duration":0,"origin":0,"waitForCompletion":0,"positionType":0,"position":{"x":0,"y":0},"easing":{"type":0,"inOut":1},"animation":{"type":0,"movement":0,"mask":{"graphic":null,"vague":30}}},"quickItems":[{"label":"$$C287D490K9B01A4407SA616EF2726CA43B52","identifier":"number","variableButton":{"dataSource":"numbers"},"type":"GSQStepper","attribute":"number","minimum":0,"maximum":9999999},{"label":"$$P61","valueFormula":"return fmtResource(p.graphic);","attribute":"graphic","identifier":"graphic","variableButton":{"dataSource":"strings"},"type":"GSQPopupField","dataAttribute":"resource","dialog":{"uid":"dialog.selectGraphicResource","parameters":{"folder":"Graphics/Pictures"}}},{"label":"$$376D9476064BA24775187795894CD3009687","type":"GSQPopupField","valueFormula":"return p.origin == 0 ? lcs('P29') : lcs('P30')","attribute":"origin","dataSource":["$$P29","$$P30"]},{"label":"$$P31","type":"GSQPopupField","valueFormula":"return GS.CONST.GRAPHIC_POSITION_TYPES[p.positionType]","attribute":"positionType","dataSource":["$$52E2B8291E58F74BCA0BCAB906C31A14C8E8","$$EDA8FFF8758AE841037B2DB13D815982AF4D","$$7975782B2E59994D107B13C1801F5A299E12"],"showItems":[["predefinedPositionId"],["position"],["x","y"]]},{"label":"","valueFormula":"return fmtNumVar(p.position.x) + ', ' + fmtNumVar(p.position.y);","type":"GSQPopupField","attribute":"position","dataAttributes":["position","previewZoom"],"dialog":{"uid":"2F6833B1K4A87A4B4BS9F58E5A0F08E17949","bindings":[{"source":"graphic","to":"local","target":"data.picture"}]}},{"label":"","valueFormula":"return GS.VN.textForPredefinedObjectPosition(p.predefinedPositionId);","type":"GSQPopupField","dataSource":{"sourceFormula":"return GS.VN.predefinedObjectPositionList()"},"attribute":"predefinedPositionId"},{"label":"X","variableButton":{"dataSource":"numbers"},"valueFormula":"return fmtNumVar(p.position.x);","type":"GSQStepper","identifier":"x","attribute":"position.x","defaultValue":0,"minimum":-9999999,"maximum":9999999},{"label":"Y","variableButton":{"dataSource":"numbers"},"identifier":"y","valueFormula":"return fmtNumVar(p.position.y);","type":"GSQStepper","attribute":"position.y","defaultValue":0,"minimum":-9999999,"maximum":9999999},{"label":"$$0BD2456DK1DA1A4C2DS9C03EAC7A2C6C7815","valueFormula":"return fmtDuration(fmtNumVar(p.duration))","valueTranslator":{"write":"return v / 1000 * GS.CONST.GAME_FRAME_RATE","read":"return ROUND(v / GS.CONST.GAME_FRAME_RATE * 1000)"},"type":"GSQStepper","attribute":"duration","identifier":"duration","variableButton":{"dataSource":"numbers"},"minimum":0,"maximum":9999999,"lockable":true},{"type":"GSQPopupField","attribute":"waitForCompletion","identifier":"waitForCompletion","dataSource":["$$2EA7A7BF12D3404F62094CA6644784A9FC40","$$97A5E676K2351A43FCSB0DFEBB5CF7A73243"],"valueFormula":"return (p.waitForCompletion ? lcs('97A5E676K2351A43FCSB0DFEBB5CF7A73243') : lcs('2EA7A7BF12D3404F62094CA6644784A9FC40'))"}],"expandedView":{"columns":[{"sections":[{"label":"$$4B6665ACK640FA4A19S89F1E4F1070280626","rows":[{"items":[{"label":"Easing","type":"GSQPopupField","attribute":"easing.type","lockable":true,"width":"50%","dataSource":["$$B04840A62C08B644918821142386D7EEB014","$$99D9039B6FF24440998B5ED62A44E25D562A","$$6DB3AC545EBEF747C56BB237892A2FE7DC6A","$$087E67D05860D644FC9A87C91B303A91E774","$$5101E7646B6A284EC5385FF42CC39E29BC20","$$9DEB76CD12AA024F65384215C8DF97C64463","$$757243FE807A124F5058CEA6DC72BB24F1AD","$$22D2BB118D79E248023904E4E5DCF459C2B2"],"valueFormula":"return GS.CONST.EASING_TYPES[p.easing.type]"},{"label":"","width":"auto","type":"GSQPopupField","attribute":"easing.inOut","dataSource":["$$19C38D481D2B4947845AFB426AA83A22A24E","$$636489127D19D648ED6BB357549054B90E98","$$03359F826080274E018A4693CE01C765D700"],"valueFormula":"return GS.CONST.EASING_IN_OUT[p.easing.inOut]"}]},{"items":[{"type":"GSQPopupField","attribute":"animation.type","width":"50%","lockable":true,"label":"$$9D7B8871KE8A7A410ES8CA3EA1F415A8BEA7","dataSource":["$$2683C0C34985474F713910185340D35D3108","$$P177","$$000ADEF46265D146AF5893C3E8B9A840397F"],"valueFormula":"return GS.CONST.APPEARANCE_ANIMATION_TYPES[p.animation.type]","showItems":[["animation_movement"],[],["animation_maskFile","animation_maskVague"]]},{"identifier":"animation_movement","dataSource":["$$DA8B51B3KB92CA46EFSB9A9EDF4D4C81A9B8","$$0E468336KEA04A497CS8813E5A7FA8B85AF5","$$927A7043KEE05A4A52SA7C9E418BAF35232F","$$EB59D1CFK6206A4F2BSB258EE66915195A6D"],"type":"GSQPopupField","width":"auto","attribute":"animation.movement","valueFormula":"return GS.CONST.MOVE_ANIMATION_TYPES[p.animation.movement]"},{"label":"$$P61","valueFormula":"return fmtResource(p.animation.mask.graphic);","attribute":"animation.mask.graphic","variableButton":{"dataSource":"strings"},"identifier":"animation_maskFile","type":"GSQPopupField","dataAttribute":"resource","dialog":{"uid":"dialog.selectGraphicResource","parameters":{"folder":"Graphics/Masks"}}},{"label":"$$A20F74E20798454C200A83253DEACB863B87","identifier":"animation_maskVague","variableButton":{"dataSource":"numbers"},"type":"GSQStepper","attribute":"animation.mask.vague","minimum":0,"maximum":255}]}]},{"label":"$$9E1A5407531CC141D66911387F0B53C14B4F","rows":[{"items":[{"label":"$$A4972EEB1026104D6B2BC9F4B0493B3D8B5F","type":"GSQStepper","attribute":"zOrder","minimum":-9999999,"maximum":9999999,"variableButton":{"dataSource":"numbers"},"defaultValue":0,"lockable":true,"width":"50%"}]},{"items":[{"label":"Blend Mode","type":"GSQPopupField","attribute":"blendMode","dataSource":["Normal","Additive","Subtractive"],"valueFormula":"return GS.CONST.BLEND_MODES[p.blendMode]","variableButton":{"dataSource":"numbers"},"defaultValue":0,"lockable":true}]}]}]}]},"sections":[],"rawContent":"{\n    \"id\": \"gs.ShowPicture\",\n    \"group\": \"$$8E805C42KAAEBA4E2ASAFEBE14638DCA0760\",\n    \"displayName\": \"$$6CB6FA85KD0ABA4653S92D1E908EACECA578\",\n    \"defaultValue\": { \"predefinedPositionId\": 0, \"number\": 0, \"blendMode\": 0, \"zOrder\": 0, \"duration\": 0, \"origin\": 0, \"waitForCompletion\": 0, \"positionType\": 0, \"position\": { \"x\": 0, \"y\": 0 }, \"easing\": { \"type\": 0, \"inOut\": 1 }, \"animation\":GS.CONST.DEFAULT_APPEARANCE_ANIMATION_DATA },\n    \"quickItems\": [\n        GSQ.CONTROLS.GRAPHIC_OBJECT_NUMBER,\n        {\n            \"label\": \"$$P61\",\n            \"valueFormula\": \"return fmtResource(p.graphic);\",\n            \"attribute\": \"graphic\",\n            \"identifier\": \"graphic\",\n            \"variableButton\": { \"dataSource\": \"strings\" },\n            \"type\": \"GSQPopupField\",\n            \"dataAttribute\": \"resource\",\n            \"dialog\": { \"uid\": \"dialog.selectGraphicResource\", \"parameters\": { \"folder\": \"Graphics/Pictures\" }}\n        },\n        GSQ.CONTROLS.GRAPHIC_ORIGIN,\n        GSQ.CONTROLS.GRAPHIC_POSITION_TYPE,\n        {\n            \"label\": \"\",\n            \"valueFormula\": \"return fmtNumVar(p.position.x) + ', ' + fmtNumVar(p.position.y);\",\n            \"type\": \"GSQPopupField\",\n            \"attribute\": \"position\",\n            \"dataAttributes\": [\"position\", \"previewZoom\"],\n            \"dialog\": { \"uid\": \"2F6833B1K4A87A4B4BS9F58E5A0F08E17949\", \"bindings\": [{ \"source\": \"graphic\", \"to\": \"local\", \"target\": \"data.picture\" }] }\n        },\n        GSQ.CONTROLS.CREATE_PREDEFINED_OBJECT_POSITION(),\n        {\n            \"label\": \"X\",\n            \"variableButton\": { \"dataSource\": \"numbers\" },\n            \"valueFormula\": \"return fmtNumVar(p.position.x);\",\n            \"type\": \"GSQStepper\",\n            \"identifier\": \"x\",\n            \"attribute\": \"position.x\",\n            \"defaultValue\": 0,\n            \"minimum\": -GS.CONST.MAX_NUMBER_VALUE,\n            \"maximum\": GS.CONST.MAX_NUMBER_VALUE\n        },\n        {\n            \"label\": \"Y\",\n            \"variableButton\": { \"dataSource\": \"numbers\" },\n            \"identifier\": \"y\",\n            \"valueFormula\": \"return fmtNumVar(p.position.y);\",\n            \"type\": \"GSQStepper\",\n            \"attribute\": \"position.y\",\n            \"defaultValue\": 0,\n            \"minimum\": -GS.CONST.MAX_NUMBER_VALUE,\n            \"maximum\": GS.CONST.MAX_NUMBER_VALUE\n        },\n        Object.override(GSQ.CONTROLS.DURATION, {\"lockable\": true}),\n        GSQ.CONTROLS.WAIT_FOR_COMPLETION\n    ],\n    \"expandedView\": {\n        \"columns\": [\n            {\n                \"sections\": [\n                    {\n                        \"label\": \"$$4B6665ACK640FA4A19S89F1E4F1070280626\",\n                        \"rows\": [\n                            GSQ.ROWS.EASING,\n                            GSQ.ROWS.APPEARANCE_ANIMATION\n                        ]\n                    },\n                    {\n                        \"label\": \"$$9E1A5407531CC141D66911387F0B53C14B4F\",\n                        \"rows\": [\n                            { \"items\": [Object.override(GSQ.CONTROLS.GRAPHIC_Z_ORDER, { \"lockable\": true, \"width\": \"50%\" })] },\n                            { \"items\": [Object.override(GSQ.CONTROLS.GRAPHIC_BLEND_MODE, { \"lockable\": true })] }\n                        ]\n                    } \n                ]\n            }\n        ]\n        \n    },\n    \"sections\": [\n    ]\n}"},"summary":["name","type"]}