{"uid":"07DDB0700002D0ED","isLoaded":true,"lastModificationTime":1426437207724,"items":{"name":"Play Sound","type":"event_command","parentId":"4F83188DK2895A4449SBAF7E09712D75291C","order":2,"displayName":"$$191B3DFEKC1A5A4764SAEFDE64A866B575B9","windowTitle":"$$191B3DFEKC1A5A4764SAEFDE64A866B575B9","id":"gs.PlaySound","group":"$$42B163D5K15C1A4737SA896EB7D0DDAA19AC","windowSize":{"w":400},"nodes":[{"name":"return fmt(lcs('DFCD0EB5K4A01A4BE8S8BC8E8B9D347768C7')+' [%s] %s', isVar(p.sound) ? fmtStrVar(p.sound) : p.sound.name || lcs('P9'), p.musicEffect ? lcs('BE9162FBKF3C7A4D1ESA228E2EB75C4F50B1') : '')","id":"gs.PlaySound"}],"defaultValue":{"sound":{"volume":100,"playbackRate":100},"musicEffect":0},"quickItems":[{"label":"File","valueFormula":"return fmtResource(p.sound);","identifier":"audio","variableButton":{"dataSource":"strings"},"attribute":"sound","type":"GSQPopupField","dialog":{"uid":"dialog.selectAudioResource","parameters":{"folder":"Audio/Sounds"}},"icon":{"name":"listen-01"}},{"label":"Volume","lockable":true,"valueFormula":"return p.sound.volume + '%';","attribute":"sound.volume","minimum":0,"maximum":100,"type":"GSQSlider"},{"label":"Rate","lockable":true,"valueFormula":"return p.sound.playbackRate + '%';","attribute":"sound.playbackRate","minimum":50,"maximum":150,"type":"GSQSlider"},{"label":"Music Effect","valueFormula":"return GS.CONST.YES_NO[p.musicEffect]","attribute":"musicEffect","type":"GSQCheckBox"}],"sections":[],"rawContent":"{\n    \"parentId\": \"AFAD6CEFK59C1A4298SBABFE7AEC1B964622\",\n    \"displayName\": \"$$191B3DFEKC1A5A4764SAEFDE64A866B575B9\",\n    \"windowTitle\": \"$$191B3DFEKC1A5A4764SAEFDE64A866B575B9\",\n    \"type\": \"event_command\",\n    \"id\": \"gs.PlaySound\",\n    \"group\": \"$$42B163D5K15C1A4737SA896EB7D0DDAA19AC\",\n    \"windowSize\": {\n        \"w\": 400\n    },\n    \"nodes\": [\n        {\n            \"name\": \"return fmt(lcs('DFCD0EB5K4A01A4BE8S8BC8E8B9D347768C7')+' [%s] %s', isVar(p.sound) ? fmtStrVar(p.sound) : p.sound.name || lcs('P9'), p.musicEffect ? lcs('BE9162FBKF3C7A4D1ESA228E2EB75C4F50B1') : '')\",\n            \"id\": \"gs.PlaySound\"\n        }\n    ],\n    \"defaultValue\": { \"sound\": { \"volume\": 100, \"playbackRate\": 100 }, \"musicEffect\": 0 },\n    \"quickItems\": [\n        {\n            \"label\": \"$$P61\",\n            \"valueFormula\": \"return fmtResource(p.sound);\",\n            \"identifier\": \"audio\",\n            \"variableButton\": { \"dataSource\": \"strings\" },\n            \"attribute\": \"sound\",\n            \"type\": \"GSQPopupField\",\n            \"dialog\": { \"uid\": \"dialog.selectAudioResource\", \"parameters\": { \"folder\": \"Audio/Sounds\" } },\n            \"icon\": { \"name\": \"listen-01\" }\n        },\n        {\n            \"label\": \"$$P141\",\n            \"lockable\": true,\n            \"valueFormula\": \"return p.sound.volume + '%';\",\n            \"attribute\": \"sound.volume\",\n            \"minimum\": 0,\n            \"maximum\": 100,\n            \"type\": \"GSQSlider\"\n        },\n        {\n            \"label\": \"$$P142\",\n            \"lockable\": true,\n            \"valueFormula\": \"return p.sound.playbackRate + '%';\",\n            \"attribute\": \"sound.playbackRate\",\n            \"minimum\": 50,\n            \"maximum\": 150,\n            \"type\": \"GSQSlider\"\n        },\n        {\n            \"label\": \"$$82B42E04K0024A4CD4S9EBDE72C5EF7E6898\",\n            \"valueFormula\": \"return GS.CONST.YES_NO[p.musicEffect]\",\n            \"attribute\": \"musicEffect\",\n            \"type\": \"GSQCheckBox\"\n        }\n    ],\n    \"sections\": [\n    ]\n}"},"summary":["name","type"]}