{"uid":"07DD30F13080B02A","lastModificationTime":1401039456103,"items":{"name":"Skills","type":"DataRecordCollection","records":[{"name":"Attack","index":0,"damage":{"variance":30,"type":1,"formula":"a.atk * 2.00 - b.def * 1.00","critical":0,"element":0,"elementId":0},"icon":{"name":""},"description":"","mpCost":0,"tpCost":0,"speed":0,"success":100,"repeats":1,"tpGain":0,"usingMessage":"attacks!","damage.formula":"5 + a.atk * 0.60 - b.def * 0.30","effects":[],"note":"","skillType":0,"scope":1,"occasion":1,"hitType":1,"animationId":1,"weaponTypeId1":0,"weaponTypeId2":0,"properties":[],"userAnimationId":0,"forwardAnimationId":0,"backwardAnimationId":0,"prepareAnimationId":0,"useAnimationId":0},{"name":"Guard","index":1,"damage":{"variance":30,"type":0,"formula":"800 + a.mat * 0.20 - b.mdf * 0.10","critical":0,"element":0,"elementId":0},"icon":{"name":""},"description":"Throws a fireball to the enemy.","skillType":0,"mpCost":0,"tpCost":0,"speed ":2000,"success ":100,"repeats ":1,"tpGain":0,"usingMessage":"guards.","damage.formula":"20 + a.mat * 0.40 - b.mdf * 0.20","effects":[{"code":3,"id":2,"value1":100}],"note":"","scope":11,"occasion":0,"hitType":0,"animationId":0,"weaponTypeId1":0,"weaponTypeId2":0,"properties":[],"speed":2000,"success":100,"repeats":1,"userAnimationId":0,"forwardAnimationId":0,"backwardAnimationId":0},{"name":"Poison","index":2,"damage":{"type":0,"formula":"","variance":0,"critical":0,"elementId":0},"icon":{"name":""},"iconPattern":101,"description":"","skillType":1,"mpCost":10,"scope":1,"occasion":1,"speed":0,"success":100,"repeats":1,"hitType":2,"animationId":1,"userAnimationId":0,"forwardAnimationId":0,"backwardAnimationId":0,"usingMessage":"casts Poison!","weaponTypeId1":0,"weaponTypeId2":0,"effects":[{"code":3,"id":1,"value1":100}],"prepareAnimationId":0,"useAnimationId":0,"note":""}],"viewUid":"07DDB1A132032258"},"summary":["name","type"]}