{"uid":"07DDB1A132032261","isLoaded":true,"lastModificationTime":1424023485509,"items":{"name":"Common Events","type":"DataRecordView","parentId":"162D231FKB332A48FCS9A94E205403CA352B","order":5,"category":"commonEvents","descriptor":{"name":"$$936B4D1EK0D9FA4D49SA760EB2BC047C58DB","attribute":"commonEvents","sections":[{"name":"$$P25","layout":{"type":"dynamicGrid","fixedRowHeight":true},"items":[{"type":"GSLabel","text":"$$P119","location":{"x":0,"y":0},"size":{"w":70,"h":-1}},{"type":"GSTextField","attribute":"name","location":{"x":1,"y":0},"size":{"w":-1,"h":-1},"delegates":[]},{"type":"GSLabel","text":"$$2A2D121FKA4FEA4A2BSBB99E110CB2E17D2F","location":{"x":2,"y":0},"size":{"w":70,"h":-1}},{"type":"GSComboBox","attribute":"startCondition","dataSource":["$$92FC7C83K7C7CA40D8SA4BFE105C9DF03481","$$3CB124F3KFE8DA4EC8SB3ADED03F6CA18763"],"location":{"x":3,"y":0},"size":{"w":-1,"h":-1}},{"type":"GSCheckBox","text":"$$643D97A3KB9CDA4774S9F3FE3D28D77D5FE6","identifier":"conditionEnabled","attribute":"conditionEnabled","delegates":[{"identifier":"conditionSwitch","selector":"setEnabled:enabled:"}],"location":{"x":4,"y":0},"size":{"w":120,"h":-1}},{"type":"GSVariablePopupField","attribute":"conditionSwitch","identifier":"conditionSwitch","dataSource":"booleans","location":{"x":5,"y":0},"size":{"w":-1,"h":-1}},{"type":"GSCheckBox","attribute":"parallel","group":"generalLabels","text":"$$BC815438K56B6A485AS9A48E595406882357","frame":[6,0]},{"type":"GSCheckBox","attribute":"autoPreload","group":"generalLabels","text":"$$60CEDBFE439BC6413B68294545AC39B5C110","defaultValue":true,"frame":[7,0]}]},{"name":"$$745DA28CKEA60A477AS9B58EA60AF06FC9BF","layout":{"type":"dynamicGrid","fixedRowHeight":true,"spacing":[0,0]},"column":0,"items":[{"type":"GSContainer","viewUid":"07DDB0814131C342","parameters":{"localVariables":{"attribute":"parameters"}},"location":{"x":0,"y":0},"size":{"w":-1,"h":-1}}]},{"name":"$$5DFEA9BA679B70467A8BB0E18E8EEE2C4C50","noBorder":false,"outline":false,"layout":{"type":"flow","spacing":[0,0]},"column":0,"height":-1,"items":[{"type":"GSSplitView","identifier":"hSplitView","orientation":"horizontal","paneSplitter":true,"views":[{"name":"","sectionSpacing":[0,0],"spacing":[0,0],"cssClass":"ui-scene-view-container","sections":[{"headerCssClass":"ui-vn-scene-view-header","headerTextCssClass":"ui-vn-scene-view-header-text","headerLineCssClass":"ui-vn-scene-view-header-line","headerHeight":50,"name":"Scene Content","noBorder":true,"outline":false,"layout":{"type":"flow","spacing":[0,0]},"column":0,"height":-1,"items":[{"type":"GSSceneContentView","attribute":"commands","identifier":"content","outline":false,"frame":[0,0,-1,-1]}]}]},{"name":"","sectionSpacing":[0,0],"spacing":[0,0],"sections":[{"headerCssClass":"ui-vn-common-event-view-header","headerHeight":26,"name":"$$P118","noBorder":false,"outline":false,"layout":{"type":"flow","spacing":[0,0]},"column":0,"height":-1,"items":[{"type":"GSSceneToolBox","attribute":"toolBox","identifier":"toolBox","bindings":[{"source":"commandEntry","to":"content","target":"newCommand"}],"outline":false,"frame":[0,0,-1,-1]}]}]}],"frame":[0,0,-1,-1]}]}]},"rawContent":"{\n    \"parentId\": \"162D231FKB332A48FCS9A94E205403CA352B\",\n\"name\": \"Common Events\",\n    \"type\": \"DataRecordView\",\n    \"order\": 5,\n    \"category\": \"commonEvents\",\n    \"descriptor\": {\n        \"name\": \"$$936B4D1EK0D9FA4D49SA760EB2BC047C58DB\",\n        \"attribute\": \"commonEvents\",\n        \"sections\": [\n            {\n                \"name\": \"$$P25\",\n                \"layout\": {\n                    \"type\": \"dynamicGrid\",\n                    \"fixedRowHeight\": true\n                },\n                \"items\": [\n                    {\n                        \"type\": \"GSLabel\",\n                        \"text\": \"$$P119\",\n                        \"location\": {\n                            \"x\": 0,\n                            \"y\": 0\n                        },\n                        \"size\": {\n                            \"w\": 70,\n                            \"h\": -1\n                        }\n                    },\n                    {\n                        \"type\": \"GSTextField\",\n                        \"attribute\": \"name\",\n                        \"location\": {\n                            \"x\": 1,\n                            \"y\": 0\n                        },\n                        \"size\": {\n                            \"w\": -1,\n                            \"h\": -1\n                        },\n                        \"delegates\": []\n                    },\n                    {\n                        \"type\": \"GSLabel\",\n                        \"text\": \"$$2A2D121FKA4FEA4A2BSBB99E110CB2E17D2F\",\n                        \"location\": {\n                            \"x\": 2,\n                            \"y\": 0\n                        },\n                        \"size\": {\n                            \"w\": 70,\n                            \"h\": -1\n                        }\n                    },\n                    {\n                        \"type\": \"GSComboBox\",\n                        \"attribute\": \"startCondition\",\n                        \"dataSource\": [\n                            \"$$92FC7C83K7C7CA40D8SA4BFE105C9DF03481\",\n                            \"$$3CB124F3KFE8DA4EC8SB3ADED03F6CA18763\"\n                        ],\n                        \"location\": {\n                            \"x\": 3,\n                            \"y\": 0\n                        },\n                        \"size\": {\n                            \"w\": -1,\n                            \"h\": -1\n                        }\n                    },\n                    {\n                        \"type\": \"GSCheckBox\",\n                        \"text\": \"$$643D97A3KB9CDA4774S9F3FE3D28D77D5FE6\",\n                        \"identifier\": \"conditionEnabled\",\n                        \"attribute\": \"conditionEnabled\",\n                        \"delegates\": [\n                            {\n                                \"identifier\": \"conditionSwitch\",\n                                \"selector\": \"setEnabled:enabled:\"\n                            }\n                        ],\n                        \"location\": {\n                            \"x\": 4,\n                            \"y\": 0\n                        },\n                        \"size\": {\n                            \"w\": 120,\n                            \"h\": -1\n                        }\n                    },\n                    {\n                        \"type\": \"GSVariablePopupField\",\n                        \"attribute\": \"conditionSwitch\",\n                        \"identifier\": \"conditionSwitch\",\n                        \"dataSource\": \"booleans\",\n                        \"location\": {\n                            \"x\": 5,\n                            \"y\": 0\n                        },\n                        \"size\": {\n                            \"w\": -1,\n                            \"h\": -1\n                        }\n                    },\n                    {\n                        \"type\": \"GSCheckBox\",\n                        \"attribute\": \"parallel\",\n                        \"group\": \"generalLabels\",\n                        \"text\": \"$$BC815438K56B6A485AS9A48E595406882357\",\n                        \"frame\": [6, 0]\n                    },\n                    {\n                        \"type\": \"GSCheckBox\",\n                        \"attribute\": \"autoPreload\",\n                        \"group\": \"generalLabels\",\n                        \"text\": \"$$60CEDBFE439BC6413B68294545AC39B5C110\",\n                        \"defaultValue\": true,\n                        \"frame\": [7, 0]\n                    }\n                ]\n            },\n            {\n                \"name\": \"$$745DA28CKEA60A477AS9B58EA60AF06FC9BF\",\n                \"layout\": {\n                    \"type\": \"dynamicGrid\",\n                    \"fixedRowHeight\": true,\n                    \"spacing\": [\n                        0,\n                        0\n                    ]\n                },\n                \"column\": 0,\n                \"items\": [\n                    {\n                        \"type\": \"GSContainer\",\n                        \"viewUid\": \"07DDB0814131C342\",\n                        \"parameters\": {\n                            \"localVariables\": {\n                                \"attribute\": \"parameters\"\n                            }\n                        },\n                        \"location\": {\n                            \"x\": 0,\n                            \"y\": 0\n                        },\n                        \"size\": {\n                            \"w\": -1,\n                            \"h\": -1\n                        }\n                    }\n                ]\n            },\n            {\n\t            \"name\": \"$$5DFEA9BA679B70467A8BB0E18E8EEE2C4C50\",\n\t            \"noBorder\": false,\n\t            \"outline\": false,\n\t            \"layout\": {\n\t                \"type\": \"flow\",\n\t                \"spacing\": [\n                        0,\n                        0\n                    ]\n\t            },\n\t            \"column\": 0,\n\t            \"height\": -1,\n\t            \"items\": [\n\t                {\n                        \"type\": \"GSSplitView\",\n                        \"identifier\": \"hSplitView\",\n                        \"orientation\": \"horizontal\",\n                        \"paneSplitter\": true,\n                        \"views\": [\n                        \t{\n                        \t\t\"name\": \"\",\n                        \t\t\"sectionSpacing\": [0, 0],\n                        \t\t\"spacing\": [0, 0],\n                        \t\t\"cssClass\": \"ui-scene-view-container\",\n                        \t\t\"sections\": [\n                        \t\t\t{\n                        \t\t\t\t\"headerCssClass\": \"ui-vn-scene-view-header\",\n                        \t\t\t\t\"headerTextCssClass\": \"ui-vn-scene-view-header-text\",\n                        \t\t\t\t\"headerLineCssClass\": \"ui-vn-scene-view-header-line\",\n                        \t\t\t\t\"headerHeight\": 50,\n\t\t\t\t\t\t\t            \"name\": \"Scene Content\",\n\t\t\t\t\t\t\t            \"noBorder\": true,\n\t\t\t\t\t\t\t            \"outline\": false,\n\t\t\t\t\t\t\t            \"layout\": {\n\t\t\t\t\t\t\t                \"type\": \"flow\",\n\t\t\t\t\t\t\t                \"spacing\": [\n\t\t\t\t\t\t                        0,\n\t\t\t\t\t\t                        0\n\t\t\t\t\t\t                    ]\n\t\t\t\t\t\t\t            },\n\t\t\t\t\t\t\t            \"column\": 0,\n\t\t\t\t\t\t\t            \"height\": -1,\n\t\t\t\t\t\t\t            \"items\": [\n\t\t\t\t\t\t\t                {\n\t\t\t\t\t\t                        \"type\": \"GSSceneContentView\",\n\t\t\t\t\t\t                        \"attribute\": \"commands\",\n\t\t\t\t\t\t                        \"identifier\": \"content\",\n\t\t\t\t\t\t                        \"outline\": false,\n\t\t\t\t\t\t                        \"frame\": [0, 0, -1, -1]\n\t\t\t\t\t\t                    }\n\t\t\t\t\t\t\t            ]\n\t\t\t\t\t\t\t        }\n                        \t\t]\n                        \t},\n                        \t{\n                        \t\t\"name\": \"\",\n                        \t\t\"sectionSpacing\": [0, 0],\n                        \t\t\"spacing\": [0, 0],\n                        \t\t\"sections\": [\n                        \t\t\t{\n                                        \"headerCssClass\": \"ui-vn-common-event-view-header\",\n                                        \"headerHeight\": 26,\n\t\t\t\t\t\t\t            \"name\": \"$$P118\",\n\t\t\t\t\t\t\t            \"noBorder\": false,\n\t\t\t\t\t\t\t            \"outline\": false,\n\t\t\t\t\t\t\t            \"layout\": {\n\t\t\t\t\t\t\t                \"type\": \"flow\",\n\t\t\t\t\t\t\t                \"spacing\": [\n\t\t\t\t\t\t                        0,\n\t\t\t\t\t\t                        0\n\t\t\t\t\t\t                    ]\n\t\t\t\t\t\t\t            },\n\t\t\t\t\t\t\t            \"column\": 0,\n\t\t\t\t\t\t\t            \"height\": -1,\n\t\t\t\t\t\t\t            \"items\": [\n\t\t\t\t\t\t\t            \t{\n\t\t\t\t\t\t                        \"type\": \"GSSceneToolBox\",\n\t\t\t\t\t\t                        \"attribute\": \"toolBox\",\n\t\t\t\t\t\t                        \"identifier\": \"toolBox\",\n\t\t\t\t\t\t                        \"bindings\": [{ \"source\": \"commandEntry\", \"to\": \"content\", \"target\": \"newCommand\"}],\n\t\t\t\t\t\t                        \"outline\": false,\n\t\t\t\t\t\t                        \"frame\": [0, 0, -1, -1]\n\t\t\t\t\t\t                    }\n\t\t\t\t\t\t\t            ]\n\t\t\t\t\t\t\t        }\n                        \t\t]\n                        \t}\n                        ],\n                        \"frame\": [0, 0, -1, -1]\n                    }\n\t            ]\n\t        }\n        ]\n    }\n}"},"summary":["name","type"]}