{"uid":"07DD80F0F030A30C","isLoaded":true,"lastModificationTime":1424023478781,"items":{"name":"Jump to Label","type":"event_command","displayName":"$$A4F947BBK7DFBA44B6SB449EC35405E4DEE7","id":"gs.JumpToLabel","group":"$$2DCE5AEAK657FA4F5BS8EC3EA543DC123D24","defaultValue":{"name":""},"quickItems":[{"type":"GSQTextArea","label":"$$P55","multiline":false,"attribute":"name","valueFormula":"return p.name || lcs('2AA95C2462998440D08A89C884F8259FD71F')"}],"rawContent":"{\n    \"displayName\": \"$$A4F947BBK7DFBA44B6SB449EC35405E4DEE7\",\n    \"id\": \"gs.JumpToLabel\",\n    \"group\": \"$$2DCE5AEAK657FA4F5BS8EC3EA543DC123D24\",\n    \"defaultValue\": { \"name\": \"\" },\n    \"quickItems\": [\n        {\n            \"type\": \"GSQTextArea\",\n            \"label\": \"$$P55\",\n            \"multiline\": false,\n            \"attribute\": \"name\",\n            \"valueFormula\": \"return p.name || lcs('2AA95C2462998440D08A89C884F8259FD71F')\"\n        }\n    ]\n}","parentId":"97163D89K8F9DA45ADSA51CE47DE4ECE311C","order":8},"summary":["name","type"]}