{"uid":"07DDB01171533228","isLoaded":true,"lastModificationTime":1428415343920,"items":{"name":"Tint Picture","type":"event_command","parentId":"0FEBB76EK401BA41A4S99B1E2346601143E2","displayName":"$$FC25DF89KDE6CA4678SAA7CE2A7F74DE60FC","windowTitle":"$$FC25DF89KDE6CA4678SAA7CE2A7F74DE60FC","id":"gs.TintPicture","group":"$$8E805C42KAAEBA4E2ASAFEBE14638DCA0760","windowSize":{"w":332},"nodes":[{"name":"return GS.ECH.textForTintPicture(p);","id":"gs.TintPicture"}],"defaultValue":{"number":0,"easing":{"type":0,"inOut":1},"tone":{"red":0,"green":0,"blue":0,"grey":0},"duration":0,"waitForCompletion":0},"quickItems":[{"label":"$$C287D490K9B01A4407SA616EF2726CA43B52","identifier":"number","variableButton":{"dataSource":"numbers"},"type":"GSQStepper","attribute":"number","minimum":0,"maximum":9999999},{"label":"$$CB75D4C9K770FA47E2S92C2E21822CB848C7","valueFormula":"return p.tone.red + ', ' + p.tone.green + ', ' + p.tone.blue + ', '+p.tone.grey; ","attribute":"tone","type":"GSQPopupField","dataAttribute":"tone","dialog":{"uid":"07DDB01111532274","parameters":{}}},{"label":"$$0BD2456DK1DA1A4C2DS9C03EAC7A2C6C7815","valueFormula":"return fmtDuration(fmtNumVar(p.duration))","valueTranslator":{"write":"return v / 1000 * GS.CONST.GAME_FRAME_RATE","read":"return ROUND(v / GS.CONST.GAME_FRAME_RATE * 1000)"},"type":"GSQStepper","attribute":"duration","identifier":"duration","variableButton":{"dataSource":"numbers"},"minimum":0,"maximum":9999999},{"type":"GSQPopupField","attribute":"waitForCompletion","identifier":"waitForCompletion","dataSource":["$$2EA7A7BF12D3404F62094CA6644784A9FC40","$$97A5E676K2351A43FCSB0DFEBB5CF7A73243"],"valueFormula":"return (p.waitForCompletion ? lcs('97A5E676K2351A43FCSB0DFEBB5CF7A73243') : lcs('2EA7A7BF12D3404F62094CA6644784A9FC40'))"}],"expandedView":{"columns":[{"sections":[{"label":"$$4B6665ACK640FA4A19S89F1E4F1070280626","rows":[{"items":[{"label":"Easing","type":"GSQPopupField","attribute":"easing.type","lockable":true,"width":"50%","dataSource":["$$B04840A62C08B644918821142386D7EEB014","$$99D9039B6FF24440998B5ED62A44E25D562A","$$6DB3AC545EBEF747C56BB237892A2FE7DC6A","$$087E67D05860D644FC9A87C91B303A91E774","$$5101E7646B6A284EC5385FF42CC39E29BC20","$$9DEB76CD12AA024F65384215C8DF97C64463","$$757243FE807A124F5058CEA6DC72BB24F1AD","$$22D2BB118D79E248023904E4E5DCF459C2B2"],"valueFormula":"return GS.CONST.EASING_TYPES[p.easing.type]"},{"label":"","width":"auto","type":"GSQPopupField","attribute":"easing.inOut","dataSource":["$$19C38D481D2B4947845AFB426AA83A22A24E","$$636489127D19D648ED6BB357549054B90E98","$$03359F826080274E018A4693CE01C765D700"],"valueFormula":"return GS.CONST.EASING_IN_OUT[p.easing.inOut]"}]}]}]}]},"sections":[],"rawContent":"{\n    \"parentId\": \"AFAD6CEFK59C1A4298SBABFE7AEC1B964622\",\n    \"displayName\": \"$$FC25DF89KDE6CA4678SAA7CE2A7F74DE60FC\",\n    \"windowTitle\": \"$$FC25DF89KDE6CA4678SAA7CE2A7F74DE60FC\",\n    \"type\": \"event_command\",\n    \"id\": \"gs.TintPicture\",\n    \"group\": \"$$8E805C42KAAEBA4E2ASAFEBE14638DCA0760\",\n    \"windowSize\": {\n        \"w\": 332\n    },\n    \"nodes\": [\n        {\n            \"name\": \"return GS.ECH.textForTintPicture(p);\",\n            \"id\": \"gs.TintPicture\"\n        }\n    ],\n    \"defaultValue\": { \"number\": 0, \"easing\": { \"type\": 0, \"inOut\": 1 }, \"tone\": { \"red\": 0, \"green\": 0, \"blue\": 0, \"grey\": 0 }, \"duration\": 0, \"waitForCompletion\": 0 },\n    \"quickItems\": [\n        GSQ.CONTROLS.GRAPHIC_OBJECT_NUMBER,\n        GSQ.CONTROLS.TONE,\n        GSQ.CONTROLS.DURATION, GSQ.CONTROLS.WAIT_FOR_COMPLETION\n    ],\n    \"expandedView\": {\n        \"columns\": [\n            {\n                \"sections\": [\n                    {\n                        \"label\": \"$$4B6665ACK640FA4A19S89F1E4F1070280626\",\n                        \"rows\": [\n                            GSQ.ROWS.EASING\n                        ]\n                    } \n                ]\n            }\n        ]\n    },\n    \"sections\": [\n    ]\n}","order":2},"summary":["name","type"]}