{"uid":"07DD3100139040C6","lastModificationTime":1401039345487,"items":{"name":"Weapons","type":"DataRecordCollection","records":[{"name":"Sword","index":0,"params":[0,0,5,0,0,0,0,0],"icon":{"name":""},"description":"A simple sword. Nothing special.","price":100,"effects":[],"note":"","iconGraphic":{"name":""},"iconPattern":61,"features":[],"weaponType":0,"animationId":0,"properties":[]},{"name":"Staff","index":1,"params":[0,0,3,0,5,0,0,0],"iconGraphic":{"name":""},"iconPattern":120,"description":"A simple staff. Nothing special.","price":100,"effects":[],"note":"","features":[],"weaponType":1,"animationId":0,"properties":[]},{"name":"Ultra Staff","index":2,"params":[0,0,0,0,0,0,0,0],"iconGraphic":{"name":""},"description":"The ultimate weapon!","price":5000,"features":[],"note":"","weaponType":1,"animationId":0,"properties":[]},{"name":"","index":3,"params":[-5000,-5000,-500,-500,-500,-500,-500,-500],"iconGraphic":{"name":""},"description":"","price":0,"features":[],"note":""},{"name":"","index":4}],"viewUid":"07DDB1A13203225B"},"summary":["name","type"]}