{"uid":"07DDB0813071213B","isLoaded":true,"lastModificationTime":1424023483156,"items":{"name":"Call Common Event","type":"event_command","parentId":"CCC1D58AKA96AA4B0ESA33CE6CCC06CB5662","order":1,"windowTitle":"$$F6DFC545KF53CA4617SA066EDA0BD2F65F02","id":"gs.CallCommonEvent","group":"$$C1953650K4FD7A4268SB298E0BEFC554D88E","windowSize":{"w":400},"nodes":[],"defaultValue":{"commonEventId":0,"parameters":{"values":[]}},"quickItems":[{"label":"Event","valueFormula":"return fmtRecord('commonEvents', p.commonEventId)","attribute":"commonEventId","identifier":"commonEvent","type":"GSQDataRecordField","dataSource":"commonEvents"},{"label":"Parameters","valueFormula":"return (p.parameters.values && p.parameters.values.length > 0) ? fmt('%d Values', p.parameters.values.length) : 'None';","type":"GSQPopupField","attribute":"parameters","identifier":"parameters","dialog":{"uid":"dialog.selectParameters","bindings":[{"source":"commonEvent","translator":"return record('commonEvents', p).parameters||[]","to":"global","target":"parameters"}]}}],"sections":[],"rawContent":"{\n    \"parentId\": \"AFAD6CEFK59C1A4298SBABFE7AEC1B964622\",\n    \"displayName\": \"$$F6DFC545KF53CA4617SA066EDA0BD2F65F02\",\n    \"windowTitle\": \"$$F6DFC545KF53CA4617SA066EDA0BD2F65F02\",\n    \"type\": \"event_command\",\n    \"id\": \"gs.CallCommonEvent\",\n    \"group\": \"$$C1953650K4FD7A4268SB298E0BEFC554D88E\",\n    \"windowSize\": {\n        \"w\": 400\n    },\n    \"nodes\": [\n    ],\n    \"defaultValue\": { \"commonEventId\": 0, \"parameters\": { \"values\": [] } },\n    \"quickItems\": [\n        GSQ.CONTROLS.COMMON_EVENT_SELECTION,\n        {\n            \"label\": \"$$745DA28CKEA60A477AS9B58EA60AF06FC9BF\",\n            \"valueFormula\": \"return (p.parameters.values && p.parameters.values.length > 0) ? fmt('%d ' + lcs('07C673A54FF38043E879A471A04AD650FDDF'), p.parameters.values.length) : lcs('D7DC911DKCCB9A4DE9SBE26EBFCCA4CB0826');\",\n            \"type\": \"GSQPopupField\",\n            \"attribute\": \"parameters\",\n            \"identifier\": \"parameters\",\n            \"dialog\": { \n                \"uid\": \"dialog.selectParameters\",\n                \"bindings\": [{ \"source\": \"commonEvent\", \"translator\": \"return record('commonEvents', p).parameters||[]\", \"to\": \"global\", \"target\": \"parameters\" }]\n            }\n        }\n    ],\n    \"sections\": [\n    ]\n}"},"summary":["name","type"]}