{"uid":"07DD714151A3B2EA","isLoaded":true,"lastModificationTime":1424023478243,"items":{"name":"Wait","type":"event_command","displayName":"$$97A5E676K2351A43FCSB0DFEBB5CF7A73243","id":"gs.WaitCommand","group":"$$2DCE5AEAK657FA4F5BS8EC3EA543DC123D24","defaultValue":{"time":0},"quickItems":[{"type":"GSQStepper","tooltip":"$$2CD0620DKA04CA4EB8S8EE3EB224F72B42A3","attribute":"time","label":"$$0BD2456DK1DA1A4C2DS9C03EAC7A2C6C7815","minimum":0,"maximum":9999999,"variableButton":{"dataSource":"numbers"},"valueFormula":"return fmtDuration(p.time)","valueTranslator":{"read":"return ROUND(v / GS.CONST.GAME_FRAME_RATE * 1000)","write":"return v / 1000 * GS.CONST.GAME_FRAME_RATE"}}],"sections":[],"rawContent":"{\n    \"displayName\": \"$$97A5E676K2351A43FCSB0DFEBB5CF7A73243\",\n    \"id\": \"gs.WaitCommand\",\n    \"group\": \"$$2DCE5AEAK657FA4F5BS8EC3EA543DC123D24\",\n    \"defaultValue\": { \"time\": 0 },\n    \"quickItems\": [\n        {\n            \"type\": \"GSQStepper\",\n            \"tooltip\": \"$$2CD0620DKA04CA4EB8S8EE3EB224F72B42A3\",\n            \"attribute\": \"time\",\n            \"label\": \"$$0BD2456DK1DA1A4C2DS9C03EAC7A2C6C7815\",\n            \"minimum\": 0,\n            \"maximum\": GS.CONST.MAX_NUMBER_VALUE,\n            \"variableButton\": {\n                \"dataSource\": \"numbers\"\n            },\n            \"valueFormula\": \"return fmtDuration(p.time)\",\n            \"valueTranslator\": { \"read\": \"return ROUND(v / GS.CONST.GAME_FRAME_RATE * 1000)\", \"write\": \"return v / 1000 * GS.CONST.GAME_FRAME_RATE\" }\n        }\n    ],\n    \"sections\": [\n    ]\n}","parentId":"97163D89K8F9DA45ADSA51CE47DE4ECE311C","order":0},"summary":["name","type"]}