{"uid":"07DDB0F122D0A365","isLoaded":true,"lastModificationTime":1424023483670,"items":{"name":"Erase Text","type":"event_command","parentId":"B384159EK3827A45E9S93E0E2345AAFC3787","order":5,"windowTitle":"$$D62A4348KE7B5A40DAS8DDBEC6F3F919FE0D","id":"gs.EraseText","group":"$$CEA96B0BK6FBBA416BSB00FEDF96A1248489","windowSize":{"w":400,"h":400},"columns":[400],"defaultValue":{"number":0,"duration":0,"waitForCompletion":0,"easing":{"type":0,"inOut":1},"animation":{"type":0,"movement":0,"mask":{"graphic":null,"vague":30}}},"quickItems":[{"label":"Number","identifier":"number","variableButton":{"dataSource":"numbers"},"type":"GSQStepper","attribute":"number","minimum":0,"maximum":9999999},{"label":"Duration","valueFormula":"return fmtDuration(fmtNumVar(p.duration))","valueTranslator":{"write":"return v / 1000 * GS.CONST.GAME_FRAME_RATE","read":"return ROUND(v / GS.CONST.GAME_FRAME_RATE * 1000)"},"type":"GSQStepper","attribute":"duration","identifier":"duration","variableButton":{"dataSource":"numbers"},"minimum":0,"maximum":9999999,"lockable":true},{"type":"GSQPopupField","attribute":"waitForCompletion","identifier":"waitForCompletion","dataSource":["Continue","Wait"],"valueFormula":"return (p.waitForCompletion ? 'Wait' : 'Continue')"}],"expandedView":{"columns":[{"sections":[{"label":"Effects","rows":[{"items":[{"label":"Easing","type":"GSQPopupField","attribute":"easing.type","lockable":true,"width":"50%","dataSource":["Linear","Ease Quadratic","Ease Quartic","Ease Cubic","Ease Quintic","Ease Sinusoidal","Ease Exponential","Ease Circula"],"valueFormula":"return GS.CONST.EASING_TYPES[p.easing.type]"},{"label":"","width":"auto","lockable":true,"type":"GSQPopupField","attribute":"easing.inOut","dataSource":["Out","In","In/Out"],"valueFormula":"return GS.CONST.EASING_IN_OUT[p.easing.inOut]"}]},{"items":[{"type":"GSQPopupField","attribute":"animation.type","width":"50%","lockable":true,"label":"Animation","dataSource":["Movement","Blending","Masking"],"valueFormula":"return GS.CONST.APPEARANCE_ANIMATION_TYPES[p.animation.type]","showItems":[["movement"],[],["maskFile","maskVague"]]},{"identifier":"movement","dataSource":["Left","Top","Right","Bottom"],"type":"GSQPopupField","lockable":true,"width":"auto","attribute":"animation.movement","valueFormula":"return GS.CONST.MOVE_ANIMATION_TYPES[p.animation.movement]"},{"label":"File","lockable":true,"valueFormula":"return fmtResource(p.animation.mask.graphic);","attribute":"animation.mask.graphic","variableButton":{"dataSource":"strings"},"identifier":"maskFile","type":"GSQPopupField","dataAttribute":"resource","dialog":{"uid":"dialog.selectGraphicResource","parameters":{"folder":"Graphics/Masks"}}},{"label":"Vague","lockable":true,"identifier":"maskVague","variableButton":{"dataSource":"numbers"},"type":"GSQStepper","attribute":"animation.mask.vague","minimum":0,"maximum":255}]}]}]}]},"nodes":[{"name":"return GS.ECH.textForEraseText(p)","id":"gs.EraseText"}],"sectionSpacing":[0,0],"sections":[],"rawContent":"{\n    \"parentId\": \"AFAD6CEFK59C1A4298SBABFE7AEC1B964622\",\n    \"displayName\": \"$$D62A4348KE7B5A40DAS8DDBEC6F3F919FE0D\",\n    \"windowTitle\": \"$$D62A4348KE7B5A40DAS8DDBEC6F3F919FE0D\",\n    \"type\": \"event_command\",\n    \"id\": \"gs.EraseText\",\n    \"group\": \"$$CEA96B0BK6FBBA416BSB00FEDF96A1248489\",\n    \"windowSize\": {\n        \"w\": 400,\n        \"h\": 400\n    },\n    \"columns\": [\n        400\n    ],\n    \"defaultValue\": { \"number\": 0, \"duration\": 0, \"waitForCompletion\": 0, \"easing\": { \"type\": 0, \"inOut\": 1 }, \"animation\": GS.CONST.DEFAULT_APPEARANCE_ANIMATION_DATA },\n    \"quickItems\": [\n        GSQ.CONTROLS.GRAPHIC_OBJECT_NUMBER,\n        Object.override(GSQ.CONTROLS.DURATION, {\"lockable\": true}),\n        GSQ.CONTROLS.WAIT_FOR_COMPLETION\n    ],\n    \"expandedView\": {\n        \"columns\": [\n            {\n                \"sections\": [\n                    {\n                        \"label\": \"$$4B6665ACK640FA4A19S89F1E4F1070280626\",\n                        \"rows\": [\n                            GSQ.ROWS.EASING,\n                            GSQ.ROWS.APPEARANCE_ANIMATION\n                        ]\n                    } \n                ]\n            }\n        ]\n    },\n    \"nodes\": [\n        {\n            \"name\": \"return GS.ECH.textForEraseText(p)\",\n            \"id\": \"gs.EraseText\"\n        }\n    ],\n    \"sectionSpacing\": [\n        0,\n        0\n    ],\n    \"sections\": [\n    ]\n}"},"summary":["name","type"]}