{"uid":"07DDB08163707217","isLoaded":true,"lastModificationTime":1424023483421,"items":{"name":"Text Variable","type":"event_command","parentId":"97163D89K8F9DA45ADSA51CE47DE4ECE311C","order":3,"displayName":"$$CD6273FD0A71E547C46AFA4232B1079E96FB","id":"gs.ChangeStringVariables","group":"$$2DCE5AEAK657FA4F5BS8EC3EA543DC123D24","expanded":true,"defaultValue":{"target":0,"targetVariable":{"scope":1,"index":0},"targetRangeScope":0,"rangeStart":0,"rangeEnd":0,"operation":0,"valueType":0,"textValue":""},"quickItems":[{"label":"$$30A49AB7K99E9A4E59SAA85EAA161A0E1836","valueFormula":"return GS.CONST.TEXT_VARIABLE_TARGETS[p.target]","attribute":"target","identifier":"target","type":"GSQPopupField","dataSource":["Text","Range"],"showItems":[["targetVariable"],["targetRangeScope","rangeStart","rangeEnd"]]},{"label":"$$CEA96B0BK6FBBA416BSB00FEDF96A1248489","valueFormula":"return fmtStrVar(p.targetVariable)","attribute":"targetVariable","type":"GSQPopupField","dialog":{"uid":"dialog.selectVariable","parameters":{"dataSource":"strings"}}},{"label":"$$8F52A5EE89E7E948CD5805E9FD34F6392535","valueFormula":"return GS.CONST.VARIABLE_SCOPES[p.targetRangeScope]","attribute":"targetRangeScope","type":"GSQPopupField","dataSource":["Local","Global"]},{"label":"$$CA1904C34CB8A64AEE891DD1784948E737C4","valueFormula":"return p.rangeStart;","type":"GSQStepper","attribute":"rangeStart","minimum":1,"maximum":9999999},{"label":"$$DC1A41265CECC346098B4931B5874A2AF62A","valueFormula":"return p.rangeEnd;","type":"GSQStepper","attribute":"rangeEnd","minimum":1,"maximum":9999999},{"label":"$$2900A383K89C0A4833SB25FE5DE87EB43DD7","valueFormula":"return GS.CONST.TEXT_VARIABLE_OPERATIONS[p.operation]","attribute":"operation","type":"GSQPopupField","dataSource":["Set","Append","To Upper-Case","To Lower-Case"]}],"fullSizeItems":[{"identifier":"text","valueFormula":"return lcsg(p.textValue) || lcs('01287A7825B6604DB689B762A33E73E024D4')","variableButton":{"dataSource":"strings"},"attribute":"textValue","type":"GSQTextArea","localizable":true}],"rawContent":"{\n    \"displayName\": \"$$CD6273FD0A71E547C46AFA4232B1079E96FB\",\n    \"id\": \"gs.ChangeStringVariables\",\n    \"group\": \"$$2DCE5AEAK657FA4F5BS8EC3EA543DC123D24\",\n    \"order\": 2,\n    \"expanded\": true,\n    \"defaultValue\": { \"target\": 0, \"targetVariable\": { \"scope\": 1, \"index\": 0 }, \"targetRangeScope\": 0, \"rangeStart\": 0, \"rangeEnd\": 0, \"operation\": 0, \"valueType\": 0, \"textValue\": \"\" },\n    \"quickItems\": [\n        {\n            \"label\": \"$$30A49AB7K99E9A4E59SAA85EAA161A0E1836\",\n            \"valueFormula\": \"return GS.CONST.TEXT_VARIABLE_TARGETS[p.target]\",\n            \"attribute\": \"target\",\n            \"identifier\": \"target\",\n            \"type\": \"GSQPopupField\",\n            \"dataSource\": GS.CONST.TEXT_VARIABLE_TARGETS,\n            \"showItems\": [[\"targetVariable\"], [\"targetRangeScope\", \"rangeStart\", \"rangeEnd\"]]\n        },\n        {\n            \"label\": \"$$CEA96B0BK6FBBA416BSB00FEDF96A1248489\",\n            \"valueFormula\": \"return fmtStrVar(p.targetVariable)\",\n            \"attribute\": \"targetVariable\",\n            \"type\": \"GSQPopupField\",\n            \"dialog\": { \"uid\": \"dialog.selectVariable\", \"parameters\": { \"dataSource\": \"strings\" }}\n        },\n        {\n            \"label\": \"$$8F52A5EE89E7E948CD5805E9FD34F6392535\",\n            \"valueFormula\": \"return GS.CONST.VARIABLE_SCOPES[p.targetRangeScope]\",\n            \"attribute\": \"targetRangeScope\",\n            \"type\": \"GSQPopupField\",\n            \"dataSource\": GS.CONST.VARIABLE_SCOPES\n        },\n        {\n            \"label\": \"$$CA1904C34CB8A64AEE891DD1784948E737C4\",\n            \"valueFormula\": \"return p.rangeStart;\",\n            \"type\": \"GSQStepper\",\n            \"attribute\": \"rangeStart\",\n            \"minimum\": 1,\n            \"maximum\": GS.CONST.MAX_NUMBER_VALUE\n        },\n        {\n            \"label\": \"$$DC1A41265CECC346098B4931B5874A2AF62A\",\n            \"valueFormula\": \"return p.rangeEnd;\",\n            \"type\": \"GSQStepper\",\n            \"attribute\": \"rangeEnd\",\n            \"minimum\": 1,\n            \"maximum\": GS.CONST.MAX_NUMBER_VALUE\n        },\n        {\n            \"label\": \"$$2900A383K89C0A4833SB25FE5DE87EB43DD7\",\n            \"valueFormula\": \"return GS.CONST.TEXT_VARIABLE_OPERATIONS[p.operation]\",\n            \"attribute\": \"operation\",\n            \"type\": \"GSQPopupField\",\n            \"dataSource\": GS.CONST.TEXT_VARIABLE_OPERATIONS\n        }\n    ],\n    \"fullSizeItems\": [\n        {\n            \"identifier\": \"text\",\n            \"valueFormula\": \"return lcsg(p.textValue) || lcs('01287A7825B6604DB689B762A33E73E024D4')\",\n            \"variableButton\": { \"dataSource\": \"strings\" },\n            \"attribute\": \"textValue\",\n            \"type\": \"GSQTextArea\",\n            \"localizable\": true\n        }\n    ]\n}"},"summary":["name","type"]}