{"uid":"07DDB19171815190","lastModificationTime":1405801499758,"items":{"name":"Terrains","type":"DataRecordCollection","records":[{"name":"Ground","index":0,"damage":{"type":0,"elementId":0,"variance":5,"percentage":0,"value":0},"sound":{"name":""},"playSoundOnDamage":true,"encounter":100,"background":{"name":"","scroll":{"x":3,"y":0},"image":{"name":""},"loopX":false,"loopY":true},"foreground":{"name":"","scroll":{"x":0,"y":0},"image":{"name":""},"loopX":false,"loopY":false}},{"name":"Water","index":1,"background":{"scroll":{"x":0,"y":0},"image":{"name":""},"loopX":false,"loopY":false},"foreground":{"scroll":{"x":0,"y":0},"image":{"name":""},"loopX":false,"loopY":false},"damage":{"type":0,"elementId":0,"variance":0,"percentage":0,"value":0},"sound":{"name":"Absorption2","volume":100,"playbackRate":100},"playSoundOnDamage":false,"encounter":100},{"name":"Deep Water","index":2,"background":{"image":{"name":""},"loopX":false,"loopY":false},"foreground":{"image":{"name":""},"loopX":false,"loopY":false},"damage":{"type":0,"elementId":0,"variance":0,"percentage":0,"value":0},"sound":{"name":"Absorption2","volume":100,"playbackRate":100},"playSoundOnDamage":false,"encounter":100},{"name":"","index":3,"background":{"image":{"name":""},"loopX":false,"loopY":false},"foreground":{"image":{"name":""},"loopX":false,"loopY":false},"damage":{"type":0,"elementId":0,"variance":0,"percentage":0,"value":0},"sound":{"name":"Absorption2","volume":100,"playbackRate":100},"playSoundOnDamage":false,"encounter":100},{"name":"","index":4}],"viewUid":"07DDB1A132032269"},"summary":["name","type"]}