{"uid":"07DDB06172D0B248","isLoaded":true,"lastModificationTime":1424023481818,"items":{"name":"Stop Music","type":"event_command","parentId":"4F83188DK2895A4449SBAF7E09712D75291C","displayName":"$$F07CF506656A0146370ABCF162A443C0A058","windowTitle":"$$9362AA97KCCDAA4DEDSA8F6E3A48F738F01B","id":"gs.StopMusic","group":"$$42B163D5K15C1A4737SA896EB7D0DDAA19AC","windowSize":{"w":400},"nodes":[{"name":"return fmt(lcs('9362AA97KCCDAA4DEDSA8F6E3A48F738F01B')+'%s', !p.fadeOutDuration ? '' : ': '+fmtNumVar(p.fadeOutDuration)+'f')","id":"gs.StopMusic"}],"defaultValue":{"layer":0,"fadeOutDuration":0},"quickItems":[{"label":"$$C391D8A187BE754D3C48CC54E73980E75EB9","lockable":true,"valueFormula":"return fmtDuration(p.fadeOutDuration)","valueTranslator":{"write":"return v / 1000 * GS.CONST.GAME_FRAME_RATE","read":"return ROUND(v / GS.CONST.GAME_FRAME_RATE * 1000)"},"attribute":"fadeOutDuration","minimum":0,"maximum":9999999,"type":"GSQStepper"}],"expandedView":{"columns":[{"sections":[{"label":"$$9FEB895376A9F34CF86B5494DBD692B58693","rows":[{"items":[{"label":"$$272673AEKE288A48D0SB8D7EEFF528276A59","variableButton":{"dataSource":"numbers"},"type":"GSQStepper","attribute":"layer","minimum":0,"maximum":9999999}]}]}]}]},"sections":[],"rawContent":"{\n    \"parentId\": \"AFAD6CEFK59C1A4298SBABFE7AEC1B964622\",\n    \"displayName\": \"$$F07CF506656A0146370ABCF162A443C0A058\",\n    \"windowTitle\": \"$$9362AA97KCCDAA4DEDSA8F6E3A48F738F01B\",\n    \"type\": \"event_command\",\n    \"id\": \"gs.StopMusic\",\n    \"group\": \"$$42B163D5K15C1A4737SA896EB7D0DDAA19AC\",\n    \"windowSize\": {\n        \"w\": 400\n    },\n    \"nodes\": [\n        {\n            \"name\": \"return fmt(lcs('9362AA97KCCDAA4DEDSA8F6E3A48F738F01B')+'%s', !p.fadeOutDuration ? '' : ': '+fmtNumVar(p.fadeOutDuration)+'f')\",\n            \"id\": \"gs.StopMusic\"\n        }\n    ],\n    \"defaultValue\": { \"layer\": 0, \"fadeOutDuration\": 0 },\n    \"quickItems\": [\n        GSQ.CONTROLS.AUDIO_FADE_OUT\n    ],\n    \"expandedView\": {\n        \"columns\": [\n            {\n                \"sections\": [\n                    {\n                        \"label\": \"$$9FEB895376A9F34CF86B5494DBD692B58693\",\n                        \"rows\": [\n                            { \"items\": [GSQ.CONTROLS.AUDIO_LAYER] } \n                        ]\n                    } \n                ]\n            }\n        ]\n        \n    },\n    \"sections\": [\n    ]\n}","order":1},"summary":["name","type"]}