{"uid":"07DDB0815263B363","isLoaded":true,"lastModificationTime":1424023483259,"items":{"name":"Switch","type":"event_command","displayMame":"$$A8B1ECD7K09BAA4FFESB501EEF84B2699ED9","id":"gs.ChangeBooleanVariables","group":"$$2DCE5AEAK657FA4F5BS8EC3EA543DC123D24","order":5,"defaultValue":{"target":0,"targetVariable":{"scope":1,"index":0},"targetRangeScope":0,"rangeStart":0,"rangeEnd":0,"value":0},"quickItems":[{"label":"$$30A49AB7K99E9A4E59SAA85EAA161A0E1836","valueFormula":"return GS.CONST.SWITCH_VARIABLE_TARGETS[p.target]","attribute":"target","identifier":"target","type":"GSQPopupField","dataSource":["Switch","Range"],"showItems":[["switch"],["switchScope","switchRangeStart","switchRangeEnd"]]},{"label":"$$A8B1ECD7K09BAA4FFESB501EEF84B2699ED9","valueFormula":"return fmtBoolVar(p.targetVariable)","attribute":"targetVariable","identifier":"switch","type":"GSQPopupField","dialog":{"uid":"dialog.selectVariable","parameters":{"dataSource":"booleans"}}},{"label":"$$8F52A5EE89E7E948CD5805E9FD34F6392535","identifier":"switchScope","valueFormula":"return GS.CONST.VARIABLE_SCOPES[p.targetRangeScope]","attribute":"targetRangeScope","type":"GSQPopupField","dataSource":["Local","Global"]},{"label":"$$CA1904C34CB8A64AEE891DD1784948E737C4","valueFormula":"return p.rangeStart;","type":"GSQStepper","identifier":"switchRangeStart","attribute":"rangeStart","minimum":1,"maximum":9999999},{"label":"$$DC1A41265CECC346098B4931B5874A2AF62A","identifier":"switchRangeEnd","valueFormula":"return p.rangeEnd;","type":"GSQStepper","attribute":"rangeEnd","minimum":1,"maximum":9999999},{"label":"$$89ECAECDK4610A4BF8SA019E8444CA45FAB6","valueFormula":"return GS.CONST.SWITCH_STATES_TRIGGER[p.value]","attribute":"value","type":"GSQPopupField","dataSource":["OFF","ON","ON/OFF Trigger"]}],"rawContent":"{\n    \"displayMame\": \"$$A8B1ECD7K09BAA4FFESB501EEF84B2699ED9\",\n    \"id\": \"gs.ChangeBooleanVariables\",\n    \"group\": \"$$2DCE5AEAK657FA4F5BS8EC3EA543DC123D24\",\n    \"order\": 3,\n    \"defaultValue\": { \"target\": 0, \"targetVariable\": { \"scope\": 1, \"index\": 0 }, \"targetRangeScope\": 0, \"rangeStart\": 0, \"rangeEnd\": 0, \"value\": 0 },\n    \"quickItems\": [\n        {\n            \"label\": \"$$30A49AB7K99E9A4E59SAA85EAA161A0E1836\",\n            \"valueFormula\": \"return GS.CONST.SWITCH_VARIABLE_TARGETS[p.target]\",\n            \"attribute\": \"target\",\n            \"identifier\": \"target\",\n            \"type\": \"GSQPopupField\",\n            \"dataSource\": GS.CONST.SWITCH_VARIABLE_TARGETS,\n            \"showItems\": [[\"switch\"], [\"switchScope\", \"switchRangeStart\", \"switchRangeEnd\"]]\n        },\n        {\n            \"label\": \"$$A8B1ECD7K09BAA4FFESB501EEF84B2699ED9\",\n            \"valueFormula\": \"return fmtBoolVar(p.targetVariable)\",\n            \"attribute\": \"targetVariable\",\n            \"identifier\": \"switch\",\n            \"type\": \"GSQPopupField\",\n            \"dialog\": { \"uid\": \"dialog.selectVariable\", \"parameters\": { \"dataSource\": \"booleans\" }}\n        },\n        {\n            \"label\": \"$$8F52A5EE89E7E948CD5805E9FD34F6392535\",\n            \"identifier\": \"switchScope\",\n            \"valueFormula\": \"return GS.CONST.VARIABLE_SCOPES[p.targetRangeScope]\",\n            \"attribute\": \"targetRangeScope\",\n            \"type\": \"GSQPopupField\",\n            \"dataSource\": GS.CONST.VARIABLE_SCOPES\n        },\n        {\n            \"label\": \"$$CA1904C34CB8A64AEE891DD1784948E737C4\",\n            \"valueFormula\": \"return p.rangeStart;\",\n            \"type\": \"GSQStepper\",\n            \"identifier\": \"switchRangeStart\",\n            \"attribute\": \"rangeStart\",\n            \"minimum\": 1,\n            \"maximum\": GS.CONST.MAX_NUMBER_VALUE\n        },\n        {\n            \"label\": \"$$DC1A41265CECC346098B4931B5874A2AF62A\",\n            \"identifier\": \"switchRangeEnd\",\n            \"valueFormula\": \"return p.rangeEnd;\",\n            \"type\": \"GSQStepper\",\n            \"attribute\": \"rangeEnd\",\n            \"minimum\": 1,\n            \"maximum\": GS.CONST.MAX_NUMBER_VALUE\n        },\n        {\n            \"label\": \"$$89ECAECDK4610A4BF8SA019E8444CA45FAB6\",\n            \"valueFormula\": \"return GS.CONST.SWITCH_STATES_TRIGGER[p.value]\",\n            \"attribute\": \"value\",\n            \"type\": \"GSQPopupField\",\n            \"dataSource\": GS.CONST.SWITCH_STATES_TRIGGER\n        }\n    ]\n}","parentId":"97163D89K8F9DA45ADSA51CE47DE4ECE311C"},"summary":["name","type"]}