{"uid":"07DD719140115356","isLoaded":true,"lastModificationTime":1424023478287,"items":{"name":"Loop","type":"event_command","displayName":"$$ED7B5BF9KDE84A4CE8S9308E872A21F2D766","id":"gs.LoopCommand","group":"$$2DCE5AEAK657FA4F5BS8EC3EA543DC123D24","isContainer":true,"isMainNode":true,"defaultValue":{},"quickItems":[],"rawContent":"{\n    \"displayName\": \"$$ED7B5BF9KDE84A4CE8S9308E872A21F2D766\",\n    \"id\": \"gs.LoopCommand\",\n    \"group\": \"$$2DCE5AEAK657FA4F5BS8EC3EA543DC123D24\",\n    \"isContainer\": true,\n    \"isMainNode\": true,\n    \"defaultValue\": {},\n    \"quickItems\": []\n}","parentId":"97163D89K8F9DA45ADSA51CE47DE4ECE311C","order":1},"summary":["name","type"]}