{"uid":"07DDB0112342C01F","isLoaded":true,"lastModificationTime":1428165087572,"items":{"name":"Color Control","type":"custom_view","parentId":"AC1ABDCBK050BA4863S9964E3DC378247DAD","windowTitle":"$$2B315DB6K4137A4BD6S89ABE3F84440FBB81","windowSize":{"w":312},"sectionSpacing":[0,0],"sections":[{"name":"Color","noBorder":true,"layout":{"type":"dynamicGrid"},"column":0,"items":[{"type":"GSColorView","attribute":"color","identifier":"color","border":true,"location":{"x":0,"y":0},"size":{"w":-1,"h":150}},{"type":"GSLabel","text":"$$1311339FKC54DA4D7FS9A9BECCFADA7BE141","location":{"x":0,"y":1},"size":{"w":40,"h":-1}},{"type":"GSSlider","attribute":"color.red","identifier":"redSlider","defaultValue":255,"minimum":0,"maximum":255,"bindings":[{"source":"value","to":"color","target":"red"},{"source":"value","to":"redStepper","target":"value"}],"location":{"x":1,"y":1},"size":{"w":-1,"h":-1}},{"type":"GSStepper","attribute":"color.red","identifier":"redStepper","defaultValue":255,"minimum":-255,"maximum":255,"bindings":[{"source":"value","to":"color","target":"red"},{"source":"value","to":"redSlider","target":"value"}],"location":{"x":2,"y":1},"size":{"w":70,"h":-1}},{"type":"GSLabel","text":"$$0D0BD08AK2179A4261SA512E57DDA73AE4A8","location":{"x":0,"y":2},"size":{"w":40,"h":-1}},{"type":"GSSlider","attribute":"color.green","identifier":"greenSlider","defaultValue":255,"minimum":0,"maximum":255,"bindings":[{"source":"value","to":"color","target":"green"},{"source":"value","to":"greenStepper","target":"value"}],"location":{"x":1,"y":2},"size":{"w":-1,"h":-1}},{"type":"GSStepper","attribute":"color.green","identifier":"greenStepper","defaultValue":255,"minimum":0,"maximum":255,"bindings":[{"source":"value","to":"color","target":"green"},{"source":"value","to":"greenSlider","target":"value"}],"location":{"x":2,"y":2},"size":{"w":70,"h":-1}},{"type":"GSLabel","text":"$$EB9CBBAEKB01FA43DCSB9D7ED1DC9326F5A6","location":{"x":0,"y":3},"size":{"w":40,"h":-1}},{"type":"GSSlider","attribute":"color.blue","identifier":"blueSlider","defaultValue":255,"minimum":0,"maximum":255,"bindings":[{"source":"value","to":"color","target":"blue"},{"source":"value","to":"blueStepper","target":"value"}],"location":{"x":1,"y":3},"size":{"w":-1,"h":-1}},{"type":"GSStepper","attribute":"color.blue","identifier":"blueStepper","defaultValue":255,"minimum":0,"maximum":255,"bindings":[{"source":"value","to":"color","target":"blue"},{"source":"value","to":"blueSlider","target":"value"}],"location":{"x":2,"y":3},"size":{"w":70,"h":-1}},{"type":"GSLabel","identifier":"alphaLabel","text":"$$981F3986K92D4A4461S8132E4F3C91D97606","location":{"x":0,"y":4},"size":{"w":40,"h":-1}},{"type":"GSSlider","attribute":"color.alpha","identifier":"greySlider","defaultValue":255,"minimum":0,"maximum":255,"bindings":[{"source":"value","to":"color","target":"alpha"},{"source":"value","to":"greyStepper","target":"value"}],"location":{"x":1,"y":4},"size":{"w":-1,"h":-1}},{"type":"GSStepper","attribute":"color.alpha","identifier":"greyStepper","defaultValue":255,"minimum":0,"maximum":255,"bindings":[{"source":"value","to":"color","target":"alpha"},{"source":"value","to":"greySlider","target":"value"}],"location":{"x":2,"y":4},"size":{"w":70,"h":-1}}]}],"rawContent":"{\n    \"parentId\": \"AC1ABDCBK050BA4863S9964E3DC378247DAD\",\n\"name\": \"Color Control\",\n    \"windowTitle\": \"$$2B315DB6K4137A4BD6S89ABE3F84440FBB81\",\n    \"type\": \"custom_view\",\n    \"windowSize\": {\n        \"w\": 312\n    },\n    \"sectionSpacing\": [\n        0,\n        0\n    ],\n    \"sections\": [\n        {\n            \"name\": \"Color\",\n            \"noBorder\": true,\n            \"layout\": {\n                \"type\": \"dynamicGrid\"\n            },\n            \"column\": 0,\n            \"items\": [\n                {\n                    \"type\": \"GSColorView\",\n                    \"attribute\": \"color\",\n                    \"identifier\": \"color\",\n                    \"border\": true,\n                    \"location\": {\n                        \"x\": 0,\n                        \"y\": 0\n                    },\n                    \"size\": {\n                        \"w\": -1,\n                        \"h\": 150\n                    }\n                },\n                {\n                    \"type\": \"GSLabel\",\n                    \"text\": \"$$1311339FKC54DA4D7FS9A9BECCFADA7BE141\",\n                    \"location\": {\n                        \"x\": 0,\n                        \"y\": 1\n                    },\n                    \"size\": {\n                        \"w\": 40,\n                        \"h\": -1\n                    }\n                },\n                {\n                    \"type\": \"GSSlider\",\n                    \"attribute\": \"color.red\",\n                    \"identifier\": \"redSlider\",\n                    \"defaultValue\": 255,\n                    \"minimum\": 0,\n                    \"maximum\": 255,\n                    \"bindings\": [\n                        {\n                            \"source\": \"value\",\n                            \"to\": \"color\",\n                            \"target\": \"red\"\n                        },\n                        {\n                            \"source\": \"value\",\n                            \"to\": \"redStepper\",\n                            \"target\": \"value\"\n                        }\n                    ],\n                    \"location\": {\n                        \"x\": 1,\n                        \"y\": 1\n                    },\n                    \"size\": {\n                        \"w\": -1,\n                        \"h\": -1\n                    }\n                },\n                {\n                    \"type\": \"GSStepper\",\n                    \"attribute\": \"color.red\",\n                    \"identifier\": \"redStepper\",\n                    \"defaultValue\": 255,\n                    \"minimum\": -255,\n                    \"maximum\": 255,\n                    \"bindings\": [\n                        {\n                            \"source\": \"value\",\n                            \"to\": \"color\",\n                            \"target\": \"red\"\n                        },\n                        {\n                            \"source\": \"value\",\n                            \"to\": \"redSlider\",\n                            \"target\": \"value\"\n                        }\n                    ],\n                    \"location\": {\n                        \"x\": 2,\n                        \"y\": 1\n                    },\n                    \"size\": {\n                        \"w\": 70,\n                        \"h\": -1\n                    }\n                },\n                {\n                    \"type\": \"GSLabel\",\n                    \"text\": \"$$0D0BD08AK2179A4261SA512E57DDA73AE4A8\",\n                    \"location\": {\n                        \"x\": 0,\n                        \"y\": 2\n                    },\n                    \"size\": {\n                        \"w\": 40,\n                        \"h\": -1\n                    }\n                },\n                {\n                    \"type\": \"GSSlider\",\n                    \"attribute\": \"color.green\",\n                    \"identifier\": \"greenSlider\",\n                    \"defaultValue\": 255,\n                    \"minimum\": 0,\n                    \"maximum\": 255,\n                    \"bindings\": [\n                        {\n                            \"source\": \"value\",\n                            \"to\": \"color\",\n                            \"target\": \"green\"\n                        },\n                        {\n                            \"source\": \"value\",\n                            \"to\": \"greenStepper\",\n                            \"target\": \"value\"\n                        }\n                    ],\n                    \"location\": {\n                        \"x\": 1,\n                        \"y\": 2\n                    },\n                    \"size\": {\n                        \"w\": -1,\n                        \"h\": -1\n                    }\n                },\n                {\n                    \"type\": \"GSStepper\",\n                    \"attribute\": \"color.green\",\n                    \"identifier\": \"greenStepper\",\n                    \"defaultValue\": 255,\n                    \"minimum\": 0,\n                    \"maximum\": 255,\n                    \"bindings\": [\n                        {\n                            \"source\": \"value\",\n                            \"to\": \"color\",\n                            \"target\": \"green\"\n                        },\n                        {\n                            \"source\": \"value\",\n                            \"to\": \"greenSlider\",\n                            \"target\": \"value\"\n                        }\n                    ],\n                    \"location\": {\n                        \"x\": 2,\n                        \"y\": 2\n                    },\n                    \"size\": {\n                        \"w\": 70,\n                        \"h\": -1\n                    }\n                },\n                {\n                    \"type\": \"GSLabel\",\n                    \"text\": \"$$EB9CBBAEKB01FA43DCSB9D7ED1DC9326F5A6\",\n                    \"location\": {\n                        \"x\": 0,\n                        \"y\": 3\n                    },\n                    \"size\": {\n                        \"w\": 40,\n                        \"h\": -1\n                    }\n                },\n                {\n                    \"type\": \"GSSlider\",\n                    \"attribute\": \"color.blue\",\n                    \"identifier\": \"blueSlider\",\n                    \"defaultValue\": 255,\n                    \"minimum\": 0,\n                    \"maximum\": 255,\n                    \"bindings\": [\n                        {\n                            \"source\": \"value\",\n                            \"to\": \"color\",\n                            \"target\": \"blue\"\n                        },\n                        {\n                            \"source\": \"value\",\n                            \"to\": \"blueStepper\",\n                            \"target\": \"value\"\n                        }\n                    ],\n                    \"location\": {\n                        \"x\": 1,\n                        \"y\": 3\n                    },\n                    \"size\": {\n                        \"w\": -1,\n                        \"h\": -1\n                    }\n                },\n                {\n                    \"type\": \"GSStepper\",\n                    \"attribute\": \"color.blue\",\n                    \"identifier\": \"blueStepper\",\n                    \"defaultValue\": 255,\n                    \"minimum\": 0,\n                    \"maximum\": 255,\n                    \"bindings\": [\n                        {\n                            \"source\": \"value\",\n                            \"to\": \"color\",\n                            \"target\": \"blue\"\n                        },\n                        {\n                            \"source\": \"value\",\n                            \"to\": \"blueSlider\",\n                            \"target\": \"value\"\n                        }\n                    ],\n                    \"location\": {\n                        \"x\": 2,\n                        \"y\": 3\n                    },\n                    \"size\": {\n                        \"w\": 70,\n                        \"h\": -1\n                    }\n                },\n                {\n                    \"type\": \"GSLabel\",\n                    \"identifier\": \"alphaLabel\",\n                    \"text\": \"$$981F3986K92D4A4461S8132E4F3C91D97606\",\n                    \"location\": {\n                        \"x\": 0,\n                        \"y\": 4\n                    },\n                    \"size\": {\n                        \"w\": 40,\n                        \"h\": -1\n                    }\n                },\n                {\n                    \"type\": \"GSSlider\",\n                    \"attribute\": \"color.alpha\",\n                    \"identifier\": \"greySlider\",\n                    \"defaultValue\": 255,\n                    \"minimum\": 0,\n                    \"maximum\": 255,\n                    \"bindings\": [\n                        {\n                            \"source\": \"value\",\n                            \"to\": \"color\",\n                            \"target\": \"alpha\"\n                        },\n                        {\n                            \"source\": \"value\",\n                            \"to\": \"greyStepper\",\n                            \"target\": \"value\"\n                        }\n                    ],\n                    \"location\": {\n                        \"x\": 1,\n                        \"y\": 4\n                    },\n                    \"size\": {\n                        \"w\": -1,\n                        \"h\": -1\n                    }\n                },\n                {\n                    \"type\": \"GSStepper\",\n                    \"attribute\": \"color.alpha\",\n                    \"identifier\": \"greyStepper\",\n                    \"defaultValue\": 255,\n                    \"minimum\": 0,\n                    \"maximum\": 255,\n                    \"bindings\": [\n                        {\n                            \"source\": \"value\",\n                            \"to\": \"color\",\n                            \"target\": \"alpha\"\n                        },\n                        {\n                            \"source\": \"value\",\n                            \"to\": \"greySlider\",\n                            \"target\": \"value\"\n                        }\n                    ],\n                    \"location\": {\n                        \"x\": 2,\n                        \"y\": 4\n                    },\n                    \"size\": {\n                        \"w\": 70,\n                        \"h\": -1\n                    }\n                }\n            ]\n        }\n    ]\n}"},"summary":["name","type"]}