{"uid":"07DDB06171811126","isLoaded":true,"lastModificationTime":1424120014491,"items":{"name":"Play Music","type":"event_command","parentId":"4F83188DK2895A4449SBAF7E09712D75291C","order":0,"windowTitle":"$$EEA25494K169FA4A27S878CE9CDED783DF23","id":"gs.PlayMusic","group":"$$42B163D5K15C1A4737SA896EB7D0DDAA19AC","color":"purple","windowSize":{"w":400},"nodes":[{"name":"return fmt(lcs('48DF9A16K231AA4C6DSBD10E22EC33B79F55')+' [%s]%s', isVar(p.music) ? fmtStrVar(p.music) : p.music.name || lcs('P9'), !p.fadeInDuration ? '' : ', '+fmtNumVar(p.fadeInDuration)+'f')","id":"gs.PlayMusic"}],"defaultValue":{"music":{"volume":100,"playbackRate":100},"fadeInDuration":0,"playTime":{"min":10,"max":30},"playRange":{"start":10,"end":20},"playType":0},"quickItems":[{"label":"File","valueFormula":"return fmtResource(p.music);","variableButton":{"dataSource":"strings"},"attribute":"music","type":"GSQPopupField","dialog":{"uid":"dialog.selectAudioResource","parameters":{"folder":"Audio/Music"}},"icon":{"name":"listen-01"}},{"label":"Volume","lockable":true,"valueFormula":"return p.music.volume + '%';","attribute":"music.volume","minimum":0,"maximum":100,"type":"GSQSlider"},{"label":"Rate","lockable":true,"valueFormula":"return p.music.playbackRate + '%';","attribute":"music.playbackRate","minimum":50,"maximum":150,"type":"GSQSlider"},{"label":"Fade","lockable":true,"valueFormula":"return fmtDuration(p.fadeInDuration)","valueTranslator":{"write":"return v / 1000 * GS.CONST.GAME_FRAME_RATE","read":"return ROUND(v / GS.CONST.GAME_FRAME_RATE * 1000)"},"attribute":"fadeInDuration","minimum":0,"maximum":9999999,"type":"GSQStepper"}],"expandedView":{"columns":[{"sections":[{"label":"Advanced","rows":[{"items":[{"label":"Layer","variableButton":{"dataSource":"numbers"},"type":"GSQStepper","attribute":"layer","minimum":0,"maximum":9999999},{"type":"GSQPopupField","label":"Play Type","dataSource":["Normal","Random"],"attribute":"playType","valueFormula":"return GS.CONST.AUDIO_PLAY_TYPES[p.playType]","showItems":[[],["playTime.min","playTime.max","playRange.start","playRange.end"]]},{"type":"GSQStepper","label":"Play Time","attribute":"playTime.min","valueFormula":"return p.playTime.min + 's'","minimum":0,"maximum":9999999},{"type":"GSQStepper","label":"To","attribute":"playTime.max","valueFormula":"return p.playTime.max + 's'","minimum":0,"maximum":9999999},{"type":"GSQStepper","label":"Pause Time","attribute":"playRange.start","valueFormula":"return p.playRange.start + 's'","minimum":0,"maximum":9999999},{"type":"GSQStepper","label":"To","attribute":"playRange.end","valueFormula":"return p.playRange.end + 's'","minimum":0,"maximum":9999999}]}]}]}]},"sections":[],"rawContent":"{\n    \"windowTitle\": \"$$EEA25494K169FA4A27S878CE9CDED783DF23\",\n    \"type\": \"event_command\",\n    \"id\": \"gs.PlayMusic\",\n    \"displayName\": \"$$EEA25494K169FA4A27S878CE9CDED783DF23\",\n    \"group\": \"$$42B163D5K15C1A4737SA896EB7D0DDAA19AC\",\n    \"color\": \"purple\",\n    \"windowSize\": {\n        \"w\": 400\n    },\n    \"nodes\": [\n        {\n            \"name\": \"return fmt(lcs('48DF9A16K231AA4C6DSBD10E22EC33B79F55')+' [%s]%s', isVar(p.music) ? fmtStrVar(p.music) : p.music.name || lcs('P9'), !p.fadeInDuration ? '' : ', '+fmtNumVar(p.fadeInDuration)+'f')\",\n            \"id\": \"gs.PlayMusic\"\n        }\n    ],\n    \"defaultValue\": { \"music\": { \"volume\": 100, \"playbackRate\": 100 }, \"fadeInDuration\": 0, \"playTime\": { \"min\": 10, \"max\": 30 }, \"playRange\": { \"start\": 10, \"end\": 20 }, \"playType\": 0 },\n    \"quickItems\": [\n        {\n            \"label\": \"$$P61\",\n            \"valueFormula\": \"return fmtResource(p.music);\",\n            \"variableButton\": { \"dataSource\": \"strings\" },\n            \"attribute\": \"music\",\n            \"type\": \"GSQPopupField\",\n            \"dialog\": { \"uid\": \"dialog.selectAudioResource\", \"parameters\": { \"folder\": \"Audio/Music\" } },\n            \"icon\": { \"name\": \"listen-01\" }\n        },\n        {\n            \"label\": \"$$P141\",\n            \"lockable\": true,\n            \"valueFormula\": \"return p.music.volume + '%';\",\n            \"attribute\": \"music.volume\",\n            \"minimum\": 0,\n            \"maximum\": 100,\n            \"type\": \"GSQSlider\"\n        },\n        {\n            \"label\": \"$$P142\",\n            \"lockable\": true,\n            \"valueFormula\": \"return p.music.playbackRate + '%';\",\n            \"attribute\": \"music.playbackRate\",\n            \"minimum\": 50,\n            \"maximum\": 150,\n            \"type\": \"GSQSlider\"\n        },\n        GSQ.CONTROLS.AUDIO_FADE_IN\n    ],\n    \"expandedView\": {\n        \"columns\": [\n            {\n                \"sections\": [\n                    {\n                        \"label\": \"$$9FEB895376A9F34CF86B5494DBD692B58693\",\n                        \"rows\": [\n                            {\n                                \"items\": [\n                                    GSQ.CONTROLS.AUDIO_LAYER,\n                                    {\n                                        \"type\": \"GSQPopupField\",\n                                        \"label\": \"$$2D13E13B48733748922BE0661BEA7C56969D\",\n                                        \"dataSource\": GS.CONST.AUDIO_PLAY_TYPES,\n                                        \"attribute\": \"playType\",\n                                        \"valueFormula\": \"return GS.CONST.AUDIO_PLAY_TYPES[p.playType]\", \n                                        \"showItems\": [[], [\"playTime.min\",\"playTime.max\", \"playRange.start\", \"playRange.end\"]]\n                                    },\n                                    {\n                                        \"type\": \"GSQStepper\",\n                                        \"label\": \"$$B413DADC4A5BF849644A4C12EF5E85E4FEE8\",\n                                        \"attribute\": \"playTime.min\",\n                                        \"valueFormula\": \"return p.playTime.min + 's'\",\n                                        \"minimum\": 0,\n                                        \"maximum\": GS.CONST.MAX_NUMBER_VALUE\n                                    },\n                                    {\n                                        \"type\": \"GSQStepper\",\n                                        \"label\": \"$$DC1A41265CECC346098B4931B5874A2AF62A\",\n                                        \"attribute\": \"playTime.max\",\n                                        \"valueFormula\": \"return p.playTime.max + 's'\",\n                                        \"minimum\": 0,\n                                        \"maximum\": GS.CONST.MAX_NUMBER_VALUE\n                                    },\n                                    {\n                                        \"type\": \"GSQStepper\",\n                                        \"label\": \"$$533692415AAF7749C76B0788EDCF407D5A18\",\n                                        \"attribute\": \"playRange.start\",\n                                        \"valueFormula\": \"return p.playRange.start + 's'\",\n                                        \"minimum\": 0,\n                                        \"maximum\": GS.CONST.MAX_NUMBER_VALUE\n                                    },\n                                    {\n                                        \"type\": \"GSQStepper\",\n                                        \"label\": \"$$DC1A41265CECC346098B4931B5874A2AF62A\",\n                                        \"attribute\": \"playRange.end\",\n                                        \"valueFormula\": \"return p.playRange.end + 's'\",\n                                        \"minimum\": 0,\n                                        \"maximum\": GS.CONST.MAX_NUMBER_VALUE\n                                    }\n                                ]\n                            }\n                        ]\n                    } \n                ]\n            }\n        ]\n        \n    },\n    \"sections\": [\n    ]\n}"},"summary":["name","type"]}