{"uid":"07DE2070F182B0DC","isLoaded":true,"lastModificationTime":1424023486880,"items":{"windowTitle":"$$0FA7F1C046FA5147FE797224FABE32353D8D","windowSize":{"w":260},"buttons":{"accept":"$$P135"},"sections":[{"name":"Source","noBorder":true,"column":0,"items":[{"type":"GSCheckBox","attribute":"originalSizePreview","defaultValue":true,"text":"$$84CE457A41C4274E3B7B6F835DFF95AE9EB0","frame":[0,0,-1,-1],"location":{"x":0,"y":0},"size":{"w":-1,"h":-1}},{"type":"GSCheckBox","identifier":"disableLivePreview","defaultValue":false,"text":"$$3C7AF57D142DA64380881F29E8EE7C4D0089","disableItems":["animationDisabled","animationTime"],"attribute":"livePreview.disabled","frame":[0,1],"location":{"x":0,"y":1},"size":{"w":-1,"h":-1},"delegates":[{"identifiers":["animationDisabled","animationTime"],"selector":"setDisabled:disabled:"}]},{"type":"GSCheckBox","identifier":"musicDisabled","defaultValue":true,"text":"$$32F17F821FDDB549AF7BA976B635550E6F8B","attribute":"livePreview.musicDisabled","frame":[0,2],"location":{"x":0,"y":2},"size":{"w":-1,"h":-1}},{"type":"GSCheckBox","identifier":"soundDisabled","defaultValue":false,"text":"$$6B400E5B638E2647501A3626C03A05CCD9CD","attribute":"livePreview.soundDisabled","frame":[0,3],"location":{"x":0,"y":3},"size":{"w":-1,"h":-1}},{"type":"GSCheckBox","identifier":"voiceDisabled","defaultValue":false,"text":"$$FC60E25F5307114AEA68DEC1680C1C3F1D9A","attribute":"livePreview.voiceDisabled","frame":[0,4],"location":{"x":0,"y":4},"size":{"w":-1,"h":-1}},{"type":"GSCheckBox","identifier":"animationDisabled","defaultValue":false,"text":"$$5300032F4EF1B248946A39B9F6894C855C5D","disableItems":["animationTime"],"attribute":"livePreview.animationDisabled","frame":[0,5],"location":{"x":0,"y":5},"size":{"w":-1,"h":-1},"delegates":[{"identifiers":["animationTime"],"selector":"setDisabled:disabled:"}]},{"type":"GSLabel","text":"$$047F2EF325B78649BA4981F4BF2CB82DCCE0","frame":[0,6],"location":{"x":0,"y":6},"size":{"w":-1,"h":-1}},{"type":"GSStepper","identifier":"animationTime","defaultValue":0,"attribute":"livePreview.animationTime","frame":[0,7],"location":{"x":0,"y":7},"size":{"w":-1,"h":-1}},{"type":"GSLabel","text":"$$DE930CA080E60641B969BFD1B028709AD8F2","frame":[1,7],"location":{"x":1,"y":7},"size":{"w":-1,"h":-1}}],"layout":{"type":"dynamicGrid","fixedRowHeight":true}}],"name":"Preferences","type":"custom_view","parentId":"AC1ABDCBK050BA4863S9964E3DC378247DAD","rawContent":"{\n    \"windowTitle\": \"$$0FA7F1C046FA5147FE797224FABE32353D8D\",\n    \"windowSize\": {\n        \"w\": 260\n    },\n    \"buttons\": { \"accept\": \"$$P135\" },\n    \"sections\": [\n        {\n            \"name\": \"Source\",\n            \"noBorder\": true,\n            \"column\": 0,\n            \"items\": [\n                {\n                    \"type\": \"GSCheckBox\",\n                    \"attribute\": \"originalSizePreview\",\n                    \"defaultValue\": true,\n                    \"text\": \"$$84CE457A41C4274E3B7B6F835DFF95AE9EB0\",\n                    \"frame\": [\n                        0,\n                        0,\n                        -1,\n                        -1\n                    ]\n                },\n                {\n                    \"type\": \"GSCheckBox\",\n                    \"identifier\": \"disableLivePreview\",\n                    \"defaultValue\": false,\n                    \"text\": \"$$3C7AF57D142DA64380881F29E8EE7C4D0089\",\n                    \"disableItems\": [\"animationDisabled\", \"animationTime\"],\n                    \"attribute\": \"livePreview.disabled\",\n                    \"frame\": [0, 1]\n                },\n                {\n                    \"type\": \"GSCheckBox\",\n                    \"identifier\": \"musicDisabled\",\n                    \"defaultValue\": true,\n                    \"text\": \"$$32F17F821FDDB549AF7BA976B635550E6F8B\",\n                    \"attribute\": \"livePreview.musicDisabled\",\n                    \"frame\": [0, 2]\n                },\n                {\n                    \"type\": \"GSCheckBox\",\n                    \"identifier\": \"soundDisabled\",\n                    \"defaultValue\": false,\n                    \"text\": \"$$6B400E5B638E2647501A3626C03A05CCD9CD\",\n                    \"attribute\": \"livePreview.soundDisabled\",\n                    \"frame\": [0, 3]\n                },\n                {\n                    \"type\": \"GSCheckBox\",\n                    \"identifier\": \"voiceDisabled\",\n                    \"defaultValue\": false,\n                    \"text\": \"$$FC60E25F5307114AEA68DEC1680C1C3F1D9A\",\n                    \"attribute\": \"livePreview.voiceDisabled\",\n                    \"frame\": [0, 4]\n                },\n                {\n                    \"type\": \"GSCheckBox\",\n                    \"identifier\": \"animationDisabled\",\n                    \"defaultValue\": false,\n                    \"text\": \"$$5300032F4EF1B248946A39B9F6894C855C5D\",\n                    \"disableItems\": [\"animationTime\"],\n                    \"attribute\": \"livePreview.animationDisabled\",\n                    \"frame\": [0, 5]\n                },\n                {\n                    \"type\": \"GSLabel\",\n                    \"text\": \"$$047F2EF325B78649BA4981F4BF2CB82DCCE0\",\n                    \"frame\": [0, 6]\n                },\n                {\n                    \"type\": \"GSStepper\",\n                    \"identifier\": \"animationTime\",\n                    \"defaultValue\": 0,\n                    \"attribute\": \"livePreview.animationTime\",\n                    \"frame\": [0, 7]\n                },\n                {\n                    \"type\": \"GSLabel\",\n                    \"text\": \"$$DE930CA080E60641B969BFD1B028709AD8F2\",\n                    \"frame\": [1, 7]\n                }\n            ]\n        }\n    ]\n}","sectionSpacing":[10,10],"collapsibleSections":false,"columns":[260]},"summary":["name","type"]}