{"uid":"0807654BIC5F3T4F52ABA26J0B6662C5A587","lastModificationTime":1413544095519,"items":{"name":"Old Werewolf Attack","type":"data_record","category":"simpleAnimations","id":78,"isFolder":false,"data":{"name":"Old Werewolf Attack","graphic":{"name":"werewolfbattle01","hue":150,"opacity":255,"blending":0,"tone":{"red":0,"green":0,"blue":0,"grey":0}},"framesX":4,"framesY":4,"useFrameRange":true,"useRepetitionFrameRange":false,"position":0,"duration":32,"repeat":false,"effects":[],"index":78,"frameRange":{"start":5,"end":7}},"parentId":"0BEF0B32I580CT465CA9C55J7679EC622928"},"summary":["name","type"]}