{"uid":"0AA06A7235FC2244FB9B7C970F851D8C4C3C","isLoaded":true,"lastModificationTime":null,"items":{"id":"gs.PanScreen","displayName":"$$7B55323352F1F14E0198B3F8CA0B97EDBD76","group":"$$0620EF3CK3406A4B70SA1ACE3750D5C17E57","defaultValue":{"duration":0,"waitForCompletion":1,"position":{"x":0,"y":0},"easing":{"type":0,"inOut":1}},"quickItems":[{"label":"X","variableButton":{"dataSource":"numbers"},"type":"GSQStepper","identifier":"x","attribute":"position.x","minimum":-9999999,"maximum":9999999},{"label":"Y","variableButton":{"dataSource":"numbers"},"type":"GSQStepper","identifier":"y","attribute":"position.y","minimum":-9999999,"maximum":9999999},{"label":"$$0BD2456DK1DA1A4C2DS9C03EAC7A2C6C7815","valueFormula":"return fmtDuration(fmtNumVar(p.duration))","valueTranslator":{"write":"return v / 1000 * GS.CONST.GAME_FRAME_RATE","read":"return ROUND(v / GS.CONST.GAME_FRAME_RATE * 1000)"},"type":"GSQStepper","attribute":"duration","identifier":"duration","variableButton":{"dataSource":"numbers"},"minimum":0,"maximum":9999999},{"type":"GSQPopupField","attribute":"waitForCompletion","identifier":"waitForCompletion","dataSource":["$$2EA7A7BF12D3404F62094CA6644784A9FC40","$$97A5E676K2351A43FCSB0DFEBB5CF7A73243"],"valueFormula":"return (p.waitForCompletion ? lcs('97A5E676K2351A43FCSB0DFEBB5CF7A73243') : lcs('2EA7A7BF12D3404F62094CA6644784A9FC40'))"}],"expandedView":{"columns":[{"sections":[{"label":"$$4B6665ACK640FA4A19S89F1E4F1070280626","rows":[{"items":[{"label":"Easing","type":"GSQPopupField","attribute":"easing.type","lockable":true,"width":"50%","dataSource":["$$B04840A62C08B644918821142386D7EEB014","$$99D9039B6FF24440998B5ED62A44E25D562A","$$6DB3AC545EBEF747C56BB237892A2FE7DC6A","$$087E67D05860D644FC9A87C91B303A91E774","$$5101E7646B6A284EC5385FF42CC39E29BC20","$$9DEB76CD12AA024F65384215C8DF97C64463","$$757243FE807A124F5058CEA6DC72BB24F1AD","$$22D2BB118D79E248023904E4E5DCF459C2B2"],"valueFormula":"return GS.CONST.EASING_TYPES[p.easing.type]"},{"label":"","width":"auto","type":"GSQPopupField","attribute":"easing.inOut","dataSource":["$$19C38D481D2B4947845AFB426AA83A22A24E","$$636489127D19D648ED6BB357549054B90E98","$$03359F826080274E018A4693CE01C765D700"],"valueFormula":"return GS.CONST.EASING_IN_OUT[p.easing.inOut]"}]}]}]}]},"rawContent":"{\n    \"id\": \"gs.PanScreen\",\n    \"displayName\": \"$$7B55323352F1F14E0198B3F8CA0B97EDBD76\",\n    \"group\": \"$$0620EF3CK3406A4B70SA1ACE3750D5C17E57\",\n    \"defaultValue\": { \"duration\": 0, \"waitForCompletion\": 1, \"position\": { \"x\": 0, \"y\": 0 }, \"easing\": GS.CONST.DEFAULT_EASING_DATA },\n    \"quickItems\": [\n        GSQ.CONTROLS.GRAPHIC_POSITION_X,\n        GSQ.CONTROLS.GRAPHIC_POSITION_Y,\n        GSQ.CONTROLS.DURATION,\n        GSQ.CONTROLS.WAIT_FOR_COMPLETION\n    ],\n    \"expandedView\": {\n        \"columns\": [\n            {\n                \"sections\": [\n                    {\n                        \"label\": \"$$4B6665ACK640FA4A19S89F1E4F1070280626\",\n                        \"rows\": [\n                            GSQ.ROWS.EASING\n                        ]\n                    } \n                ]\n            }\n        ]\n        \n    }\n}","name":"Pan Screen","type":"event_command","parentId":"85446216KA82AA4A7DS8F25E541AB7EFA66A","order":7},"summary":["name","type"]}