{"uid":"0D32771FK8219A4882SA68FE84B963480AE7","isLoaded":true,"lastModificationTime":1424023487837,"items":{"name":"Crop Picture","type":"event_command","parentId":"0FEBB76EK401BA41A4S99B1E2346601143E2","order":5,"windowTitle":"$$24F00E71K5A5FA4FF0S9706E60E55075F30B","id":"gs.CropPicture","group":"$$8E805C42KAAEBA4E2ASAFEBE14638DCA0760","windowSize":{"w":400},"nodes":[{"name":"return fmt(lcs('B0ED8DFAKC76AA4A3FSA473EDE33EFEB24CF')+' @%s, [%s, %s, %s, %s]', fmtNumVar(p.number), fmtNumVar(p.x), fmtNumVar(p.y), fmtNumVar(p.width), fmtNumVar(p.height));","id":"gs.CropPicture"}],"defaultValue":{"number":0,"x":0,"y":0,"width":1,"height":1},"quickItems":[{"label":"Number","identifier":"number","variableButton":{"dataSource":"numbers"},"type":"GSQStepper","attribute":"number","minimum":0,"maximum":9999999},{"label":"X","variableButton":{"dataSource":"numbers"},"type":"GSQStepper","attribute":"x","maximum":9999999,"minimum":-9999999},{"label":"Y","variableButton":{"dataSource":"numbers"},"type":"GSQStepper","attribute":"y","maximum":9999999,"minimum":-9999999},{"label":"Width","variableButton":{"dataSource":"numbers"},"type":"GSQStepper","attribute":"width","maximum":9999999,"minimum":1},{"label":"Height","variableButton":{"dataSource":"numbers"},"type":"GSQStepper","attribute":"height","maximum":9999999,"minimum":1}],"sections":[],"rawContent":"{\n    \"parentId\": \"AFAD6CEFK59C1A4298SBABFE7AEC1B964622\",\n    \"displayName\": \"$$24F00E71K5A5FA4FF0S9706E60E55075F30B\",\n    \"windowTitle\": \"$$24F00E71K5A5FA4FF0S9706E60E55075F30B\",\n    \"type\": \"event_command\",\n    \"id\": \"gs.CropPicture\",\n    \"group\": \"$$8E805C42KAAEBA4E2ASAFEBE14638DCA0760\",\n    \"windowSize\": {\n        \"w\": 400\n    },\n    \"nodes\": [\n        {\n            \"name\": \"return fmt(lcs('B0ED8DFAKC76AA4A3FSA473EDE33EFEB24CF')+' @%s, [%s, %s, %s, %s]', fmtNumVar(p.number), fmtNumVar(p.x), fmtNumVar(p.y), fmtNumVar(p.width), fmtNumVar(p.height));\",\n            \"id\": \"gs.CropPicture\"\n        }\n    ],\n    \"defaultValue\": { \"number\": 0, \"x\": 0, \"y\": 0, \"width\": 1, \"height\": 1 },\n    \"quickItems\": [\n        GSQ.CONTROLS.GRAPHIC_OBJECT_NUMBER,\n        {\n            \"label\": \"X\",\n            \"variableButton\": { \"dataSource\": \"numbers\" },\n            \"type\": \"GSQStepper\",\n            \"attribute\": \"x\",\n            \"maximum\": GS.CONST.MAX_NUMBER_VALUE,\n            \"minimum\": -GS.CONST.MAX_NUMBER_VALUE\n        },\n        {\n            \"label\": \"Y\",\n            \"variableButton\": { \"dataSource\": \"numbers\" },\n            \"type\": \"GSQStepper\",\n            \"attribute\": \"y\",\n            \"maximum\": GS.CONST.MAX_NUMBER_VALUE,\n            \"minimum\": -GS.CONST.MAX_NUMBER_VALUE\n        },\n        {\n            \"label\": \"$$F298E912KB3FAA4D38S8699ED37655BCFEF0\",\n            \"variableButton\": { \"dataSource\": \"numbers\" },\n            \"type\": \"GSQStepper\",\n            \"attribute\": \"width\",\n            \"maximum\": GS.CONST.MAX_NUMBER_VALUE,\n            \"minimum\": 1\n        },\n        {\n            \"label\": \"$$6AD32F89KCC0CA4C25S8900E0FA08CE71324\",\n            \"variableButton\": { \"dataSource\": \"numbers\" },\n            \"type\": \"GSQStepper\",\n            \"attribute\": \"height\",\n            \"maximum\": GS.CONST.MAX_NUMBER_VALUE,\n            \"minimum\": 1\n        }\n    ],\n    \"sections\": [\n    ]\n}"},"summary":["name","type"]}