{"uid":"0E620E08KED4CA4E7CS8514E5B2BF2657DA5","isLoaded":true,"lastModificationTime":0,"items":{"parentId":"AC1ABDCBK050BA4863S9964E3DC378247DAD","windowTitle":"$$5EA6ABA37482F7407E38F84070075BB7ABF2","type":"custom_view","windowSize":{"w":500},"sections":[{"name":"Scene","noBorder":true,"items":[{"type":"GSDocumentTree","rootHidden":true,"autoLoad":false,"readOnly":true,"controller":"GSVNSceneTreeController","attribute":"scene","documentTypes":["vn.scene","vn.chapter"],"frame":[0,0,-1,300]}]}],"rawContent":"{\n    \"parentId\": \"AC1ABDCBK050BA4863S9964E3DC378247DAD\",\n    \"windowTitle\": \"$$5EA6ABA37482F7407E38F84070075BB7ABF2\",\n    \n    \"type\": \"custom_view\",\n    \"windowSize\": {\n        \"w\": 500\n    },\n    \"sections\": [\n        {\n            \"name\": \"Scene\",\n            \"noBorder\": true,\n            \"items\": [\n                {\n                    \"type\": \"GSDocumentTree\",\n                    \"rootHidden\": true,\n                    \"autoLoad\": false,\n                    \"readOnly\": true,\n                    \"controller\": \"GSVNSceneTreeController\",\n                    \"attribute\": \"scene\",\n                    \"documentTypes\": [\"vn.scene\", \"vn.chapter\"],\n                    \"frame\": [0, 0, -1, 300]\n                }\n            ]\n        }\n    ]\n}","name":"Select Scene","order":14},"summary":["name","type"]}