{"uid":"118CE96FK8F58A440CSAA11E22CCAF101A06","isLoaded":true,"lastModificationTime":0,"items":{"name":"Component_MessageTextRenderer","type":"game_script","order":10,"content":"# ===================================================================\n#\n#   Script: Component_MessageTextRenderer\n#\n#   $$COPYRIGHT$$\n#\n# ===================================================================\nclass Component_MessageTextRenderer extends gs.Component_TextRenderer\n    ###*\n    *  A text-renderer component to render an animated and interactive message text using\n    *  dimensions of the game object's destination-rectangle. The message is displayed\n    *  using a sprite for each line instead of drawing to the game object's bitmap object.\n    *\n    *  @module gs\n    *  @class Component_MessageTextRenderer\n    *  @extends gs.Component_TextRenderer\n    *  @memberof gs\n    *  @constructor\n    ###\n    constructor: ->\n        super\n        \n        ###*\n        * An array containing all sprites of the current message.\n        * @property sprites\n        * @type gs.Sprite[]\n        * @protected\n        ###\n        @sprites = []\n        \n        ###*\n        * An array containing all sprites of all messages. In NVL mode\n        * a page can contain multiple messages.\n        * @property allSprites\n        * @type gs.Sprite[]\n        * @protected\n        ###\n        @allSprites = []\n        ###*\n        * An array containing all line-objects of the current message.\n        * @property lines\n        * @type gs.TextRendererLine[]\n        * @readOnly\n        ###\n        @lines = null\n        \n        ###*\n        * The line currently rendered.\n        * @property line\n        * @type number\n        * @readOnly\n        ###\n        @line = 0\n        \n        ###*\n        * The line currently rendered.\n        * @property currentLine\n        * @type number\n        * @protected\n        ###\n        @currentLine = 0\n        \n        ###*\n        * The height of the line currently rendered.\n        * @property currentLineHeight\n        * @type number\n        * @protected\n        ###\n        @currentLineHeight = 0\n        \n        ###*\n        * Index of the current character to draw.\n        * @property charIndex\n        * @type number\n        * @readOnly\n        ###\n        @charIndex = 0\n    \n        ###*\n        * Indicates that the a message is currently in progress.\n        * @property isRunning\n        * @type boolean\n        * @readOnly\n        ###\n        @isRunning = no\n        \n        ###*\n        * The current x-coordinate of the caret/cursor.\n        * @property currentX\n        * @type number\n        * @readOnly\n        ###\n        @currentX = 0\n        \n        ###*\n        * The current y-coordinate of the caret/cursor.\n        * @property currentY\n        * @type number\n        * @readOnly\n        ###\n        @currentY = 0\n        \n        ###*\n        * The current sprites used to display the current text-line/part.\n        * @property currentSprite\n        * @type gs.Sprite\n        * @readOnly\n        ###\n        @currentSprite = null\n        \n        ###*\n        * Indicates if the message-renderer is currently waiting like for a user-action.\n        * @property isWaiting\n        * @type boolean\n        * @readOnly\n        ###\n        @isWaiting = no\n        \n        ###*\n        * Indicates if the message-renderer is currently waiting for a key-press or mouse/touch action.\n        * @property waitForKey\n        * @type boolean\n        * @readOnly\n        ###\n        @waitForKey = no\n        \n        ###*\n        * Number of frames the message-renderer should wait before continue.\n        * @property waitCounter\n        * @type number\n        ###\n        @waitCounter = 0\n        \n        ###*\n        * Speed of the message-drawing. The smaller the value, the faster the message is displayed.\n        * @property speed\n        * @type number\n        ###\n        @speed = 1\n        \n        ###*\n        * Indicates if the message should be rendered immedialtely without any animation or delay.\n        * @property drawImmediately\n        * @type boolean\n        ###\n        @drawImmediately = no\n        \n        ###*\n        * Indicates if the message should wait for a user-action or a certain amount of time\n        * before finishing.\n        * @property waitAtEnd\n        * @type boolean\n        ###\n        @waitAtEnd = yes\n        \n        ###*\n        * The number of frames to wait before finishing a message.\n        * before finishing.\n        * @property waitAtEndTime\n        * @type number\n        ###\n        @waitAtEndTime = 0\n        \n        ###*\n        * Indicates if auto word-wrap should be used. Default is <b>true</b>\n        * @property wordWrap\n        * @type boolean\n        ###\n        @wordWrap = yes\n        \n        ###*\n        * Custom message speed value coming from a text-code.\n        * before finishing.\n        * @property wordWrap\n        * @type boolean\n        ###\n        @customSpeed = 0\n        \n        ###*\n        * Custom game objects which are alive until the current message is erased. Can be used to display\n        * animated icons, etc.\n        * @property customObjects\n        * @type gs.Object_Base[]\n        ###\n        @customObjects = []\n        \n        ###*\n        * A hashtable/dictionary object to store custom-data useful like for token-processing. The data must be\n        * serializable.\n        * @property customObjects\n        * @type Object\n        ###\n        @customData = {}\n        \n    ###*\n    * Serializes the message text-renderer into a data-bundle.\n    * @method toDataBundle\n    * @return {Object} A data-bundle.\n    ###\n    toDataBundle: ->\n        ignore = [\"object\", \"font\", \"sprites\", \"allSprites\", \"currentSprite\", \"currentX\"]\n        bundle = { currentSpriteIndex: @sprites.indexOf(@currentSprite) }\n        \n        for k of this\n            if ignore.indexOf(k) == -1\n                bundle[k] = this[k]\n                \n        return bundle\n        \n    ###*\n    * Disposes the message text-renderer and all sprites used to display\n    * the message.\n    * @method dispose\n    ###\n    dispose: ->\n        super\n        \n        for sprite in @allSprites\n            sprite.bitmap.dispose()\n            sprite.dispose()\n    \n    ###*\n    * Sets up the renderer. Registers necessary event handlers.\n    * @method setup\n    ### \n    setup: ->\n        gs.GlobalEventManager.on \"mouseUp\", ((e) =>\n            if @object.dstRect.contains(Input.Mouse.x - @object.origin.x, Input.Mouse.y - @object.origin.y)\n                if @isWaiting and not (@waitCounter > 0 or @waitForKey)\n                    @continue()\n                else\n                    @drawImmediately = yes\n                    @waitCounter = 0\n                    @waitForKey = no\n                    @isWaiting = no\n                \n        ), null, @object\n        \n        gs.GlobalEventManager.on \"keyUp\", ((e) =>\n                if Input.keys[Input.C] and !@isWaiting or (@waitCounter > 0 or @waitForKey)\n                    @drawImmediately = yes\n                    @waitCounter = 0\n                    @waitForKey = no\n                    @isWaiting = no\n                \n        ), null, @object\n        \n    ###*\n    * Restores the message text-renderer's state from a data-bundle.\n    * @method restore\n    * @param {Object} bundle - A data-bundle containing message text-renderer state.\n    ###\n    restore: (bundle) ->\n        \n        for k of bundle\n            if k == \"currentSpriteIndex\"\n                @currentSprite = @sprites[bundle.currentSpriteIndex]\n            else\n                this[k] = bundle[k]\n        \n        if @sprites.length > 0\n            @currentY = @sprites.last().y - @object.origin.y - @object.dstRect.y\n            @line = @maxLines\n            @isWaiting = @isWaiting || @isRunning\n            @isRunning = no\n            \n        return null    \n    \n    \n    ###*\n    * Continues message-processing if currently waiting.\n    * @method continue\n    ###\n    continue: -> \n        Input.clear()\n        @isWaiting = no\n   \n        if @line >= @lines.length\n            @isRunning = no\n            @object.events?.emit(\"messageFinish\", this)\n        else\n            @object.events?.emit(\"messageBatch\", this)\n            @executeBatch()\n            \n    ###*\n    * Updates the text-renderer.\n    * @method update\n    ###\n    update: ->\n        for sprite in @allSprites\n            sprite.opacity = @object.opacity\n            sprite.visible = @object.visible\n            sprite.ox = -@object.offset.x\n            sprite.oy = -@object.offset.y\n            sprite.mask.value = @object.mask.value\n            sprite.mask.vague = @object.mask.vague\n            sprite.mask.source = @object.mask.source\n            sprite.mask.type = @object.mask.type\n    \n        for object in @customObjects\n            object.opacity = @object.opacity\n            object.visible = @object.visible\n            \n        if not @isRunning and @waitCounter > 0\n            @waitCounter--\n            if @waitCounter == 0\n                @object.events?.emit(\"finish\", this)\n            return\n                \n        if @object.visible\n            @updateLineWriting()\n            \n        if @isWaiting and !@waitForKey and !@waitCounter and (Input.trigger(Input.C))\n            @continue()\n     \n    ###*\n    * Indicates if its a batched messages.\n    *\n    * @method isBatched\n    * @return If <b>true</b> it is a batched message. Otherwise <b>false</b>\n    ###\n    isBatched: -> @lines.length > @maxLines\n    \n    ###*\n    * Indicates if the batch is still in progress and not done.\n    *\n    * @method isBatchInProgress\n    * @return If <b>true</b> the batched message is still not done. Otherwise <b>false</b>\n    ###\n    isBatchInProgress: -> @lines.length - @line > @maxLines\n    \n    ###*\n    * Starts displaying the next page of text if a message is too long to fit\n    * into one message box.\n    *\n    * @method executeBatch\n    ### \n    executeBatch: ->\n        @clearAllSprites()\n        @lines = @lines.slice(@line)\n        @line = 0\n        @currentX = 0\n        @currentY = 0\n        @currentLineHeight = 0\n        @tokenIndex = 0\n        @charIndex = 0\n        @token = @lines[@line][@tokenIndex] || \"\";\n        @maxLines = @calculateMaxLines(@lines)\n        @lineAnimationCount = @customSpeed || @speed\n        @sprites = @createSprites(@lines)\n        @allSprites = @allSprites.concat(@sprites)\n        @currentSprite = @sprites[@line]\n        @currentSprite.x = @currentX + @object.origin.x + @object.dstRect.x\n        @drawNext()\n    \n    ###*\n    * Calculates the duration(in frames) the message-renderer needs to display\n    * the message.\n    *\n    * @method calculateDuration\n    * @return {number} The duration in frames.\n    ###    \n    calculateDuration: ->\n        duration = 0\n        \n        if @lines?\n            for line in @lines\n                for token in line\n                    if token?\n                        duration += @calculateDurationForToken(token)\n        return duration\n     \n    ###*\n    * Calculates the duration(in frames) the message-renderer needs to process\n    * the specified token.\n    *\n    * @method calculateDurationForToken\n    * @param {string|Object} token - The token.\n    * @return {number} The duration in frames.\n    ###                    \n    calculateDurationForToken: (token) ->\n        duration = 0\n        \n        switch token.code\n            when \"W\"\n                if token.value != \"A\"\n                    duration = token.value / 1000 * Graphics.frameRate\n            else\n                duration = token.length * (@customSpeed || @speed)\n            \n        return duration\n                        \n    ###*\n    * Calculates the maximum of lines which can be displayed in one message.\n    *\n    * @method calculateMaxLines\n    * @param {Array} lines - An array of line-objects.\n    * @return {number} The number of displayable lines.\n    ###\n    calculateMaxLines: (lines) ->\n        height = 0\n        result = 0\n        for line in lines\n                height += line.height + @lineSpacing()\n                if @currentY+height > (@object.dstRect.height)\n                    break\n                result++\n     \n        return Math.min(lines.length, result)\n        \n    ###*\n    * Processes the next character/token of the message.\n    * @method nextChar\n    * @private\n    ###\n    nextChar: ->\n        @charIndex++\n        @lineAnimationCount = @customSpeed || @speed\n        \n        if @token.code? or @charIndex >= @token.length\n            @charIndex = 0\n            @tokenIndex++\n            if @tokenIndex >= @lines[@line].length\n                @tokenIndex = 0\n                @line++\n                @currentSprite.srcRect.width = @currentSprite.bitmap.width\n                @currentSprite = @sprites[@line]\n                if @currentSprite?\n                    @currentX = 0\n                    @currentSprite.x = @currentX + @object.origin.x + @object.dstRect.x\n                if @line < @maxLines\n                    @currentX = 0\n                    @token = @lines[@line][@tokenIndex] || \"\"\n            else\n                @token = @lines[@line][@tokenIndex] || \"\"\n    \n    ###*\n    * Finishes the message. Depending on the message configuration, the\n    * message text-renderer will now wait for a user-action or a certain amount\n    * of time.\n    *\n    * @method finish\n    ###\n    finish: ->\n        if @waitAtEnd\n            @isWaiting = yes\n            @object.events?.emit(\"messageWaiting\", this)\n            \n        else if @waitAtEndTime > 0\n            @waitCounter = @waitAtEndTime\n            @isRunning = no\n            @isWaiting = no\n            \n            @object.events?.emit(\"messageWaiting\", this)\n        else\n            @isRunning = no\n            @isWaiting = no\n            @waitAtEnd = yes\n\n            @object.events?.emit(\"messageWaiting\", this)\n            #@clearCustomObjects()\n            @object.events?.emit(\"messageFinish\", this)\n      \n    ###*\n    * Updates the line writing.\n    *\n    * @method updateLineWriting\n    * @private\n    ###\n    updateLineWriting: ->\n        if @isRunning and not @isWaiting and not @waitForKey and not @waitCounter > 0\n            @lineAnimationCount--\n            if @lineAnimationCount <= 0\n                loop\n                    if @line < @maxLines\n                        @nextChar()\n                        \n                    if @line >= @maxLines\n                        @finish()\n                    else\n                        @drawNext()\n                        \n                    break unless @drawImmediately and @isRunning and @line < @maxLines\n            \n        if @waitForKey\n            @isWaiting = yes\n            if (Input.trigger(Input.C) or Input.Mouse.buttons[Input.Mouse.LEFT] == 2)\n                Input.clear()\n                @waitForKey = no\n                @isWaiting = no\n        if @waitCounter > 0\n            @isWaiting = yes\n            @waitCounter--\n            if @waitCounter <= 0\n                @isWaiting = no\n     \n     \n    ###*\n    * <p>Measures a control-token. If a token produces a visual result like displaying an icon then it must return the size taken by\n    * the visual result. If the token has no visual result, <b>null</b> must be returned. This method is called for every token when the message is initialized.</p> \n    *\n    * <p>This method is not called while the message is running. For that case, see <i>processControlToken</i> method which is called\n    * for every token while the message is running.</p>\n    *\n    * @param {Object} token - A control-token.\n    * @return {gs.Size} The size of the area taken by the visual result of the token or <b>null</b> if the token has no visual result.\n    * @method analyzeControlToken\n    * @protected\n    ###\n    measureControlToken: (token) -> return super(token)\n        \n    ###*\n    * <p>Draws the visual result of a token, like an icon for example, to the specified bitmap. This method is called for every token when the message is initialized and the sprites for each\n    * text-line are created.</p> \n    *\n    * <p>This method is not called while the message is running. For that case, see <i>processControlToken</i> method which is called\n    * for every token while the message is running.</p>\n    *\n    * @param {Object} token - A control-token.\n    * @param {gs.Bitmap} bitmap - The bitmap used for the current text-line. Can be used to draw something on it like an icon, etc.\n    * @method drawControlToken\n    * @protected\n    ###\n    drawControlToken: (token, bitmap) ->\n        switch token.code\n            when \"RT\" # Ruby Text\n                super(token, bitmap)\n                \n     \n    ###*\n    * Processes a control-token. A control-token is a token which influences\n    * the text-rendering like changing the fonts color, size or style. Changes \n    * will be automatically applied to the game object's font.\n    *\n    * For message text-renderer, a few additional control-tokens like\n    * speed-change, waiting, etc. needs to be processed here.\n    *\n    * This method is called for each token while the message is initialized and\n    * also while the message is running. See <i>formattingOnly</i> parameter.\n    *\n    * @param {Object} token - A control-token.\n    * @param {boolean} formattingOnly - If <b>true</b> the message is initializing right now and only \n    * format-tokens should be processed which is necessary for the message to calculated sizes correctly.\n    * @method processControlToken\n    * @protected\n    ###\n    processControlToken: (token, formattingOnly) ->\n        return super(token) if formattingOnly\n        \n        switch token.code\n            when \"A\" # Play Animation\n                animation = RecordManager.animations[Math.max(token.value-1, 0)]\n                if animation?.graphic.name?\n                    bitmap = ResourceManager.getBitmap(\"Graphics/Pictures/#{animation.graphic.name}\")\n                    object = new gs.Object_Animation(animation)\n                    \n                    @addCustomObject(object)\n                    @currentX += Math.round(bitmap.width / animation.framesX)\n                    @currentSprite.srcRect.width += Math.round(bitmap.width / animation.framesX)\n             \n            when \"LK\" # Link      \n                if token.value == 'E' # End Link\n                    object = new ui.Object_Hotspot()\n                    object.enabled = yes\n                    object.setup()\n                    \n                    @addCustomObject(object)\n                    \n                    object.dstRect.x = @object.dstRect.x + @object.origin.x + @customData.linkData.cx\n                    object.dstRect.y = @object.dstRect.y + @object.origin.y + @customData.linkData.cy\n                    object.dstRect.width = @currentX - @customData.linkData.cx\n                    object.dstRect.height = @currentLineHeight\n\n                    object.events.on \"click\", (e) =>\n                        SceneManager.scene.interpreter.callCommonEvent(@customData.linkData.commonEventId, null)\n                else # Begin Link\n                    @customData.linkData = { cx: @currentX, cy: @currentY, commonEventId: token.value, tokenIndex: @tokenIndex }\n            when \"SLK\" # Styleable Link\n                if token.value == 'E' # End Link\n                    @currentSprite.bitmap.clearRect(@customData.linkData.cx,\n                                                    @customData.linkData.cy,\n                                                    @currentX - @customData.linkData.cx + @object.font.borderSize*2,\n                                                    @currentLineHeight)\n                    line = @lines[@line]\n                    linkStart = @findToken(@tokenIndex-1, \"SLK\", -1, line)\n                    textTokens = @findTokensBetween(@customData.linkData.tokenIndex, @tokenIndex, null, line)\n                    \n                    object = new ui.Object_Text()\n                    object.text = textTokens.join(\"\")\n                    object.sizeToFit = yes\n                    object.formatting = yes\n                    object.wordWrap = no\n                    object.ui = new ui.Component_UIBehavior()\n                    object.enabled = yes\n                    object.addComponent(object.ui)\n                    object.addComponent(new gs.Component_HotspotBehavior())\n                  \n                    if @customData.linkData.styleIndex == -1\n                        ui.UIManager.addControlStyles(object, [\"hyperlink\"])\n                    else \n                        ui.UIManager.addControlStyles(object, [\"hyperlink-\"+@customData.linkData.styleIndex])\n                    \n                    object.setup()\n                    \n                    @addCustomObject(object)\n                    \n                    object.dstRect.x = @object.dstRect.x + @object.origin.x + @customData.linkData.cx\n                    object.dstRect.y = @object.dstRect.y + @object.origin.y + @customData.linkData.cy\n\n                    object.events.on \"click\", (e) =>\n                        SceneManager.scene.interpreter.callCommonEvent(@customData.linkData.commonEventId, null)\n                else # Begin Link\n                    if isNaN(token.value)\n                        values = token.value.split(\",\")\n                        @customData.linkData = { cx: @currentX, cy: @currentY, commonEventId: parseInt(values[0]), styleIndex: parseInt(values[1]), tokenIndex: @tokenIndex }\n                    else\n                        @customData.linkData = { cx: @currentX, cy: @currentY, commonEventId: token.value, tokenIndex: @tokenIndex, styleIndex: -1 }\n                    \n            when \"E\" # Change Expression\n                expression = RecordManager.characterExpressions[Math.max(token.value-1, 0)]\n                character = SceneManager.scene.currentCharacter\n                if expression? and character?.index?\n                    duration = GameManager.defaults.character.expressionDuration\n                    object = SceneManager.scene.characters.first (c) -> c.rid == character.index\n                    object?.behavior.changeExpression(expression, duration)\n  \n            when \"SP\" # Play Sound\n                sound = RecordManager.system.sounds[token.value-1]\n                AudioManager.playSound(sound)\n            when \"S\" # Change Speed\n                @customSpeed = token.value\n            when \"W\" # Wait\n                @drawImmediately = no\n                if !GameManager.tempSettings.skip\n                    if token.value == \"A\"\n                        @waitForKey = yes\n                    else\n                        @waitCounter = Math.round(token.value / 1000 * Graphics.frameRate)\n            when \"DI\" # Draw Immedialty\n                @drawImmediately = token.value == 1 # Draw immediately\n            else\n                super(token)\n                \n    ###*\n    * Clears/Resets the text-renderer.\n    *\n    * @method clear\n    ###\n    clear: ->\n        @charIndex = 0\n        @currentX = 0\n        @currentY = 0\n        @line = 0\n        @lines = []\n        @clearCustomObjects()\n        @object.bitmap?.clear()\n        \n        for sprite in @allSprites\n            sprite.dispose()\n            sprite.bitmap.dispose()\n        \n        return null\n    \n    ###*\n    * Clears/Disposes all sprites used to display the text-lines/parts.\n    *\n    * @method clearAllSprites\n    ###\n    clearAllSprites: ->\n        for sprite in @allSprites\n            sprite.dispose()\n            sprite.bitmap.dispose()\n    \n    ###*\n    * Clears/Disposes the sprites used to display the text-lines/parts of the current/last message.\n    *\n    * @method clearSprites\n    ###        \n    clearSprites: ->\n        for sprite in @sprites\n            sprite.dispose()\n            sprite.bitmap.dispose()\n            \n    ###*\n    * Returns the spacing between lines in pixels. By default, the spacing is 4.\n    *\n    * @method lineSpacing\n    * @return {number} The line spacing in pixels.\n    ###\n    lineSpacing: -> 2\n    \n    ###*\n    * Returns the position of the caret in pixels. The caret is like an invisible\n    * cursor pointing to the x/y coordinates of the last rendered character of\n    * the message. That position can be used to display a waiting- or processing-animation for example.\n    *\n    * @method caretPosition\n    * @return {Object} An object containing the x and y coordinates of the caret-position.\n    ###\n    caretPosition: -> { x: @currentX + 2, y: @currentY + @currentLineHeight/2 }\n    \n    ###*\n    * Adds a game object to the message which is alive until the message is\n    * erased. Can be used to display animationed-icons, etc. in a message.\n    *\n    * @method addCustomObject\n    * @param object {Object} The game object to add.\n    ###\n    addCustomObject: (object) ->\n        object.dstRect.x = @object.dstRect.x + @object.origin.x + @currentX\n        object.dstRect.y = @object.dstRect.y + @object.origin.y + @currentY\n        object.zIndex = @object.zIndex + 1\n        object.update()\n        \n        SceneManager.scene.addObject(object)\n        @customObjects.push(object)\n     \n    ###*\n    * Clears the list of custom game objects. All game objects are disposed and removed\n    * from the scene.\n    *\n    * @method addCustomObject\n    * @param object {Object} The game object to add.\n    ###   \n    clearCustomObjects: ->\n        for object in @customObjects\n            object.dispose()\n            SceneManager.scene.removeObject(object)\n            \n        @customObjects = []\n        \n    ###*\n    * Creates the sprite for a specified line-object.\n    *\n    * @method createSprite\n    * @private\n    * @param {Object} line - A line-object.\n    * @return {Sprite} A newly created sprite object containing the line-text as bitmap.\n    ###\n    createSprite: (line) ->\n        @font = @object.font\n        \n        bitmap = new Bitmap(line.width, line.height)\n        bitmap.font = @font\n        @currentX = 0\n        \n        for token in line\n            if token.code?\n                size = @measureControlToken(token, bitmap)\n                @drawControlToken(token, bitmap)\n                if size then @currentX += size.width\n                @processControlToken(token, yes, line)\n            else if token.length > 0\n                size = @font.measureTextPlain(token)  \n                bitmap.drawText(@currentX, bitmap.height - (size.height-@font.descent) - line.descent, size.width, bitmap.height, token, 0, 0)\n                @currentX += size.width\n        \n        @currentX = 0\n        @waitCounter = 0\n        @waitForKey = no\n                \n        sprite = new Sprite()\n        sprite.bitmap = bitmap\n        sprite.visible = yes\n        sprite.z = @object.zIndex + 1\n        \n        sprite.srcRect = new Rect(0, 0, 0, bitmap.height)\n        \n        return sprite\n     \n    ###*\n    * Creates the sprites for a specified array of line-objects.\n    *\n    * @method createSprites\n    * @private\n    * @see gs.Component_MessageTextRenderer.createSprite.\n    * @param {Array} lines - An array of line-objects.\n    * @return {Array} An array of sprites.\n    ###\n    createSprites: (lines) ->\n        @fontSize = @object.font.size\n        result = []\n        for line, i in lines\n            sprite = @createSprite(line)\n            result.push(sprite)\n        return result\n    \n    ###*\n    * Starts a new line.\n    *\n    * @method newLine\n    ###\n    newLine: ->\n        @currentX = 0\n        @currentY += @currentLineHeight + @lineSpacing()\n        \n    ###*\n    * Displays a formatted text immediately without any delays or animations. The\n    * Component_TextRenderer.drawFormattedText method from the base-class cannot\n    * be used here because it would render to the game object's bitmap object while\n    * this method is rendering to the sprites.\n    *\n    * @method drawFormattedTextImmediately\n    * @param {number} x - The x-coordinate of the text's position.\n    * @param {number} y - The y-coordinate of the text's position.\n    * @param {number} width - Deprecated. Can be null.\n    * @param {number} height - Deprecated. Can be null.\n    * @param {string} text - The text to draw.\n    * @param {boolean} wordWrap - If wordWrap is set to true, line-breaks are automatically created.\n    ###\n    drawFormattedTextImmediately: (x, y, width, height, text, wordWrap) ->\n        @drawFormattedText(x, y, width, height, text, wordWrap)\n        \n        loop\n            @nextChar()\n                \n            if @line >= @maxLines\n                @isRunning = no\n            else\n                @drawNext()\n                \n            break unless @isRunning\n            \n        @currentY += @currentLineHeight + @lineSpacing()\n            \n        return null\n    \n    \n    ###*\n    * Starts the rendering-process for the message.\n    *\n    * @method drawFormattedText\n    * @param {number} x - The x-coordinate of the text's position.\n    * @param {number} y - The y-coordinate of the text's position.\n    * @param {number} width - Deprecated. Can be null.\n    * @param {number} height - Deprecated. Can be null.\n    * @param {string} text - The text to draw.\n    * @param {boolean} wordWrap - If wordWrap is set to true, line-breaks are automatically created.\n    ###\n    drawFormattedText: (x, y, width, height, text, wordWrap) ->\n        text = text || \" \" # Use a space character if no text is specified.\n        @font.set(@object.font)\n        @speed = 10 - Math.round(GameManager.settings.messageSpeed * 2.5)\n        @isRunning = yes\n        @drawImmediately = no\n        @lineAnimationCount = @customSpeed || @speed\n \n        @currentLineHeight = 0\n        @isWaiting = no\n        @waitForKey = no\n        @charIndex = 0\n        @token = null\n        @tokenIndex = 0\n        @message = text\n        @line = 0\n        @currentLine = @line\n        @lines = @calculateLines(@message, wordWrap, @currentX)\n        @sprites = @createSprites(@lines)\n        @allSprites = @allSprites.concat(@sprites)\n        @currentSprite = @sprites[@line]\n        @currentSprite.x = @currentX + @object.origin.x + @object.dstRect.x\n        @maxLines = @calculateMaxLines(@lines)\n        @token = @lines[@line][@tokenIndex] || \"\"\n        \n        if @maxLines == 0\n            # If first line is empty then it doesn't fit into current line, so finish.\n            if @lines[0] == \"\"\n                @finish()\n            else\n                @maxLines = 1\n                @drawNext()\n        else\n            @drawNext()\n        \n    ###*\n    * Displays the character or processes the next control-token.\n    *\n    * @method drawNext\n    ###\n    drawNext: ->\n        if @token.code?\n            @object.textRenderer.processControlToken(@token, no)\n        else if @token.length > 0\n            @char = @token.charAt(@charIndex)\n            \n            size = @object.bitmap.font.measureTextPlain(@char)  \n            s = Graphics.scale   \n            lineSpacing = @lineSpacing()\n            \n            if @currentLine != @line\n                @currentLine = @line\n                @currentY += @currentLineHeight + lineSpacing * Graphics.scale\n                @currentLineHeight = 0\n\n            @currentSprite.y = @object.origin.y + @object.dstRect.y + @currentY\n            @currentSprite.visible = yes\n            @currentSprite.srcRect.width += size.width\n        \n            @currentLineHeight = @lines[@line].height\n            @currentX += size.width\n            \n            \ngs.Component_MessageTextRenderer = Component_MessageTextRenderer","parentId":"D3325122KACDEA4515SB731E37A42B9D779F","folder":false,"compiledContent":"(function() {\n  var Component_MessageTextRenderer,\n    extend = function(child, parent) { for (var key in parent) { if (hasProp.call(parent, key)) child[key] = parent[key]; } function ctor() { this.constructor = child; } ctor.prototype = parent.prototype; child.prototype = new ctor(); child.__super__ = parent.prototype; return child; },\n    hasProp = {}.hasOwnProperty;\n\n  Component_MessageTextRenderer = (function(superClass) {\n    extend(Component_MessageTextRenderer, superClass);\n\n\n    /**\n    *  A text-renderer component to render an animated and interactive message text using\n    *  dimensions of the game object's destination-rectangle. The message is displayed\n    *  using a sprite for each line instead of drawing to the game object's bitmap object.\n    *\n    *  @module gs\n    *  @class Component_MessageTextRenderer\n    *  @extends gs.Component_TextRenderer\n    *  @memberof gs\n    *  @constructor\n     */\n\n    function Component_MessageTextRenderer() {\n      Component_MessageTextRenderer.__super__.constructor.apply(this, arguments);\n\n      /**\n      * An array containing all sprites of the current message.\n      * @property sprites\n      * @type gs.Sprite[]\n      * @protected\n       */\n      this.sprites = [];\n\n      /**\n      * An array containing all sprites of all messages. In NVL mode\n      * a page can contain multiple messages.\n      * @property allSprites\n      * @type gs.Sprite[]\n      * @protected\n       */\n      this.allSprites = [];\n\n      /**\n      * An array containing all line-objects of the current message.\n      * @property lines\n      * @type gs.TextRendererLine[]\n      * @readOnly\n       */\n      this.lines = null;\n\n      /**\n      * The line currently rendered.\n      * @property line\n      * @type number\n      * @readOnly\n       */\n      this.line = 0;\n\n      /**\n      * The line currently rendered.\n      * @property currentLine\n      * @type number\n      * @protected\n       */\n      this.currentLine = 0;\n\n      /**\n      * The height of the line currently rendered.\n      * @property currentLineHeight\n      * @type number\n      * @protected\n       */\n      this.currentLineHeight = 0;\n\n      /**\n      * Index of the current character to draw.\n      * @property charIndex\n      * @type number\n      * @readOnly\n       */\n      this.charIndex = 0;\n\n      /**\n      * Indicates that the a message is currently in progress.\n      * @property isRunning\n      * @type boolean\n      * @readOnly\n       */\n      this.isRunning = false;\n\n      /**\n      * The current x-coordinate of the caret/cursor.\n      * @property currentX\n      * @type number\n      * @readOnly\n       */\n      this.currentX = 0;\n\n      /**\n      * The current y-coordinate of the caret/cursor.\n      * @property currentY\n      * @type number\n      * @readOnly\n       */\n      this.currentY = 0;\n\n      /**\n      * The current sprites used to display the current text-line/part.\n      * @property currentSprite\n      * @type gs.Sprite\n      * @readOnly\n       */\n      this.currentSprite = null;\n\n      /**\n      * Indicates if the message-renderer is currently waiting like for a user-action.\n      * @property isWaiting\n      * @type boolean\n      * @readOnly\n       */\n      this.isWaiting = false;\n\n      /**\n      * Indicates if the message-renderer is currently waiting for a key-press or mouse/touch action.\n      * @property waitForKey\n      * @type boolean\n      * @readOnly\n       */\n      this.waitForKey = false;\n\n      /**\n      * Number of frames the message-renderer should wait before continue.\n      * @property waitCounter\n      * @type number\n       */\n      this.waitCounter = 0;\n\n      /**\n      * Speed of the message-drawing. The smaller the value, the faster the message is displayed.\n      * @property speed\n      * @type number\n       */\n      this.speed = 1;\n\n      /**\n      * Indicates if the message should be rendered immedialtely without any animation or delay.\n      * @property drawImmediately\n      * @type boolean\n       */\n      this.drawImmediately = false;\n\n      /**\n      * Indicates if the message should wait for a user-action or a certain amount of time\n      * before finishing.\n      * @property waitAtEnd\n      * @type boolean\n       */\n      this.waitAtEnd = true;\n\n      /**\n      * The number of frames to wait before finishing a message.\n      * before finishing.\n      * @property waitAtEndTime\n      * @type number\n       */\n      this.waitAtEndTime = 0;\n\n      /**\n      * Indicates if auto word-wrap should be used. Default is <b>true</b>\n      * @property wordWrap\n      * @type boolean\n       */\n      this.wordWrap = true;\n\n      /**\n      * Custom message speed value coming from a text-code.\n      * before finishing.\n      * @property wordWrap\n      * @type boolean\n       */\n      this.customSpeed = 0;\n\n      /**\n      * Custom game objects which are alive until the current message is erased. Can be used to display\n      * animated icons, etc.\n      * @property customObjects\n      * @type gs.Object_Base[]\n       */\n      this.customObjects = [];\n\n      /**\n      * A hashtable/dictionary object to store custom-data useful like for token-processing. The data must be\n      * serializable.\n      * @property customObjects\n      * @type Object\n       */\n      this.customData = {};\n    }\n\n\n    /**\n    * Serializes the message text-renderer into a data-bundle.\n    * @method toDataBundle\n    * @return {Object} A data-bundle.\n     */\n\n    Component_MessageTextRenderer.prototype.toDataBundle = function() {\n      var bundle, ignore, k;\n      ignore = [\"object\", \"font\", \"sprites\", \"allSprites\", \"currentSprite\", \"currentX\"];\n      bundle = {\n        currentSpriteIndex: this.sprites.indexOf(this.currentSprite)\n      };\n      for (k in this) {\n        if (ignore.indexOf(k) === -1) {\n          bundle[k] = this[k];\n        }\n      }\n      return bundle;\n    };\n\n\n    /**\n    * Disposes the message text-renderer and all sprites used to display\n    * the message.\n    * @method dispose\n     */\n\n    Component_MessageTextRenderer.prototype.dispose = function() {\n      var j, len, ref, results, sprite;\n      Component_MessageTextRenderer.__super__.dispose.apply(this, arguments);\n      ref = this.allSprites;\n      results = [];\n      for (j = 0, len = ref.length; j < len; j++) {\n        sprite = ref[j];\n        sprite.bitmap.dispose();\n        results.push(sprite.dispose());\n      }\n      return results;\n    };\n\n\n    /**\n    * Sets up the renderer. Registers necessary event handlers.\n    * @method setup\n     */\n\n    Component_MessageTextRenderer.prototype.setup = function() {\n      gs.GlobalEventManager.on(\"mouseUp\", ((function(_this) {\n        return function(e) {\n          if (_this.object.dstRect.contains(Input.Mouse.x - _this.object.origin.x, Input.Mouse.y - _this.object.origin.y)) {\n            if (_this.isWaiting && !(_this.waitCounter > 0 || _this.waitForKey)) {\n              return _this[\"continue\"]();\n            } else {\n              _this.drawImmediately = true;\n              _this.waitCounter = 0;\n              _this.waitForKey = false;\n              return _this.isWaiting = false;\n            }\n          }\n        };\n      })(this)), null, this.object);\n      return gs.GlobalEventManager.on(\"keyUp\", ((function(_this) {\n        return function(e) {\n          if (Input.keys[Input.C] && !_this.isWaiting || (_this.waitCounter > 0 || _this.waitForKey)) {\n            _this.drawImmediately = true;\n            _this.waitCounter = 0;\n            _this.waitForKey = false;\n            return _this.isWaiting = false;\n          }\n        };\n      })(this)), null, this.object);\n    };\n\n\n    /**\n    * Restores the message text-renderer's state from a data-bundle.\n    * @method restore\n    * @param {Object} bundle - A data-bundle containing message text-renderer state.\n     */\n\n    Component_MessageTextRenderer.prototype.restore = function(bundle) {\n      var k;\n      for (k in bundle) {\n        if (k === \"currentSpriteIndex\") {\n          this.currentSprite = this.sprites[bundle.currentSpriteIndex];\n        } else {\n          this[k] = bundle[k];\n        }\n      }\n      if (this.sprites.length > 0) {\n        this.currentY = this.sprites.last().y - this.object.origin.y - this.object.dstRect.y;\n        this.line = this.maxLines;\n        this.isWaiting = this.isWaiting || this.isRunning;\n        this.isRunning = false;\n      }\n      return null;\n    };\n\n\n    /**\n    * Continues message-processing if currently waiting.\n    * @method continue\n     */\n\n    Component_MessageTextRenderer.prototype[\"continue\"] = function() {\n      var ref, ref1;\n      Input.clear();\n      this.isWaiting = false;\n      if (this.line >= this.lines.length) {\n        this.isRunning = false;\n        return (ref = this.object.events) != null ? ref.emit(\"messageFinish\", this) : void 0;\n      } else {\n        if ((ref1 = this.object.events) != null) {\n          ref1.emit(\"messageBatch\", this);\n        }\n        return this.executeBatch();\n      }\n    };\n\n\n    /**\n    * Updates the text-renderer.\n    * @method update\n     */\n\n    Component_MessageTextRenderer.prototype.update = function() {\n      var j, l, len, len1, object, ref, ref1, ref2, sprite;\n      ref = this.allSprites;\n      for (j = 0, len = ref.length; j < len; j++) {\n        sprite = ref[j];\n        sprite.opacity = this.object.opacity;\n        sprite.visible = this.object.visible;\n        sprite.ox = -this.object.offset.x;\n        sprite.oy = -this.object.offset.y;\n        sprite.mask.value = this.object.mask.value;\n        sprite.mask.vague = this.object.mask.vague;\n        sprite.mask.source = this.object.mask.source;\n        sprite.mask.type = this.object.mask.type;\n      }\n      ref1 = this.customObjects;\n      for (l = 0, len1 = ref1.length; l < len1; l++) {\n        object = ref1[l];\n        object.opacity = this.object.opacity;\n        object.visible = this.object.visible;\n      }\n      if (!this.isRunning && this.waitCounter > 0) {\n        this.waitCounter--;\n        if (this.waitCounter === 0) {\n          if ((ref2 = this.object.events) != null) {\n            ref2.emit(\"finish\", this);\n          }\n        }\n        return;\n      }\n      if (this.object.visible) {\n        this.updateLineWriting();\n      }\n      if (this.isWaiting && !this.waitForKey && !this.waitCounter && (Input.trigger(Input.C))) {\n        return this[\"continue\"]();\n      }\n    };\n\n\n    /**\n    * Indicates if its a batched messages.\n    *\n    * @method isBatched\n    * @return If <b>true</b> it is a batched message. Otherwise <b>false</b>\n     */\n\n    Component_MessageTextRenderer.prototype.isBatched = function() {\n      return this.lines.length > this.maxLines;\n    };\n\n\n    /**\n    * Indicates if the batch is still in progress and not done.\n    *\n    * @method isBatchInProgress\n    * @return If <b>true</b> the batched message is still not done. Otherwise <b>false</b>\n     */\n\n    Component_MessageTextRenderer.prototype.isBatchInProgress = function() {\n      return this.lines.length - this.line > this.maxLines;\n    };\n\n\n    /**\n    * Starts displaying the next page of text if a message is too long to fit\n    * into one message box.\n    *\n    * @method executeBatch\n     */\n\n    Component_MessageTextRenderer.prototype.executeBatch = function() {\n      this.clearAllSprites();\n      this.lines = this.lines.slice(this.line);\n      this.line = 0;\n      this.currentX = 0;\n      this.currentY = 0;\n      this.currentLineHeight = 0;\n      this.tokenIndex = 0;\n      this.charIndex = 0;\n      this.token = this.lines[this.line][this.tokenIndex] || \"\";\n      this.maxLines = this.calculateMaxLines(this.lines);\n      this.lineAnimationCount = this.customSpeed || this.speed;\n      this.sprites = this.createSprites(this.lines);\n      this.allSprites = this.allSprites.concat(this.sprites);\n      this.currentSprite = this.sprites[this.line];\n      this.currentSprite.x = this.currentX + this.object.origin.x + this.object.dstRect.x;\n      return this.drawNext();\n    };\n\n\n    /**\n    * Calculates the duration(in frames) the message-renderer needs to display\n    * the message.\n    *\n    * @method calculateDuration\n    * @return {number} The duration in frames.\n     */\n\n    Component_MessageTextRenderer.prototype.calculateDuration = function() {\n      var duration, j, l, len, len1, line, ref, token;\n      duration = 0;\n      if (this.lines != null) {\n        ref = this.lines;\n        for (j = 0, len = ref.length; j < len; j++) {\n          line = ref[j];\n          for (l = 0, len1 = line.length; l < len1; l++) {\n            token = line[l];\n            if (token != null) {\n              duration += this.calculateDurationForToken(token);\n            }\n          }\n        }\n      }\n      return duration;\n    };\n\n\n    /**\n    * Calculates the duration(in frames) the message-renderer needs to process\n    * the specified token.\n    *\n    * @method calculateDurationForToken\n    * @param {string|Object} token - The token.\n    * @return {number} The duration in frames.\n     */\n\n    Component_MessageTextRenderer.prototype.calculateDurationForToken = function(token) {\n      var duration;\n      duration = 0;\n      switch (token.code) {\n        case \"W\":\n          if (token.value !== \"A\") {\n            duration = token.value / 1000 * Graphics.frameRate;\n          }\n          break;\n        default:\n          duration = token.length * (this.customSpeed || this.speed);\n      }\n      return duration;\n    };\n\n\n    /**\n    * Calculates the maximum of lines which can be displayed in one message.\n    *\n    * @method calculateMaxLines\n    * @param {Array} lines - An array of line-objects.\n    * @return {number} The number of displayable lines.\n     */\n\n    Component_MessageTextRenderer.prototype.calculateMaxLines = function(lines) {\n      var height, j, len, line, result;\n      height = 0;\n      result = 0;\n      for (j = 0, len = lines.length; j < len; j++) {\n        line = lines[j];\n        height += line.height + this.lineSpacing();\n        if (this.currentY + height > this.object.dstRect.height) {\n          break;\n        }\n        result++;\n      }\n      return Math.min(lines.length, result);\n    };\n\n\n    /**\n    * Processes the next character/token of the message.\n    * @method nextChar\n    * @private\n     */\n\n    Component_MessageTextRenderer.prototype.nextChar = function() {\n      this.charIndex++;\n      this.lineAnimationCount = this.customSpeed || this.speed;\n      if ((this.token.code != null) || this.charIndex >= this.token.length) {\n        this.charIndex = 0;\n        this.tokenIndex++;\n        if (this.tokenIndex >= this.lines[this.line].length) {\n          this.tokenIndex = 0;\n          this.line++;\n          this.currentSprite.srcRect.width = this.currentSprite.bitmap.width;\n          this.currentSprite = this.sprites[this.line];\n          if (this.currentSprite != null) {\n            this.currentX = 0;\n            this.currentSprite.x = this.currentX + this.object.origin.x + this.object.dstRect.x;\n          }\n          if (this.line < this.maxLines) {\n            this.currentX = 0;\n            return this.token = this.lines[this.line][this.tokenIndex] || \"\";\n          }\n        } else {\n          return this.token = this.lines[this.line][this.tokenIndex] || \"\";\n        }\n      }\n    };\n\n\n    /**\n    * Finishes the message. Depending on the message configuration, the\n    * message text-renderer will now wait for a user-action or a certain amount\n    * of time.\n    *\n    * @method finish\n     */\n\n    Component_MessageTextRenderer.prototype.finish = function() {\n      var ref, ref1, ref2, ref3;\n      if (this.waitAtEnd) {\n        this.isWaiting = true;\n        return (ref = this.object.events) != null ? ref.emit(\"messageWaiting\", this) : void 0;\n      } else if (this.waitAtEndTime > 0) {\n        this.waitCounter = this.waitAtEndTime;\n        this.isRunning = false;\n        this.isWaiting = false;\n        return (ref1 = this.object.events) != null ? ref1.emit(\"messageWaiting\", this) : void 0;\n      } else {\n        this.isRunning = false;\n        this.isWaiting = false;\n        this.waitAtEnd = true;\n        if ((ref2 = this.object.events) != null) {\n          ref2.emit(\"messageWaiting\", this);\n        }\n        return (ref3 = this.object.events) != null ? ref3.emit(\"messageFinish\", this) : void 0;\n      }\n    };\n\n\n    /**\n    * Updates the line writing.\n    *\n    * @method updateLineWriting\n    * @private\n     */\n\n    Component_MessageTextRenderer.prototype.updateLineWriting = function() {\n      if (this.isRunning && !this.isWaiting && !this.waitForKey && !this.waitCounter > 0) {\n        this.lineAnimationCount--;\n        if (this.lineAnimationCount <= 0) {\n          while (true) {\n            if (this.line < this.maxLines) {\n              this.nextChar();\n            }\n            if (this.line >= this.maxLines) {\n              this.finish();\n            } else {\n              this.drawNext();\n            }\n            if (!(this.drawImmediately && this.isRunning && this.line < this.maxLines)) {\n              break;\n            }\n          }\n        }\n      }\n      if (this.waitForKey) {\n        this.isWaiting = true;\n        if (Input.trigger(Input.C) || Input.Mouse.buttons[Input.Mouse.LEFT] === 2) {\n          Input.clear();\n          this.waitForKey = false;\n          this.isWaiting = false;\n        }\n      }\n      if (this.waitCounter > 0) {\n        this.isWaiting = true;\n        this.waitCounter--;\n        if (this.waitCounter <= 0) {\n          return this.isWaiting = false;\n        }\n      }\n    };\n\n\n    /**\n    * <p>Measures a control-token. If a token produces a visual result like displaying an icon then it must return the size taken by\n    * the visual result. If the token has no visual result, <b>null</b> must be returned. This method is called for every token when the message is initialized.</p> \n    *\n    * <p>This method is not called while the message is running. For that case, see <i>processControlToken</i> method which is called\n    * for every token while the message is running.</p>\n    *\n    * @param {Object} token - A control-token.\n    * @return {gs.Size} The size of the area taken by the visual result of the token or <b>null</b> if the token has no visual result.\n    * @method analyzeControlToken\n    * @protected\n     */\n\n    Component_MessageTextRenderer.prototype.measureControlToken = function(token) {\n      return Component_MessageTextRenderer.__super__.measureControlToken.call(this, token);\n    };\n\n\n    /**\n    * <p>Draws the visual result of a token, like an icon for example, to the specified bitmap. This method is called for every token when the message is initialized and the sprites for each\n    * text-line are created.</p> \n    *\n    * <p>This method is not called while the message is running. For that case, see <i>processControlToken</i> method which is called\n    * for every token while the message is running.</p>\n    *\n    * @param {Object} token - A control-token.\n    * @param {gs.Bitmap} bitmap - The bitmap used for the current text-line. Can be used to draw something on it like an icon, etc.\n    * @method drawControlToken\n    * @protected\n     */\n\n    Component_MessageTextRenderer.prototype.drawControlToken = function(token, bitmap) {\n      switch (token.code) {\n        case \"RT\":\n          return Component_MessageTextRenderer.__super__.drawControlToken.call(this, token, bitmap);\n      }\n    };\n\n\n    /**\n    * Processes a control-token. A control-token is a token which influences\n    * the text-rendering like changing the fonts color, size or style. Changes \n    * will be automatically applied to the game object's font.\n    *\n    * For message text-renderer, a few additional control-tokens like\n    * speed-change, waiting, etc. needs to be processed here.\n    *\n    * This method is called for each token while the message is initialized and\n    * also while the message is running. See <i>formattingOnly</i> parameter.\n    *\n    * @param {Object} token - A control-token.\n    * @param {boolean} formattingOnly - If <b>true</b> the message is initializing right now and only \n    * format-tokens should be processed which is necessary for the message to calculated sizes correctly.\n    * @method processControlToken\n    * @protected\n     */\n\n    Component_MessageTextRenderer.prototype.processControlToken = function(token, formattingOnly) {\n      var animation, bitmap, character, duration, expression, line, linkStart, object, sound, textTokens, values;\n      if (formattingOnly) {\n        return Component_MessageTextRenderer.__super__.processControlToken.call(this, token);\n      }\n      switch (token.code) {\n        case \"A\":\n          animation = RecordManager.animations[Math.max(token.value - 1, 0)];\n          if ((animation != null ? animation.graphic.name : void 0) != null) {\n            bitmap = ResourceManager.getBitmap(\"Graphics/Pictures/\" + animation.graphic.name);\n            object = new gs.Object_Animation(animation);\n            this.addCustomObject(object);\n            this.currentX += Math.round(bitmap.width / animation.framesX);\n            return this.currentSprite.srcRect.width += Math.round(bitmap.width / animation.framesX);\n          }\n          break;\n        case \"LK\":\n          if (token.value === 'E') {\n            object = new ui.Object_Hotspot();\n            object.enabled = true;\n            object.setup();\n            this.addCustomObject(object);\n            object.dstRect.x = this.object.dstRect.x + this.object.origin.x + this.customData.linkData.cx;\n            object.dstRect.y = this.object.dstRect.y + this.object.origin.y + this.customData.linkData.cy;\n            object.dstRect.width = this.currentX - this.customData.linkData.cx;\n            object.dstRect.height = this.currentLineHeight;\n            return object.events.on(\"click\", (function(_this) {\n              return function(e) {\n                return SceneManager.scene.interpreter.callCommonEvent(_this.customData.linkData.commonEventId, null);\n              };\n            })(this));\n          } else {\n            return this.customData.linkData = {\n              cx: this.currentX,\n              cy: this.currentY,\n              commonEventId: token.value,\n              tokenIndex: this.tokenIndex\n            };\n          }\n          break;\n        case \"SLK\":\n          if (token.value === 'E') {\n            this.currentSprite.bitmap.clearRect(this.customData.linkData.cx, this.customData.linkData.cy, this.currentX - this.customData.linkData.cx + this.object.font.borderSize * 2, this.currentLineHeight);\n            line = this.lines[this.line];\n            linkStart = this.findToken(this.tokenIndex - 1, \"SLK\", -1, line);\n            textTokens = this.findTokensBetween(this.customData.linkData.tokenIndex, this.tokenIndex, null, line);\n            object = new ui.Object_Text();\n            object.text = textTokens.join(\"\");\n            object.sizeToFit = true;\n            object.formatting = true;\n            object.wordWrap = false;\n            object.ui = new ui.Component_UIBehavior();\n            object.enabled = true;\n            object.addComponent(object.ui);\n            object.addComponent(new gs.Component_HotspotBehavior());\n            if (this.customData.linkData.styleIndex === -1) {\n              ui.UIManager.addControlStyles(object, [\"hyperlink\"]);\n            } else {\n              ui.UIManager.addControlStyles(object, [\"hyperlink-\" + this.customData.linkData.styleIndex]);\n            }\n            object.setup();\n            this.addCustomObject(object);\n            object.dstRect.x = this.object.dstRect.x + this.object.origin.x + this.customData.linkData.cx;\n            object.dstRect.y = this.object.dstRect.y + this.object.origin.y + this.customData.linkData.cy;\n            return object.events.on(\"click\", (function(_this) {\n              return function(e) {\n                return SceneManager.scene.interpreter.callCommonEvent(_this.customData.linkData.commonEventId, null);\n              };\n            })(this));\n          } else {\n            if (isNaN(token.value)) {\n              values = token.value.split(\",\");\n              return this.customData.linkData = {\n                cx: this.currentX,\n                cy: this.currentY,\n                commonEventId: parseInt(values[0]),\n                styleIndex: parseInt(values[1]),\n                tokenIndex: this.tokenIndex\n              };\n            } else {\n              return this.customData.linkData = {\n                cx: this.currentX,\n                cy: this.currentY,\n                commonEventId: token.value,\n                tokenIndex: this.tokenIndex,\n                styleIndex: -1\n              };\n            }\n          }\n          break;\n        case \"E\":\n          expression = RecordManager.characterExpressions[Math.max(token.value - 1, 0)];\n          character = SceneManager.scene.currentCharacter;\n          if ((expression != null) && ((character != null ? character.index : void 0) != null)) {\n            duration = GameManager.defaults.character.expressionDuration;\n            object = SceneManager.scene.characters.first(function(c) {\n              return c.rid === character.index;\n            });\n            return object != null ? object.behavior.changeExpression(expression, duration) : void 0;\n          }\n          break;\n        case \"SP\":\n          sound = RecordManager.system.sounds[token.value - 1];\n          return AudioManager.playSound(sound);\n        case \"S\":\n          return this.customSpeed = token.value;\n        case \"W\":\n          this.drawImmediately = false;\n          if (!GameManager.tempSettings.skip) {\n            if (token.value === \"A\") {\n              return this.waitForKey = true;\n            } else {\n              return this.waitCounter = Math.round(token.value / 1000 * Graphics.frameRate);\n            }\n          }\n          break;\n        case \"DI\":\n          return this.drawImmediately = token.value === 1;\n        default:\n          return Component_MessageTextRenderer.__super__.processControlToken.call(this, token);\n      }\n    };\n\n\n    /**\n    * Clears/Resets the text-renderer.\n    *\n    * @method clear\n     */\n\n    Component_MessageTextRenderer.prototype.clear = function() {\n      var j, len, ref, ref1, sprite;\n      this.charIndex = 0;\n      this.currentX = 0;\n      this.currentY = 0;\n      this.line = 0;\n      this.lines = [];\n      this.clearCustomObjects();\n      if ((ref = this.object.bitmap) != null) {\n        ref.clear();\n      }\n      ref1 = this.allSprites;\n      for (j = 0, len = ref1.length; j < len; j++) {\n        sprite = ref1[j];\n        sprite.dispose();\n        sprite.bitmap.dispose();\n      }\n      return null;\n    };\n\n\n    /**\n    * Clears/Disposes all sprites used to display the text-lines/parts.\n    *\n    * @method clearAllSprites\n     */\n\n    Component_MessageTextRenderer.prototype.clearAllSprites = function() {\n      var j, len, ref, results, sprite;\n      ref = this.allSprites;\n      results = [];\n      for (j = 0, len = ref.length; j < len; j++) {\n        sprite = ref[j];\n        sprite.dispose();\n        results.push(sprite.bitmap.dispose());\n      }\n      return results;\n    };\n\n\n    /**\n    * Clears/Disposes the sprites used to display the text-lines/parts of the current/last message.\n    *\n    * @method clearSprites\n     */\n\n    Component_MessageTextRenderer.prototype.clearSprites = function() {\n      var j, len, ref, results, sprite;\n      ref = this.sprites;\n      results = [];\n      for (j = 0, len = ref.length; j < len; j++) {\n        sprite = ref[j];\n        sprite.dispose();\n        results.push(sprite.bitmap.dispose());\n      }\n      return results;\n    };\n\n\n    /**\n    * Returns the spacing between lines in pixels. By default, the spacing is 4.\n    *\n    * @method lineSpacing\n    * @return {number} The line spacing in pixels.\n     */\n\n    Component_MessageTextRenderer.prototype.lineSpacing = function() {\n      return 2;\n    };\n\n\n    /**\n    * Returns the position of the caret in pixels. The caret is like an invisible\n    * cursor pointing to the x/y coordinates of the last rendered character of\n    * the message. That position can be used to display a waiting- or processing-animation for example.\n    *\n    * @method caretPosition\n    * @return {Object} An object containing the x and y coordinates of the caret-position.\n     */\n\n    Component_MessageTextRenderer.prototype.caretPosition = function() {\n      return {\n        x: this.currentX + 2,\n        y: this.currentY + this.currentLineHeight / 2\n      };\n    };\n\n\n    /**\n    * Adds a game object to the message which is alive until the message is\n    * erased. Can be used to display animationed-icons, etc. in a message.\n    *\n    * @method addCustomObject\n    * @param object {Object} The game object to add.\n     */\n\n    Component_MessageTextRenderer.prototype.addCustomObject = function(object) {\n      object.dstRect.x = this.object.dstRect.x + this.object.origin.x + this.currentX;\n      object.dstRect.y = this.object.dstRect.y + this.object.origin.y + this.currentY;\n      object.zIndex = this.object.zIndex + 1;\n      object.update();\n      SceneManager.scene.addObject(object);\n      return this.customObjects.push(object);\n    };\n\n\n    /**\n    * Clears the list of custom game objects. All game objects are disposed and removed\n    * from the scene.\n    *\n    * @method addCustomObject\n    * @param object {Object} The game object to add.\n     */\n\n    Component_MessageTextRenderer.prototype.clearCustomObjects = function() {\n      var j, len, object, ref;\n      ref = this.customObjects;\n      for (j = 0, len = ref.length; j < len; j++) {\n        object = ref[j];\n        object.dispose();\n        SceneManager.scene.removeObject(object);\n      }\n      return this.customObjects = [];\n    };\n\n\n    /**\n    * Creates the sprite for a specified line-object.\n    *\n    * @method createSprite\n    * @private\n    * @param {Object} line - A line-object.\n    * @return {Sprite} A newly created sprite object containing the line-text as bitmap.\n     */\n\n    Component_MessageTextRenderer.prototype.createSprite = function(line) {\n      var bitmap, j, len, size, sprite, token;\n      this.font = this.object.font;\n      bitmap = new Bitmap(line.width, line.height);\n      bitmap.font = this.font;\n      this.currentX = 0;\n      for (j = 0, len = line.length; j < len; j++) {\n        token = line[j];\n        if (token.code != null) {\n          size = this.measureControlToken(token, bitmap);\n          this.drawControlToken(token, bitmap);\n          if (size) {\n            this.currentX += size.width;\n          }\n          this.processControlToken(token, true, line);\n        } else if (token.length > 0) {\n          size = this.font.measureTextPlain(token);\n          bitmap.drawText(this.currentX, bitmap.height - (size.height - this.font.descent) - line.descent, size.width, bitmap.height, token, 0, 0);\n          this.currentX += size.width;\n        }\n      }\n      this.currentX = 0;\n      this.waitCounter = 0;\n      this.waitForKey = false;\n      sprite = new Sprite();\n      sprite.bitmap = bitmap;\n      sprite.visible = true;\n      sprite.z = this.object.zIndex + 1;\n      sprite.srcRect = new Rect(0, 0, 0, bitmap.height);\n      return sprite;\n    };\n\n\n    /**\n    * Creates the sprites for a specified array of line-objects.\n    *\n    * @method createSprites\n    * @private\n    * @see gs.Component_MessageTextRenderer.createSprite.\n    * @param {Array} lines - An array of line-objects.\n    * @return {Array} An array of sprites.\n     */\n\n    Component_MessageTextRenderer.prototype.createSprites = function(lines) {\n      var i, j, len, line, result, sprite;\n      this.fontSize = this.object.font.size;\n      result = [];\n      for (i = j = 0, len = lines.length; j < len; i = ++j) {\n        line = lines[i];\n        sprite = this.createSprite(line);\n        result.push(sprite);\n      }\n      return result;\n    };\n\n\n    /**\n    * Starts a new line.\n    *\n    * @method newLine\n     */\n\n    Component_MessageTextRenderer.prototype.newLine = function() {\n      this.currentX = 0;\n      return this.currentY += this.currentLineHeight + this.lineSpacing();\n    };\n\n\n    /**\n    * Displays a formatted text immediately without any delays or animations. The\n    * Component_TextRenderer.drawFormattedText method from the base-class cannot\n    * be used here because it would render to the game object's bitmap object while\n    * this method is rendering to the sprites.\n    *\n    * @method drawFormattedTextImmediately\n    * @param {number} x - The x-coordinate of the text's position.\n    * @param {number} y - The y-coordinate of the text's position.\n    * @param {number} width - Deprecated. Can be null.\n    * @param {number} height - Deprecated. Can be null.\n    * @param {string} text - The text to draw.\n    * @param {boolean} wordWrap - If wordWrap is set to true, line-breaks are automatically created.\n     */\n\n    Component_MessageTextRenderer.prototype.drawFormattedTextImmediately = function(x, y, width, height, text, wordWrap) {\n      this.drawFormattedText(x, y, width, height, text, wordWrap);\n      while (true) {\n        this.nextChar();\n        if (this.line >= this.maxLines) {\n          this.isRunning = false;\n        } else {\n          this.drawNext();\n        }\n        if (!this.isRunning) {\n          break;\n        }\n      }\n      this.currentY += this.currentLineHeight + this.lineSpacing();\n      return null;\n    };\n\n\n    /**\n    * Starts the rendering-process for the message.\n    *\n    * @method drawFormattedText\n    * @param {number} x - The x-coordinate of the text's position.\n    * @param {number} y - The y-coordinate of the text's position.\n    * @param {number} width - Deprecated. Can be null.\n    * @param {number} height - Deprecated. Can be null.\n    * @param {string} text - The text to draw.\n    * @param {boolean} wordWrap - If wordWrap is set to true, line-breaks are automatically created.\n     */\n\n    Component_MessageTextRenderer.prototype.drawFormattedText = function(x, y, width, height, text, wordWrap) {\n      text = text || \" \";\n      this.font.set(this.object.font);\n      this.speed = 10 - Math.round(GameManager.settings.messageSpeed * 2.5);\n      this.isRunning = true;\n      this.drawImmediately = false;\n      this.lineAnimationCount = this.customSpeed || this.speed;\n      this.currentLineHeight = 0;\n      this.isWaiting = false;\n      this.waitForKey = false;\n      this.charIndex = 0;\n      this.token = null;\n      this.tokenIndex = 0;\n      this.message = text;\n      this.line = 0;\n      this.currentLine = this.line;\n      this.lines = this.calculateLines(this.message, wordWrap, this.currentX);\n      this.sprites = this.createSprites(this.lines);\n      this.allSprites = this.allSprites.concat(this.sprites);\n      this.currentSprite = this.sprites[this.line];\n      this.currentSprite.x = this.currentX + this.object.origin.x + this.object.dstRect.x;\n      this.maxLines = this.calculateMaxLines(this.lines);\n      this.token = this.lines[this.line][this.tokenIndex] || \"\";\n      if (this.maxLines === 0) {\n        if (this.lines[0] === \"\") {\n          return this.finish();\n        } else {\n          this.maxLines = 1;\n          return this.drawNext();\n        }\n      } else {\n        return this.drawNext();\n      }\n    };\n\n\n    /**\n    * Displays the character or processes the next control-token.\n    *\n    * @method drawNext\n     */\n\n    Component_MessageTextRenderer.prototype.drawNext = function() {\n      var lineSpacing, s, size;\n      if (this.token.code != null) {\n        return this.object.textRenderer.processControlToken(this.token, false);\n      } else if (this.token.length > 0) {\n        this.char = this.token.charAt(this.charIndex);\n        size = this.object.bitmap.font.measureTextPlain(this.char);\n        s = Graphics.scale;\n        lineSpacing = this.lineSpacing();\n        if (this.currentLine !== this.line) {\n          this.currentLine = this.line;\n          this.currentY += this.currentLineHeight + lineSpacing * Graphics.scale;\n          this.currentLineHeight = 0;\n        }\n        this.currentSprite.y = this.object.origin.y + this.object.dstRect.y + this.currentY;\n        this.currentSprite.visible = true;\n        this.currentSprite.srcRect.width += size.width;\n        this.currentLineHeight = this.lines[this.line].height;\n        return this.currentX += size.width;\n      }\n    };\n\n    return Component_MessageTextRenderer;\n\n  })(gs.Component_TextRenderer);\n\n  gs.Component_MessageTextRenderer = Component_MessageTextRenderer;\n\n}).call(this);\n"},"summary":["name","type","order"]}