{"uid":"11AE2B0EK551BA43DES8E68ECFA6299D3684","isLoaded":true,"lastModificationTime":0,"items":{"name":"Object_ThreePartImage","type":"game_script","order":10,"content":"# ===================================================================\n#\n#   Script: Object_ThreePartImage\n#\n#   $$COPYRIGHT$$\n#\n# ===================================================================\nclass Object_ThreePartImage extends ui.Object_UIElement\n    ###*\n    * An object to display a three-part image using three\n    * sub-images: start, middle and end. For info, see ui.Component_ThreePartImage.\n    *\n    * @module ui\n    * @class Object_ThreePartImage\n    * @extends ui.Object_UIElement\n    * @memberof ui\n    * @constructor\n    * @see ui.Component_ThreePartImage\n    ### \n    constructor: (skin) ->\n        super\n        @image = skin\n        \n        ###*\n        * The object's visual-component to display the game object on screen.\n        * @property visual\n        * @type gs.Component_Sprite\n        ###\n        @visual = new gs.Component_ThreePartImage()\n        \n        ###*\n        * A hotspot behavior-component to make the UI object clickable/touchable.\n        * @property hotspot\n        * @type gs.Component_HotspotBehavior\n        ###\n        @hotspot = new gs.Component_HotspotBehavior() \n        \n        @addComponent(@hotspot)\n        @addComponent(@visual)\n        \nui.Object_ThreePartImage = Object_ThreePartImage","parentId":"4F9670D7KD392A494FS953DE4377B04AA7A6","folder":false,"compiledContent":"(function() {\n  var Object_ThreePartImage,\n    extend = function(child, parent) { for (var key in parent) { if (hasProp.call(parent, key)) child[key] = parent[key]; } function ctor() { this.constructor = child; } ctor.prototype = parent.prototype; child.prototype = new ctor(); child.__super__ = parent.prototype; return child; },\n    hasProp = {}.hasOwnProperty;\n\n  Object_ThreePartImage = (function(superClass) {\n    extend(Object_ThreePartImage, superClass);\n\n\n    /**\n    * An object to display a three-part image using three\n    * sub-images: start, middle and end. For info, see ui.Component_ThreePartImage.\n    *\n    * @module ui\n    * @class Object_ThreePartImage\n    * @extends ui.Object_UIElement\n    * @memberof ui\n    * @constructor\n    * @see ui.Component_ThreePartImage\n     */\n\n    function Object_ThreePartImage(skin) {\n      Object_ThreePartImage.__super__.constructor.apply(this, arguments);\n      this.image = skin;\n\n      /**\n      * The object's visual-component to display the game object on screen.\n      * @property visual\n      * @type gs.Component_Sprite\n       */\n      this.visual = new gs.Component_ThreePartImage();\n\n      /**\n      * A hotspot behavior-component to make the UI object clickable/touchable.\n      * @property hotspot\n      * @type gs.Component_HotspotBehavior\n       */\n      this.hotspot = new gs.Component_HotspotBehavior();\n      this.addComponent(this.hotspot);\n      this.addComponent(this.visual);\n    }\n\n    return Object_ThreePartImage;\n\n  })(ui.Object_UIElement);\n\n  ui.Object_ThreePartImage = Object_ThreePartImage;\n\n}).call(this);\n"},"summary":["name","type","order"]}