{"uid":"154E7EBC9DACD640AD4816514200D508D566","isLoaded":true,"lastModificationTime":null,"items":{"name":"Anna","type":"data_record","category":"characters","id":2,"isFolder":false,"parentId":"ROOT","localizableStrings":{"6C3304CF4176824C872B6F0265745A75A2E4":{"t":"","d":null},"DE925E874495234F7B49CCD274843E1E38EB":{"t":"Anna","d":null}},"data":{"name":{"lcId":"DE925E874495234F7B49CCD274843E1E38EB","defaultText":"Anna"},"textColor":{"red":255,"green":255,"blue":255,"alpha":255},"defaultExpressionId":78,"timeTalkingToVoiceVolume":true,"talkingVolume":5,"params":[],"index":2},"order":2},"summary":["name","type","order"]}