{"uid":"1608A720KFD18A4DD4S9594EB184F5B483A4","isLoaded":true,"lastModificationTime":0,"items":{"name":"Layout_SettingsGeneral","type":"game_script","order":5,"content":"ui.UiFactory.layouts.settingsGeneral = {\n    \"type\": \"ui.FreeLayout\",\n    \"frame\": [0, 0, Graphics.width, Graphics.height],\n    \"controls\": [\n        {\n            \"executeFieldFormulas\": true,\n            \"type\": \"ui.Image\",\n            \"image\": -> $dataFields.database.system.menuBackground.name or 'bg-generic'\n            \"frame\": [0, 0, Graphics.width, Graphics.height]\n        },\n        {\n            \"type\": \"ui.BackButton\",\n            \"frame\": [Graphics.width - 170, Graphics.height - 65, 150, 45]\n        },\n        {\n            \"type\": \"ui.TitledWindow\",\n            \"frame\": [\n                gs.UIConstants.LAYOUT_SETTINGS_WINDOW_X, \n                0, \n                gs.UIConstants.LAYOUT_SETTINGS_WINDOW_W, \n                Graphics.height - 70\n            ],\n            \"params\": { \"title\": { \"lcId\": \"4D3EC62F007AF64B0C68E8081C003D041370\", \"defaultText\": \"General Settings\" } }\n        },\n        {\n            \"type\": \"ui.VerticalScrollView\",\n            \"id\": \"settingsScrollView\",\n            \"frame\": [\n                gs.UIConstants.LAYOUT_SETTINGS_WINDOW_X, \n                45, \n                gs.UIConstants.LAYOUT_SETTINGS_WINDOW_W, \n                Graphics.height - 45 - 10 - 70\n            ],\n            \"params\": {\n                \"dataField\": 1,\n                \"template\": {\n                    \"type\": \"ui.StackLayout\",\n                    \"orientation\": \"vertical\",\n                    \"sizeToFit\": true,\n                    \"controls\": [\n                        { \n                            \"type\": \"ui.SettingsOptionSet\", \n                            \"params\": { \n                                \"label\": { \n                                    \"lcId\": \"2BB9D02557CFE84BAE8B7401501783BA6FBF\", \n                                    \"defaultText\": \"Display Mode\" \n                                }, \n                                \"write\": $ (v) -> $dataFields.settings.fullscreen = v\n                                \"read\": $ -> $dataFields.settings.fullscreen\n                                \"group\": \"displayMode\",\n                                \"onLabel\": { \n                                    \"lcId\": \"06C8957A5B6A0949DD28B96486586E93FCD4\", \n                                    \"defaultText\": \"Fullscreen\" \n                                }, \n                                \"offLabel\": { \n                                    \"lcId\": \"C5BB4D477FDFE54D2B5A0473BEC61239C219\", \n                                    \"defaultText\": \"Windowed\" \n                                },\n                                \"onAction\": { \n                                    \"name\": \"enterFullScreen\", \n                                    \"params\": {} \n                                }, \n                                \"offAction\": { \n                                    \"name\": \"leaveFullScreen\", \n                                    \"params\": {} \n                                } \n                            } \n                        },\n                        { \n                            \"type\": \"ui.SettingsOptionSet\", \n                            \"params\": { \n                                \"label\": { \n                                    \"lcId\": \"1C7C50BC434287404B392232B960C5701039\", \n                                    \"defaultText\": \"Screen Adjustment\" \n                                }, \n                                \"write\": $ (v) -> $dataFields.settings.aspectRatio = v\n                                \"read\": $ -> $dataFields.settings.aspectRatio\n                                \"group\": \"screenAdjust\",\n                                \"onLabel\": { \n                                    \"lcId\": \"33B51B1130853144E4888263A53B022C4ADB\", \n                                    \"defaultText\": \"Stretch\" \n                                }, \n                                \"offLabel\": { \n                                    \"lcId\": \"A583EEF38BB725426A6AB8965DCCDDED2982\", \n                                    \"defaultText\": \"Ratio\" \n                                },\n                                \"onAction\": { \n                                    \"name\": \"adjustAspectRatio\", \n                                    \"params\": true \n                                }, \n                                \"offAction\": { \n                                    \"name\": \"adjustAspectRatio\", \n                                    \"params\": false \n                                } \n                            } \n                        },\n                        { \n                            \"type\": \"ui.SettingsOptionSet\", \n                            \"params\": { \n                                \"label\": \"Confirmation\", \n                                \"onLabel\": { \n                                    \"lcId\": \"DB87E66F8299B549E56B2F048040DA406BCC\", \n                                    \"defaultText\": \"On\" \n                                }, \n                                \"offLabel\": { \n                                    \"lcId\": \"2D23328A3B4F80462E7AB2F8CD3996B20665\", \n                                    \"defaultText\": \"Off\" \n                                }, \n                                \"group\": \"confirmation\", \n                                \"write\": $ (v) -> $dataFields.settings.confirmation = v\n                                \"read\": $ -> $dataFields.settings.confirmation\n                            } \n                        }\n                    ]\n                }\n            }\n        },\n        {\n            \"type\": \"ui.ConfirmationButton\",\n            \"frame\": [gs.UIConstants.LAYOUT_SETTINGS_WINDOW_X, Graphics.height - 60, 300, 45],\n            \"params\": { \n                \"confirmationMessage\": { \"lcId\": \"92D58F0C1B58A94ADF791B81E9479CF2A27D\", \"defaultText\": \"Do you really want to reset global data?\" }, \n                \"text\": { \"lcId\": \"4272A0BC5880A64DA49AEBD4D60905347726\", \"defaultText\": \"Reset Global Data\" }, \n                \"acceptActions\": [{ \"event\": \"onAction\", \"name\": \"resetGlobalData\", \"params\": { \"name\": \"titleLayout\" } }, {\"name\":\"disposeControl\",\"params\":\"'confirmationDialog'\"}], \n                \"rejectActions\": [{\"event\": \"onAction\", \"name\":\"disposeControl\",\"params\":\"'confirmationDialog'\"}] }\n        }  \n    ]\n}","parentId":"A588F305KAB2DA4236SB838E7FF9BBA890FD","folder":false,"compiledContent":"(function() {\n  ui.UiFactory.layouts.settingsGeneral = {\n    \"type\": \"ui.FreeLayout\",\n    \"frame\": [0, 0, Graphics.width, Graphics.height],\n    \"controls\": [\n      {\n        \"executeFieldFormulas\": true,\n        \"type\": \"ui.Image\",\n        \"image\": function() {\n          return $dataFields.database.system.menuBackground.name || 'bg-generic';\n        },\n        \"frame\": [0, 0, Graphics.width, Graphics.height]\n      }, {\n        \"type\": \"ui.BackButton\",\n        \"frame\": [Graphics.width - 170, Graphics.height - 65, 150, 45]\n      }, {\n        \"type\": \"ui.TitledWindow\",\n        \"frame\": [gs.UIConstants.LAYOUT_SETTINGS_WINDOW_X, 0, gs.UIConstants.LAYOUT_SETTINGS_WINDOW_W, Graphics.height - 70],\n        \"params\": {\n          \"title\": {\n            \"lcId\": \"4D3EC62F007AF64B0C68E8081C003D041370\",\n            \"defaultText\": \"General Settings\"\n          }\n        }\n      }, {\n        \"type\": \"ui.VerticalScrollView\",\n        \"id\": \"settingsScrollView\",\n        \"frame\": [gs.UIConstants.LAYOUT_SETTINGS_WINDOW_X, 45, gs.UIConstants.LAYOUT_SETTINGS_WINDOW_W, Graphics.height - 45 - 10 - 70],\n        \"params\": {\n          \"dataField\": 1,\n          \"template\": {\n            \"type\": \"ui.StackLayout\",\n            \"orientation\": \"vertical\",\n            \"sizeToFit\": true,\n            \"controls\": [\n              {\n                \"type\": \"ui.SettingsOptionSet\",\n                \"params\": {\n                  \"label\": {\n                    \"lcId\": \"2BB9D02557CFE84BAE8B7401501783BA6FBF\",\n                    \"defaultText\": \"Display Mode\"\n                  },\n                  \"write\": $(function(v) {\n                    return $dataFields.settings.fullscreen = v;\n                  }),\n                  \"read\": $(function() {\n                    return $dataFields.settings.fullscreen;\n                  }),\n                  \"group\": \"displayMode\",\n                  \"onLabel\": {\n                    \"lcId\": \"06C8957A5B6A0949DD28B96486586E93FCD4\",\n                    \"defaultText\": \"Fullscreen\"\n                  },\n                  \"offLabel\": {\n                    \"lcId\": \"C5BB4D477FDFE54D2B5A0473BEC61239C219\",\n                    \"defaultText\": \"Windowed\"\n                  },\n                  \"onAction\": {\n                    \"name\": \"enterFullScreen\",\n                    \"params\": {}\n                  },\n                  \"offAction\": {\n                    \"name\": \"leaveFullScreen\",\n                    \"params\": {}\n                  }\n                }\n              }, {\n                \"type\": \"ui.SettingsOptionSet\",\n                \"params\": {\n                  \"label\": {\n                    \"lcId\": \"1C7C50BC434287404B392232B960C5701039\",\n                    \"defaultText\": \"Screen Adjustment\"\n                  },\n                  \"write\": $(function(v) {\n                    return $dataFields.settings.aspectRatio = v;\n                  }),\n                  \"read\": $(function() {\n                    return $dataFields.settings.aspectRatio;\n                  }),\n                  \"group\": \"screenAdjust\",\n                  \"onLabel\": {\n                    \"lcId\": \"33B51B1130853144E4888263A53B022C4ADB\",\n                    \"defaultText\": \"Stretch\"\n                  },\n                  \"offLabel\": {\n                    \"lcId\": \"A583EEF38BB725426A6AB8965DCCDDED2982\",\n                    \"defaultText\": \"Ratio\"\n                  },\n                  \"onAction\": {\n                    \"name\": \"adjustAspectRatio\",\n                    \"params\": true\n                  },\n                  \"offAction\": {\n                    \"name\": \"adjustAspectRatio\",\n                    \"params\": false\n                  }\n                }\n              }, {\n                \"type\": \"ui.SettingsOptionSet\",\n                \"params\": {\n                  \"label\": \"Confirmation\",\n                  \"onLabel\": {\n                    \"lcId\": \"DB87E66F8299B549E56B2F048040DA406BCC\",\n                    \"defaultText\": \"On\"\n                  },\n                  \"offLabel\": {\n                    \"lcId\": \"2D23328A3B4F80462E7AB2F8CD3996B20665\",\n                    \"defaultText\": \"Off\"\n                  },\n                  \"group\": \"confirmation\",\n                  \"write\": $(function(v) {\n                    return $dataFields.settings.confirmation = v;\n                  }),\n                  \"read\": $(function() {\n                    return $dataFields.settings.confirmation;\n                  })\n                }\n              }\n            ]\n          }\n        }\n      }, {\n        \"type\": \"ui.ConfirmationButton\",\n        \"frame\": [gs.UIConstants.LAYOUT_SETTINGS_WINDOW_X, Graphics.height - 60, 300, 45],\n        \"params\": {\n          \"confirmationMessage\": {\n            \"lcId\": \"92D58F0C1B58A94ADF791B81E9479CF2A27D\",\n            \"defaultText\": \"Do you really want to reset global data?\"\n          },\n          \"text\": {\n            \"lcId\": \"4272A0BC5880A64DA49AEBD4D60905347726\",\n            \"defaultText\": \"Reset Global Data\"\n          },\n          \"acceptActions\": [\n            {\n              \"event\": \"onAction\",\n              \"name\": \"resetGlobalData\",\n              \"params\": {\n                \"name\": \"titleLayout\"\n              }\n            }, {\n              \"name\": \"disposeControl\",\n              \"params\": \"'confirmationDialog'\"\n            }\n          ],\n          \"rejectActions\": [\n            {\n              \"event\": \"onAction\",\n              \"name\": \"disposeControl\",\n              \"params\": \"'confirmationDialog'\"\n            }\n          ]\n        }\n      }\n    ]\n  };\n\n}).call(this);\n"},"summary":["name","type"]}