{"uid":"169DDD1AKCDCFA4738SB1E3E46A2D168A5ED","isLoaded":true,"lastModificationTime":0,"items":{"name":"Template_Slider","type":"game_script","order":6,"content":"ui.UiFactory.customTypes[\"ui.Slider\"] = {\n    \"type\": \"ui.FreeLayout\",\n    \"sizeToFit\": true,\n    \"controls\": [\n        {\n            \"color\": [131, 131, 131, 131],\n            \"type\": \"ui.Panel\",\n            \"frame\": [0, 0, \"100% - 50\", gs.UIConstants.SLIDER_TRACK_H],\n            \"alignmentY\": \"center\"\n        },\n        {\n            \"style\": \"sliderKnob\",\n            \"type\": \"ui.Image\",\n            \"frame\": [0, 0],\n            \"alignmentY\": \"center\",\n            \"draggable\": { \"rect\": [0, 0, 100, gs.UIConstants.OPTION_BUTTON_H], \"axisX\": true, \"axisY\": false },\n            \"formulas\": [\n                ($ -> o.draggable.rect.width = o.parent.subObjects[0].dstRect.width),\n                ($ -> if @onChange o.parent.params.read.exec() then o.parent.controls[1].dstRect.x = Math.round((o.parent.controls[1].draggable.rect.width-o.parent.controls[1].dstRect.width) / o.parent.params.max * o.parent.params.read.exec() + o.parent.controls[1].draggable.rect.x)),\n                ($ -> if @onChange o.parent.controls[1].dstRect.x then o.parent.params.write.exec(Math.round(o.parent.params.max / (o.parent.controls[1].draggable.rect.width-o.parent.controls[1].dstRect.width) * (o.parent.controls[1].dstRect.x-o.parent.controls[1].draggable.rect.x)))),\n                ($ (-> o.parent.subObjects[2].text = o.parent.params.read.exec()))\n            ]\n        },\n        {\n            \"type\": \"ui.Text\",\n            \"color\": [255, 255, 255],\n            \"frame\": [0, 0],\n            \"style\": \"smallUIText\",\n            \"alignmentX\": \"right\",\n            \"alignmentY\": \"center\",\n            \"format\": \"%s%\"\n            \"text\": \"Hello\",\n            \"sizeToFit\": true\n        }\n    ]\n}","parentId":"2A0E8A67K5BAAA4D7AS9017ED220E9EFFCA7","folder":false,"compiledContent":"(function() {\n  ui.UiFactory.customTypes[\"ui.Slider\"] = {\n    \"type\": \"ui.FreeLayout\",\n    \"sizeToFit\": true,\n    \"controls\": [\n      {\n        \"color\": [131, 131, 131, 131],\n        \"type\": \"ui.Panel\",\n        \"frame\": [0, 0, \"100% - 50\", gs.UIConstants.SLIDER_TRACK_H],\n        \"alignmentY\": \"center\"\n      }, {\n        \"style\": \"sliderKnob\",\n        \"type\": \"ui.Image\",\n        \"frame\": [0, 0],\n        \"alignmentY\": \"center\",\n        \"draggable\": {\n          \"rect\": [0, 0, 100, gs.UIConstants.OPTION_BUTTON_H],\n          \"axisX\": true,\n          \"axisY\": false\n        },\n        \"formulas\": [\n          $(function() {\n            return o.draggable.rect.width = o.parent.subObjects[0].dstRect.width;\n          }), $(function() {\n            if (this.onChange(o.parent.params.read.exec())) {\n              return o.parent.controls[1].dstRect.x = Math.round((o.parent.controls[1].draggable.rect.width - o.parent.controls[1].dstRect.width) / o.parent.params.max * o.parent.params.read.exec() + o.parent.controls[1].draggable.rect.x);\n            }\n          }), $(function() {\n            if (this.onChange(o.parent.controls[1].dstRect.x)) {\n              return o.parent.params.write.exec(Math.round(o.parent.params.max / (o.parent.controls[1].draggable.rect.width - o.parent.controls[1].dstRect.width) * (o.parent.controls[1].dstRect.x - o.parent.controls[1].draggable.rect.x)));\n            }\n          }), $((function() {\n            return o.parent.subObjects[2].text = o.parent.params.read.exec();\n          }))\n        ]\n      }, {\n        \"type\": \"ui.Text\",\n        \"color\": [255, 255, 255],\n        \"frame\": [0, 0],\n        \"style\": \"smallUIText\",\n        \"alignmentX\": \"right\",\n        \"alignmentY\": \"center\",\n        \"format\": \"%s%\",\n        \"text\": \"Hello\",\n        \"sizeToFit\": true\n      }\n    ]\n  };\n\n}).call(this);\n","index":82},"summary":["name","type","order"]}