{"uid":"17CDE388KEE10A4BF8S8F45E0228F4E64A01","isLoaded":true,"lastModificationTime":0,"items":{"name":"Mass Edit Condition","type":"custom_view","parentId":"AC1ABDCBK050BA4863S9964E3DC378247DAD","order":19,"windowTitle":"Condition","windowSize":{"w":600},"bindings":[{"source":"global.data.dataSource","to":"numberField","target":"dataSource"},{"source":"global.data.dataSource","to":"textField","target":"dataSource"}],"sections":[{"name":"general","noBorder":true,"layout":{"type":"dynamicGrid","fixedRowHeight":true},"column":0,"items":[{"type":"GSRadioButton","identifier":"rbNumberField","attribute":"fieldType","defaultValue":true,"value":0,"text":"Number Field:","toolTip":"$$3E003AE1K5374A4117SBE07E938FEE1C54D3","enableItems":["numberField","numberOperation","numberValue"],"group":"labels","frame":[0,1]},{"type":"GSComboBox","identifier":"numberField","attribute":"field","allowEmptySelection":false,"dataSource":{"source":[],"filter":"return d.alias.type == 'number'"},"defaultValue":0,"frame":[1,1]},{"type":"GSComboBox","attribute":"operation","identifier":"numberOperation","allowEmptySelection":false,"dataSource":["Equal to","Not equal to","Greater than","Greater or equal to","Lesser than","Lesser or equal to"],"defaultValue":0,"frame":[2,1]},{"type":"GSStepper","identifier":"numberValue","attribute":"value","defaultValue":0,"minimum":-9999999,"maximum":9999999,"frame":[3,1]},{"type":"GSRadioButton","attribute":"fieldType","value":1,"identifier":"rbTextField","text":"Text Field:","enableItems":["textField","textOperation","textValue"],"toolTip":"$$3E003AE1K5374A4117SBE07E938FEE1C54D3","group":"labels","frame":[0,2]},{"type":"GSComboBox","identifier":"textField","attribute":"field","allowEmptySelection":false,"dataSource":{"source":[],"filter":"return d.alias.type == 'text'"},"defaultValue":0,"frame":[1,2]},{"type":"GSComboBox","identifier":"textOperation","attribute":"operation","allowEmptySelection":false,"dataSource":["Equal to","Not equal to","Greater than","Greater or equal to","Lesser than","Lesser or equal to"],"defaultValue":0,"frame":[2,2]},{"type":"GSTextField","identifier":"textValue","attribute":"value","frame":[3,2]}]}],"rawContent":"{\n    \"parentId\": \"AC1ABDCBK050BA4863S9964E3DC378247DAD\",\n\"name\": \"Mass Edit Condition\",\n    \"windowTitle\": \"$$E1D22DABK1D36A478ES9C9BEC0273299916B\",\n    \"type\": \"custom_view\",\n    \"windowSize\": {\n        \"w\": 600\n    },\n    \"bindings\": [\n        { \"source\": \"global.data.dataSource\", \"to\": \"numberField\", \"target\": \"dataSource\" },\n        { \"source\": \"global.data.dataSource\", \"to\": \"textField\", \"target\": \"dataSource\" }\n    ],\n    \"sections\": [\n        {\n            \"name\": \"general\",\n            \"noBorder\": true,\n            \"layout\": {\n                \"type\": \"dynamicGrid\",\n                \"fixedRowHeight\": true\n            },\n            \"column\": 0,\n            \"items\": [\n                {\n                    \"type\": \"GSRadioButton\",\n                    \"identifier\": \"rbNumberField\",\n                    \"attribute\": \"fieldType\",\n                    \"defaultValue\": true,\n                    \"value\": 0,\n                    \"text\": \"$$28CEE33968FFD547223897A19718551FC5FC\",\n                    \"toolTip\": \"$$3E003AE1K5374A4117SBE07E938FEE1C54D3\",\n                    \"enableItems\": [\"numberField\", \"numberOperation\", \"numberValue\"],\n                    \"group\": \"labels\",\n                    \"frame\": [0, 1]\n                },\n                {\n                    \"type\": \"GSComboBox\",\n                    \"identifier\": \"numberField\",\n                    \"attribute\": \"field\",\n                    \"allowEmptySelection\": false,\n                    \"dataSource\": { \"source\": [], \"filter\": \"return d.alias.type == 'number'\" } ,\n                    \"defaultValue\": 0,\n                    \"frame\": [1, 1]\n                },\n                {\n                    \"type\": \"GSComboBox\",\n                    \"attribute\": \"operation\",\n                    \"identifier\": \"numberOperation\",\n                    \"allowEmptySelection\": false,\n                    \"dataSource\": GS.CONST.COMPARE_OPERATIONS,\n                    \"defaultValue\": 0,\n                    \"frame\": [2, 1]\n                },\n                {\n                    \"type\": \"GSStepper\",\n                    \"identifier\": \"numberValue\",\n                    \"attribute\": \"value\",\n                    \"defaultValue\": 0,\n                    \"minimum\": -GS.CONST.MAX_NUMBER_VALUE,\n                    \"maximum\": GS.CONST.MAX_NUMBER_VALUE,\n                    \"frame\": [3, 1]\n                },\n                {\n                    \"type\": \"GSRadioButton\",\n                    \"attribute\": \"fieldType\",\n                    \"value\": 1,\n                    \"identifier\": \"rbTextField\",\n                    \"text\": \"$$C3FE01727AC94746117A85B98A18964B68DF\",\n                    \"enableItems\": [\"textField\", \"textOperation\", \"textValue\"],\n                    \"toolTip\": \"$$3E003AE1K5374A4117SBE07E938FEE1C54D3\",\n                    \"group\": \"labels\",\n                    \"frame\": [0, 2]\n                },\n                {\n                    \"type\": \"GSComboBox\",\n                    \"identifier\": \"textField\",\n                    \"attribute\": \"field\",\n                    \"allowEmptySelection\": false,\n                    \"dataSource\": { \"source\": [], \"filter\": \"return d.alias.type == 'text'\" } ,\n                    \"defaultValue\": 0,\n                    \"frame\": [1, 2]\n                },\n                {\n                    \"type\": \"GSComboBox\",\n                    \"identifier\": \"textOperation\",\n                    \"attribute\": \"operation\",\n                    \"allowEmptySelection\": false,\n                    \"dataSource\": GS.CONST.COMPARE_OPERATIONS,\n                    \"defaultValue\": 0,\n                    \"frame\": [2, 2]\n                },\n                {\n                    \"type\": \"GSTextField\",\n                    \"identifier\": \"textValue\",\n                    \"attribute\": \"value\",\n                    \"frame\": [3, 2]\n                }\n            ]\n        }\n    ]\n}"},"summary":["name","type"]}