{"uid":"1BEF7399KDF43A4E3ASA1A1E6EA70E833770","isLoaded":true,"lastModificationTime":1428415344176,"items":{"name":"VariableStore","type":"game_script","order":4,"content":"# ===================================================================\n#\n#   Script: VariableStore\n#\n#   $$COPYRIGHT$$\n#\n# ===================================================================\nclass VariableStore\n    ###*\n    * A storage for different kind of game variables. The following scopes\n    * for variables exist:<br>\n    * \n    * - Local Variables -> Only valid for the current scene.\n    * - Global Variables -> Valid for the whole game but bound to a single save-game.\n    * - Persistent Variables -> Valid for the whole game indepentent from the save-games.\n    * <br><br>\n    * The following data-types exist:<br>\n    * <br>\n    * - Strings -> Variables storing text data.\n    * - Numbers -> Variables storing integer number values.\n    * - Booleans -> Variables storing boolean values. (Called \"Switches\" for easier understanding)\n    * - Lists -> Variables storing multiple other variables. Lists can also contain Lists.\n    * <br><br>\n    * Local variables are stored by scene UID. For each scene UID a list of local variables is stored.\n    *\n    * @module gs\n    * @class VariableStore\n    * @memberof gs\n    * @constructor\n    ###\n    constructor: () ->\n        ###*\n        * The global number variables.\n        * @property numbers\n        * @type number[]\n        ###\n        @numbers = new Array(5000)\n        ###*\n        * The global boolean variables.\n        * @property booleans\n        * @type boolean[]\n        ###\n        @booleans = new Array(5000)\n        ###*\n        * The global string variables.\n        * @property strings\n        * @type string[]\n        ###\n        @strings = new Array(5000)\n        ###*\n        * The global list variables.\n        * @property lists\n        * @type Object[][]\n        ###\n        @lists = []\n        ###*\n        * The persistent number variables.\n        * @property persistentNumbers\n        * @type number[]\n        ###\n        @persistentNumbers = []\n        ###*\n        * The persistent string variables.\n        * @property persistentStrings\n        * @type string[]\n        ###\n        @persistentStrings = []\n        ###*\n        * The persistent boolean variables.\n        * @property persistentBooleans\n        * @type boolean[]\n        ###\n        @persistentBooleans = []\n        ###*\n        * The persistent list variables.\n        * @property persistentLists\n        * @type Object[][]\n        ###\n        @persistentLists = []\n        ###*\n        * The local number variables.\n        * @property localNumbers\n        * @type Object\n        ###\n        @localNumbers = {}\n        ###*\n        * The local string variables.\n        * @property localStrings\n        * @type Object\n        ###\n        @localStrings = {}\n        ###*\n        * The local boolean variables.\n        * @property localBooleans\n        * @type Object\n        ###\n        @localBooleans = {}\n        ###*\n        * The local list variables.\n        * @property localLists\n        * @type Object\n        ###\n        @localLists = {}\n        ###*\n        * @property tempNumbers\n        * @type number[]\n        ###\n        @tempNumbers = null\n        ###*\n        * @property tempStrings\n        * @type string[]\n        ###\n        @tempStrings = null\n        ###*\n        * @property localBooleans\n        * @type number[]\n        ###\n        @tempBooleans = null\n        ###*\n        * @property localLists\n        * @type Object[][]\n        ###\n        @tempLists = null\n        \n    ###*\n    * Clears all global variables\n    *\n    * @method clearGlobals\n    ### \n    clearGlobals: ->\n        @numbers = new Array(5000)\n        @booleans = new Array(5000)\n        @strings = new Array(5000)\n        \n    \n    ###*\n    * Initializes the variables. Should be called whenever the context changes. (Like after a scene change)\n    *\n    * @method setup\n    * @param {Object} context - The context(current scene) needed for local variables. Needs have at least an id-property.\n    ###     \n    setup: (context) ->\n        @setupLocalVariables(context)\n        @setupTempVariables(context)\n    \n    \n    \n    ###*\n    * Initializes the local variables for the specified context. Should be called on first time use.\n    *\n    * @method setupLocalVariables\n    * @param {Object} context - The context(current scene). Needs have at least an id-property.\n    ###\n    setupLocalVariables: (context) ->\n        @setupVariables(context, \"localNumbers\", 0)\n        @setupVariables(context, \"localStrings\", \"\")\n        @setupVariables(context, \"localBooleans\", no)\n        @setupVariables(context, \"localLists\", [])\n        \n    ###*\n    * Initializes the specified kind of variables.\n    *\n    * @method setupVariables                                       \n    * @param {Object} context - The context(current scene). Needs have at least an id-property.\n    * @param {string} property - The kind of variables (property-name).\n    * @param {Object} defaultValue - The default value for each variable.\n    ###  \n    setupVariables: (context, property, defaultValue) ->\n        if not this[property][context.id]?\n            this[property][context.id] = []\n    \n    \n    ###*\n    * Initializes the current temp variables for the specified context. Should be called whenever the context changed.\n    *\n    * @method setupTempVariables\n    * @param {Object} context - The context(current scene). Needs have at least an id-property.\n    ###    \n    setupTempVariables: (context) ->\n        @tempNumbers = @localNumbers[context.id]\n        @tempStrings = @localStrings[context.id]\n        @tempBooleans = @localBooleans[context.id]\n        @tempLists = @localLists[context.id]\n    \n    \n    ###*\n    * Sets the value of the number variable at the specified index.\n    *\n    * @method setNumberValueAtIndex\n    * @param {number} scope - The variable scope.\n    * @param {number} index - The variable's index.\n    * @param {number} value - The value to set.\n    ###     \n    setNumberValueAtIndex: (scope, index, value) ->\n        if scope == 2\n            @persistentNumbers[index] = value\n        else if scope == 1\n            @numbers[index] = value\n        else\n            @tempNumbers[index] = value\n\n    ###*\n    * Sets the value of a specified number variable.\n    *\n    * @method setNumberValueAtIndex\n    * @param {number} variable - The variable to set. \n    * @param {number} value - The value to set.\n    ###     \n    setNumberValueTo: (variable, value) ->\n        if variable.scope == 2\n            @persistentNumbers[variable.index] = value\n        else if variable.scope == 1\n            @numbers[variable.index] = value\n        else\n            @tempNumbers[variable.index] = value\n\n    ###*\n    * Sets the value of a specified list variable.\n    *\n    * @method setListObjectTo\n    * @param {Object} variable - The variable to set. \n    * @param {Object} value - The value to set.\n    ###             \n    setListObjectTo: (variable, value) ->\n        if variable.scope == 2\n            @persistentLists[variable.index] = value\n        else if variable.scope == 1\n            @lists[variable.index] = value\n        else\n            @tempLists[variable.index] = value\n\n    \n    ###*\n    * Sets the value of a specified boolean variable.\n    *\n    * @method setBooleanValueTo\n    * @param {Object} variable - The variable to set. \n    * @param {boolean} value - The value to set.\n    ###               \n    setBooleanValueTo: (variable, value) ->\n        if variable.scope == 2\n            @persistentBooleans[variable.index] = value\n        else if variable.scope == 1\n            @booleans[variable.index] = value\n        else\n            @tempBooleans[variable.index] = value\n\n    ###*\n    * Sets the value of a specified string variable.\n    *\n    * @method setStringValueTo\n    * @param {Object} variable - The variable to set. \n    * @param {string} value - The value to set.\n    ###   \n    setStringValueTo: (variable, value) ->\n        if variable.scope == 2\n            @persistentStrings[variable.index] = value\n        else if variable.scope == 1\n            @strings[variable.index] = value\n        else\n            @tempStrings[variable.index] = value\n\n    ###*\n    * Gets the value of a specified list variable.\n    *\n    * @method listObjectOf\n    * @param {Object} object - The list-variable/object to get the value from.\n    * @return {Object} The list-object.\n    ###   \n    listObjectOf: (object) ->\n        result = 0\n        if object? and object.index?\n            if object.scope == 2\n                result = @persistentLists[object.index]\n            else if object.scope == 1\n                result = @lists[object.index]\n            else\n                result = @tempLists[object.index]\n        else\n            result = object\n            \n        return result || []\n    \n    ###*\n    * Gets the value of a number variable at the specified index.\n    *\n    * @method numberValueAtIndex\n    * @param {number} scope - The variable scope.\n    * @param {number} index - The variable's index.\n    * @return {Object} The number value of the variable.\n    ###      \n    numberValueAtIndex: (scope, index) ->\n        result = 0\n        \n        if scope == 2\n            result = @persistentNumbers[index]\n        else if scope == 1\n            result = @numbers[index]\n        else\n            result = @tempNumbers[index]\n\n        return result\n    \n    ###*\n    * Gets the value of a specified number variable.\n    *\n    * @method numberValueOf\n    * @param {Object} object - The variable to get the value from.\n    * @return {Object} The number value of the variable.\n    ###     \n    numberValueOf: (object) ->\n        result = 0\n        if object? and object.index?\n            if object.scope == 2\n                result = @persistentNumbers[object.index]\n            else if object.scope == 1\n                result = @numbers[object.index]\n            else\n                result = @tempNumbers[object.index]\n\n        else\n            result = object\n            \n        return result || 0\n    \n    ###*\n    * Gets the value of a specified string variable.\n    *\n    * @method stringValueOf\n    * @param {Object} object - The variable to get the value from.\n    * @return {Object} The string value of the variable.\n    ###        \n    stringValueOf: (object) ->\n        result = \"\"\n        if object? and object.index?\n            if object.scope == 2\n                result = @persistentStrings[object.index]\n            else if object.scope == 1\n                result = @strings[object.index]\n            else\n                result = @tempStrings[object.index]\n        else\n            result = object\n            \n        return result || \"\"\n    \n    ###*\n    * Gets the value of a specified boolean variable.\n    *\n    * @method booleanValueOf\n    * @param {Object} object - The variable to get the value from.\n    * @return {Object} The boolean value of the variable.\n    ###       \n    booleanValueOf: (object) ->\n        result = no\n        if object? and object.index?\n            if object.scope == 2\n                result = @persistentBooleans[object.index]\n            else if object.scope == 1\n                result = @booleans[object.index]\n            else\n                result = @tempBooleans[object.index]\n\n        else\n            result = object\n            \n        return result\n        \ngs.VariableStore = VariableStore","compiledContent":"(function() {\n  var VariableStore;\n\n  VariableStore = (function() {\n\n    /**\n    * A storage for different kind of game variables. The following scopes\n    * for variables exist:<br>\n    * \n    * - Local Variables -> Only valid for the current scene.\n    * - Global Variables -> Valid for the whole game but bound to a single save-game.\n    * - Persistent Variables -> Valid for the whole game indepentent from the save-games.\n    * <br><br>\n    * The following data-types exist:<br>\n    * <br>\n    * - Strings -> Variables storing text data.\n    * - Numbers -> Variables storing integer number values.\n    * - Booleans -> Variables storing boolean values. (Called \"Switches\" for easier understanding)\n    * - Lists -> Variables storing multiple other variables. Lists can also contain Lists.\n    * <br><br>\n    * Local variables are stored by scene UID. For each scene UID a list of local variables is stored.\n    *\n    * @module gs\n    * @class VariableStore\n    * @memberof gs\n    * @constructor\n     */\n    function VariableStore() {\n\n      /**\n      * The global number variables.\n      * @property numbers\n      * @type number[]\n       */\n      this.numbers = new Array(5000);\n\n      /**\n      * The global boolean variables.\n      * @property booleans\n      * @type boolean[]\n       */\n      this.booleans = new Array(5000);\n\n      /**\n      * The global string variables.\n      * @property strings\n      * @type string[]\n       */\n      this.strings = new Array(5000);\n\n      /**\n      * The global list variables.\n      * @property lists\n      * @type Object[][]\n       */\n      this.lists = [];\n\n      /**\n      * The persistent number variables.\n      * @property persistentNumbers\n      * @type number[]\n       */\n      this.persistentNumbers = [];\n\n      /**\n      * The persistent string variables.\n      * @property persistentStrings\n      * @type string[]\n       */\n      this.persistentStrings = [];\n\n      /**\n      * The persistent boolean variables.\n      * @property persistentBooleans\n      * @type boolean[]\n       */\n      this.persistentBooleans = [];\n\n      /**\n      * The persistent list variables.\n      * @property persistentLists\n      * @type Object[][]\n       */\n      this.persistentLists = [];\n\n      /**\n      * The local number variables.\n      * @property localNumbers\n      * @type Object\n       */\n      this.localNumbers = {};\n\n      /**\n      * The local string variables.\n      * @property localStrings\n      * @type Object\n       */\n      this.localStrings = {};\n\n      /**\n      * The local boolean variables.\n      * @property localBooleans\n      * @type Object\n       */\n      this.localBooleans = {};\n\n      /**\n      * The local list variables.\n      * @property localLists\n      * @type Object\n       */\n      this.localLists = {};\n\n      /**\n      * @property tempNumbers\n      * @type number[]\n       */\n      this.tempNumbers = null;\n\n      /**\n      * @property tempStrings\n      * @type string[]\n       */\n      this.tempStrings = null;\n\n      /**\n      * @property localBooleans\n      * @type number[]\n       */\n      this.tempBooleans = null;\n\n      /**\n      * @property localLists\n      * @type Object[][]\n       */\n      this.tempLists = null;\n    }\n\n\n    /**\n    * Clears all global variables\n    *\n    * @method clearGlobals\n     */\n\n    VariableStore.prototype.clearGlobals = function() {\n      this.numbers = new Array(5000);\n      this.booleans = new Array(5000);\n      return this.strings = new Array(5000);\n    };\n\n\n    /**\n    * Initializes the variables. Should be called whenever the context changes. (Like after a scene change)\n    *\n    * @method setup\n    * @param {Object} context - The context(current scene) needed for local variables. Needs have at least an id-property.\n     */\n\n    VariableStore.prototype.setup = function(context) {\n      this.setupLocalVariables(context);\n      return this.setupTempVariables(context);\n    };\n\n\n    /**\n    * Initializes the local variables for the specified context. Should be called on first time use.\n    *\n    * @method setupLocalVariables\n    * @param {Object} context - The context(current scene). Needs have at least an id-property.\n     */\n\n    VariableStore.prototype.setupLocalVariables = function(context) {\n      this.setupVariables(context, \"localNumbers\", 0);\n      this.setupVariables(context, \"localStrings\", \"\");\n      this.setupVariables(context, \"localBooleans\", false);\n      return this.setupVariables(context, \"localLists\", []);\n    };\n\n\n    /**\n    * Initializes the specified kind of variables.\n    *\n    * @method setupVariables                                       \n    * @param {Object} context - The context(current scene). Needs have at least an id-property.\n    * @param {string} property - The kind of variables (property-name).\n    * @param {Object} defaultValue - The default value for each variable.\n     */\n\n    VariableStore.prototype.setupVariables = function(context, property, defaultValue) {\n      if (this[property][context.id] == null) {\n        return this[property][context.id] = [];\n      }\n    };\n\n\n    /**\n    * Initializes the current temp variables for the specified context. Should be called whenever the context changed.\n    *\n    * @method setupTempVariables\n    * @param {Object} context - The context(current scene). Needs have at least an id-property.\n     */\n\n    VariableStore.prototype.setupTempVariables = function(context) {\n      this.tempNumbers = this.localNumbers[context.id];\n      this.tempStrings = this.localStrings[context.id];\n      this.tempBooleans = this.localBooleans[context.id];\n      return this.tempLists = this.localLists[context.id];\n    };\n\n\n    /**\n    * Sets the value of the number variable at the specified index.\n    *\n    * @method setNumberValueAtIndex\n    * @param {number} scope - The variable scope.\n    * @param {number} index - The variable's index.\n    * @param {number} value - The value to set.\n     */\n\n    VariableStore.prototype.setNumberValueAtIndex = function(scope, index, value) {\n      if (scope === 2) {\n        return this.persistentNumbers[index] = value;\n      } else if (scope === 1) {\n        return this.numbers[index] = value;\n      } else {\n        return this.tempNumbers[index] = value;\n      }\n    };\n\n\n    /**\n    * Sets the value of a specified number variable.\n    *\n    * @method setNumberValueAtIndex\n    * @param {number} variable - The variable to set. \n    * @param {number} value - The value to set.\n     */\n\n    VariableStore.prototype.setNumberValueTo = function(variable, value) {\n      if (variable.scope === 2) {\n        return this.persistentNumbers[variable.index] = value;\n      } else if (variable.scope === 1) {\n        return this.numbers[variable.index] = value;\n      } else {\n        return this.tempNumbers[variable.index] = value;\n      }\n    };\n\n\n    /**\n    * Sets the value of a specified list variable.\n    *\n    * @method setListObjectTo\n    * @param {Object} variable - The variable to set. \n    * @param {Object} value - The value to set.\n     */\n\n    VariableStore.prototype.setListObjectTo = function(variable, value) {\n      if (variable.scope === 2) {\n        return this.persistentLists[variable.index] = value;\n      } else if (variable.scope === 1) {\n        return this.lists[variable.index] = value;\n      } else {\n        return this.tempLists[variable.index] = value;\n      }\n    };\n\n\n    /**\n    * Sets the value of a specified boolean variable.\n    *\n    * @method setBooleanValueTo\n    * @param {Object} variable - The variable to set. \n    * @param {boolean} value - The value to set.\n     */\n\n    VariableStore.prototype.setBooleanValueTo = function(variable, value) {\n      if (variable.scope === 2) {\n        return this.persistentBooleans[variable.index] = value;\n      } else if (variable.scope === 1) {\n        return this.booleans[variable.index] = value;\n      } else {\n        return this.tempBooleans[variable.index] = value;\n      }\n    };\n\n\n    /**\n    * Sets the value of a specified string variable.\n    *\n    * @method setStringValueTo\n    * @param {Object} variable - The variable to set. \n    * @param {string} value - The value to set.\n     */\n\n    VariableStore.prototype.setStringValueTo = function(variable, value) {\n      if (variable.scope === 2) {\n        return this.persistentStrings[variable.index] = value;\n      } else if (variable.scope === 1) {\n        return this.strings[variable.index] = value;\n      } else {\n        return this.tempStrings[variable.index] = value;\n      }\n    };\n\n\n    /**\n    * Gets the value of a specified list variable.\n    *\n    * @method listObjectOf\n    * @param {Object} object - The list-variable/object to get the value from.\n    * @return {Object} The list-object.\n     */\n\n    VariableStore.prototype.listObjectOf = function(object) {\n      var result;\n      result = 0;\n      if ((object != null) && (object.index != null)) {\n        if (object.scope === 2) {\n          result = this.persistentLists[object.index];\n        } else if (object.scope === 1) {\n          result = this.lists[object.index];\n        } else {\n          result = this.tempLists[object.index];\n        }\n      } else {\n        result = object;\n      }\n      return result || [];\n    };\n\n\n    /**\n    * Gets the value of a number variable at the specified index.\n    *\n    * @method numberValueAtIndex\n    * @param {number} scope - The variable scope.\n    * @param {number} index - The variable's index.\n    * @return {Object} The number value of the variable.\n     */\n\n    VariableStore.prototype.numberValueAtIndex = function(scope, index) {\n      var result;\n      result = 0;\n      if (scope === 2) {\n        result = this.persistentNumbers[index];\n      } else if (scope === 1) {\n        result = this.numbers[index];\n      } else {\n        result = this.tempNumbers[index];\n      }\n      return result;\n    };\n\n\n    /**\n    * Gets the value of a specified number variable.\n    *\n    * @method numberValueOf\n    * @param {Object} object - The variable to get the value from.\n    * @return {Object} The number value of the variable.\n     */\n\n    VariableStore.prototype.numberValueOf = function(object) {\n      var result;\n      result = 0;\n      if ((object != null) && (object.index != null)) {\n        if (object.scope === 2) {\n          result = this.persistentNumbers[object.index];\n        } else if (object.scope === 1) {\n          result = this.numbers[object.index];\n        } else {\n          result = this.tempNumbers[object.index];\n        }\n      } else {\n        result = object;\n      }\n      return result || 0;\n    };\n\n\n    /**\n    * Gets the value of a specified string variable.\n    *\n    * @method stringValueOf\n    * @param {Object} object - The variable to get the value from.\n    * @return {Object} The string value of the variable.\n     */\n\n    VariableStore.prototype.stringValueOf = function(object) {\n      var result;\n      result = \"\";\n      if ((object != null) && (object.index != null)) {\n        if (object.scope === 2) {\n          result = this.persistentStrings[object.index];\n        } else if (object.scope === 1) {\n          result = this.strings[object.index];\n        } else {\n          result = this.tempStrings[object.index];\n        }\n      } else {\n        result = object;\n      }\n      return result || \"\";\n    };\n\n\n    /**\n    * Gets the value of a specified boolean variable.\n    *\n    * @method booleanValueOf\n    * @param {Object} object - The variable to get the value from.\n    * @return {Object} The boolean value of the variable.\n     */\n\n    VariableStore.prototype.booleanValueOf = function(object) {\n      var result;\n      result = false;\n      if ((object != null) && (object.index != null)) {\n        if (object.scope === 2) {\n          result = this.persistentBooleans[object.index];\n        } else if (object.scope === 1) {\n          result = this.booleans[object.index];\n        } else {\n          result = this.tempBooleans[object.index];\n        }\n      } else {\n        result = object;\n      }\n      return result;\n    };\n\n    return VariableStore;\n\n  })();\n\n  gs.VariableStore = VariableStore;\n\n}).call(this);\n","parentId":"2EC9F946K6417A4973S8308E368608E89B8B","index":61},"summary":["name","type","order"]}