{"uid":"1C92127BK9A04A49D3S9FCBE19CC42DC4BF2","isLoaded":true,"lastModificationTime":1428415345485,"items":{"name":"Flash Picture","type":"event_command","parentId":"0FEBB76EK401BA41A4S99B1E2346601143E2","order":6,"id":"gs.FlashPicture","displayName":"$$6D8C0C09K894DA4663SB614ECBB3135CE768","group":"$$8E805C42KAAEBA4E2ASAFEBE14638DCA0760","defaultValue":{"number":0,"color":{"red":255,"green":255,"blue":255,"alpha":255},"duration":0,"waitForCompletion":0},"quickItems":[{"label":"Number","identifier":"number","variableButton":{"dataSource":"numbers"},"type":"GSQStepper","attribute":"number","minimum":0,"maximum":9999999},{"label":"Color","valueFormula":"return p.color.red + ', ' + p.color.green + ', ' + p.color.blue + ', '+p.color.alpha; ","attribute":"color","type":"GSQPopupField","dataAttribute":"color","dialog":{"uid":"07DDB0112342C01F","parameters":{}}},{"label":"Duration","valueFormula":"return fmtDuration(fmtNumVar(p.duration))","valueTranslator":{"write":"return v / 1000 * GS.CONST.GAME_FRAME_RATE","read":"return ROUND(v / GS.CONST.GAME_FRAME_RATE * 1000)"},"type":"GSQStepper","attribute":"duration","identifier":"duration","variableButton":{"dataSource":"numbers"},"minimum":0,"maximum":9999999},{"type":"GSQPopupField","attribute":"waitForCompletion","identifier":"waitForCompletion","dataSource":["Continue","Wait"],"valueFormula":"return (p.waitForCompletion ? 'Wait' : 'Continue')"}],"sections":[],"rawContent":"{\n    \"id\": \"gs.FlashPicture\",\n    \"displayName\": \"$$6D8C0C09K894DA4663SB614ECBB3135CE768\",\n    \"group\": \"$$8E805C42KAAEBA4E2ASAFEBE14638DCA0760\",\n    \"defaultValue\": { \"number\": 0, \"color\": { \"red\": 255, \"green\": 255, \"blue\": 255, \"alpha\": 255 }, \"duration\": 0, \"waitForCompletion\": 0 },\n    \"quickItems\": [\n        GSQ.CONTROLS.GRAPHIC_OBJECT_NUMBER,\n        GSQ.CONTROLS.COLOR,\n        GSQ.CONTROLS.DURATION, GSQ.CONTROLS.WAIT_FOR_COMPLETION\n    ],\n    \"sections\": [\n    ]\n}"},"summary":["name","type"]}