{"uid":"206B9F77K691EA41C9S92ADE3DC60464A57F","lastModificationTime":1424023487938,"items":{"name":"Number List Entries Window","type":"custom_view","parentId":"AC1ABDCBK050BA4863S9964E3DC378247DAD","windowTitle":"$$790228D9KDFECA48D3S90A6E9B0FE6771456","windowSize":{"w":400},"sections":[{"name":"Time","noBorder":true,"layout":{"type":"dynamicGrid","fixedRowHeight":true},"column":0,"items":[{"type":"GSTable","attribute":"entries","identifier":"entries","emptyItem":true,"border":true,"dialog":{"uid":"93EC00A1K209FA4B07SBE07E505E7F1DB0E0"},"contextMenu":[{"name":"$$4D200F2EK2B8FA4D3BS9504E377430FC15AF","selector":"addItemUsingDialog"},{"separator":true},{"name":"$$P71","selector":"cutItem:"},{"name":"$$P72","selector":"copyItem:"},{"name":"$$P73","selector":"pasteItem:"},{"name":"$$P49","selector":"deleteItem:"}],"columns":[{"identifier":"name","attribute":"name","text":"$$P55","width":125,"content":"return d.name"},{"identifier":"value","attribute":"value","text":"$$89ECAECDK4610A4BF8SA019E8444CA45FAB6","width":50,"content":"return d.value"}],"frame":[0,0,-1,241]}]}],"rawContent":"{\n    \"parentId\": \"AC1ABDCBK050BA4863S9964E3DC378247DAD\",\n\"name\": \"Number List Entries Window\",\n    \"windowTitle\": \"$$790228D9KDFECA48D3S90A6E9B0FE6771456\",\n    \"type\": \"custom_view\",\n    \"windowSize\": {\n        \"w\": 400\n    },\n    \"sections\": [\n        {\n            \"name\": \"Time\",\n            \"noBorder\": true,\n            \"layout\": {\n                \"type\": \"dynamicGrid\",\n                \"fixedRowHeight\": true\n            },\n            \"column\": 0,\n            \"items\": [\n                {\n                    \"type\": \"GSTable\",\n                    \"attribute\": \"entries\",\n                    \"identifier\": \"entries\",\n                    \"emptyItem\": true,\n                    \"border\": true,\n                    \"dialog\": {\n                        \"uid\": \"93EC00A1K209FA4B07SBE07E505E7F1DB0E0\"\n                    },\n                    \"contextMenu\": [\n                        {\n                            \"name\": \"$$4D200F2EK2B8FA4D3BS9504E377430FC15AF\",\n                            \"selector\": \"addItemUsingDialog\"\n                        },\n                        {\n                            \"separator\": true\n                        },\n                        {\n                            \"name\": \"$$P71\",\n                            \"selector\": \"cutItem:\"\n                        },\n                        {\n                            \"name\": \"$$P72\",\n                            \"selector\": \"copyItem:\"\n                        },\n                        {\n                            \"name\": \"$$P73\",\n                            \"selector\": \"pasteItem:\"\n                        },\n                        {\n                            \"name\": \"$$P49\",\n                            \"selector\": \"deleteItem:\"\n                        }\n                    ],\n                    \"columns\": [\n                        {\n                            \"identifier\": \"name\",\n                            \"attribute\": \"name\",\n                            \"text\": \"$$P55\",\n                            \"width\": 125,\n                            \"content\": \"return d.name\"\n                        },\n                        {\n                            \"identifier\": \"value\",\n                            \"attribute\": \"value\",\n                            \"text\": \"$$89ECAECDK4610A4BF8SA019E8444CA45FAB6\",\n                            \"width\": 50,\n                            \"content\": \"return d.value\"\n                        }\n                    ],\n                    \"frame\": [0, 0, -1, 241]\n                }\n            ]\n        }\n    ]\n}"},"summary":["name","type"]}