{"uid":"227854B5IF552T4D2FABFAAJ457F5C9409F2","lastModificationTime":1413544095769,"items":{"name":"Old Werewolf Magic Attack","type":"data_record","category":"simpleAnimations","id":79,"isFolder":false,"data":{"name":"Old Werewolf Magic Attack","graphic":{"name":"werewolfbattle01","hue":150,"opacity":255,"blending":0,"tone":{"red":0,"green":0,"blue":0,"grey":0}},"framesX":4,"framesY":4,"useFrameRange":true,"useRepetitionFrameRange":false,"position":0,"duration":32,"repeat":false,"effects":[],"index":79,"frameRange":{"start":5,"end":7}},"parentId":"0BEF0B32I580CT465CA9C55J7679EC622928"},"summary":["name","type"]}