{"uid":"22E0BB326702B84AF95BEAC0E5D75E1A9858","isLoaded":true,"lastModificationTime":0,"items":{"sections":[{"name":"$$464C26FA0070A5446B1A26A41455F93937E9","identifier":"generalSection","noBorder":false,"column":0,"items":[{"type":"GSLabel","text":"$$P182","frame":[0,0],"group":"labels"},{"type":"GSStepper","attribute":"x","minimum":-9999999,"maximum":9999999,"valueTranslator":{"write":"return Math.floor(v * GS.GAME.previewScale())","read":"return Math.floor(v * (1.0/GS.GAME.previewScale()))"},"defaultValue":0,"frame":[1,0]},{"type":"GSLabel","text":"$$P183","frame":[2,0],"group":"labels"},{"type":"GSStepper","attribute":"y","defaultValue":0,"valueTranslator":{"write":"return Math.floor(v * GS.GAME.previewScale())","read":"return Math.floor(v * (1.0/GS.GAME.previewScale()))"},"minimum":-9999999,"maximum":9999999,"frame":[3,0]},{"type":"GSLabel","text":"$$408F6999KE7ADA411ASAA1AEB8DABB482167","frame":[0,1],"group":"labels"},{"type":"GSStepper","attribute":"width","valueTranslator":{"write":"return Math.floor(v * GS.GAME.previewScale())","read":"return Math.floor(v * (1.0/GS.GAME.previewScale()))"},"defaultValue":0,"minimum":1,"maximum":9999999,"frame":[1,1]},{"type":"GSLabel","text":"$$03D954D3KB8A7A494ESBEFAE8A8764DF14B7","frame":[2,1],"group":"labels"},{"type":"GSStepper","attribute":"height","valueTranslator":{"write":"return Math.floor(v * GS.GAME.previewScale())","read":"return Math.floor(v * (1.0/GS.GAME.previewScale()))"},"defaultValue":0,"minimum":1,"maximum":9999999,"frame":[3,1]}]}],"rawContent":"{\n    \"sections\": [\n         {\n            \"name\": \"$$464C26FA0070A5446B1A26A41455F93937E9\",\n            \"identifier\": \"generalSection\",\n            \"noBorder\": false,\n            \"column\": 0,\n            \"items\": [\n                {\n                    \"type\": \"GSLabel\",\n                    \"text\": \"$$P182\",\n                    \"frame\": [0, 0],\n                    \"group\": \"labels\"\n                },\n                {\n                    \"type\": \"GSStepper\",\n                    \"attribute\": \"x\",\n                    \"minimum\": -GS.CONST.MAX_NUMBER_VALUE,\n                    \"maximum\": GS.CONST.MAX_NUMBER_VALUE,\n                    \"valueTranslator\": { \"write\": \"return Math.floor(v * GS.GAME.previewScale())\", \"read\": \"return Math.floor(v * (1.0/GS.GAME.previewScale()))\" },\n                    \"defaultValue\": 0,\n                    \"frame\": [1, 0]\n                },\n                {\n                    \"type\": \"GSLabel\",\n                    \"text\": \"$$P183\",\n                    \"frame\": [2, 0],\n                    \"group\": \"labels\"\n                },\n                {\n                    \"type\": \"GSStepper\",\n                    \"attribute\": \"y\",\n                    \"defaultValue\": 0,\n                    \"valueTranslator\": { \"write\": \"return Math.floor(v * GS.GAME.previewScale())\", \"read\": \"return Math.floor(v * (1.0/GS.GAME.previewScale()))\" },\n                    \"minimum\": -GS.CONST.MAX_NUMBER_VALUE,\n                    \"maximum\": GS.CONST.MAX_NUMBER_VALUE,\n                    \"frame\": [3, 0]\n                },\n                {\n                    \"type\": \"GSLabel\",\n                    \"text\": \"$$408F6999KE7ADA411ASAA1AEB8DABB482167\",\n                    \"frame\": [0, 1],\n                    \"group\": \"labels\"\n                },\n                {\n                    \"type\": \"GSStepper\",\n                    \"attribute\": \"width\",\n                    \"valueTranslator\": { \"write\": \"return Math.floor(v * GS.GAME.previewScale())\", \"read\": \"return Math.floor(v * (1.0/GS.GAME.previewScale()))\" },\n                    \"defaultValue\": 0,\n                    \"minimum\": 1,\n                    \"maximum\": GS.CONST.MAX_NUMBER_VALUE,\n                    \"frame\": [1, 1]\n                },\n                {\n                    \"type\": \"GSLabel\",\n                    \"text\": \"$$03D954D3KB8A7A494ESBEFAE8A8764DF14B7\",\n                    \"frame\": [2, 1],\n                    \"group\": \"labels\"\n                },\n                {\n                    \"type\": \"GSStepper\",\n                    \"attribute\": \"height\",\n                    \"valueTranslator\": { \"write\": \"return Math.floor(v * GS.GAME.previewScale())\", \"read\": \"return Math.floor(v * (1.0/GS.GAME.previewScale()))\" },\n                    \"defaultValue\": 0,\n                    \"minimum\": 1,\n                    \"maximum\": GS.CONST.MAX_NUMBER_VALUE,\n                    \"frame\": [3, 1]\n                }\n            ]\n        }\n    ]\n}","name":"Cell Position & Size Section","type":"custom_view","parentId":"AC1ABDCBK050BA4863S9964E3DC378247DAD","order":31},"summary":["name","type"]}