{"uid":"27F7EC2DK40B2A4C6ESABA7E4A39B05924F8","isLoaded":true,"lastModificationTime":0,"items":{"name":"Layout_SaveMenu","type":"game_script","order":8,"content":"ui.UiFactory.layouts.saveMenuLayout = {\n    \"type\": \"ui.FreeLayout\",\n    \"frame\": [0, 0, Graphics.width, Graphics.height],\n    \"controls\": [\n        {\n            \"executeFieldFormulas\": true,\n            \"type\": \"ui.Image\",\n            \"image\": -> $dataFields.database.system.menuBackground.name or 'bg-generic'\n            \"frame\": [0, 0, Graphics.width, Graphics.height],\n            \"action\": { \"event\": \"onCancel\", \"name\": \"previousLayout\", \"params\": {}}\n        },\n        {\n            \"type\": \"ui.BackButton\",\n            \"frame\": [Graphics.width - 170, Graphics.height - 65, 150, 45]\n        },\n        {\n            \"type\": \"ui.TitledWindow\",\n            \"frame\": [20, 0, Math.floor((Graphics.width-200)/420)*420, Graphics.height],\n            \"params\": { \"title\": { \"lcId\": \"17B8950C477FA042C418D7A591445017623C\", \"defaultText\": \"Save Game\" } }\n        },\n        {\n            \"type\": \"ui.DataScrollView\",\n            \"frame\": [20, 45, Math.floor((Graphics.width-200)/420)*420, Graphics.height - 45],\n            \"params\": { \n                \"spacing\": [10, 10],\n                \"columns\": Math.floor((Graphics.width-200)/420),\n                \"dataSource\": ($ -> $dataFields.saveGameSlots), \n                \"template\": {\n                    \"descriptor\": {\n                        \"type\": \"ui.SaveGameSlot\",\n                        \"params\": {\n                            \"actions\": [\n                                { \"name\": \"saveGame\", \"params\": { \"slot\": ($ -> o.parent.index) } },\n                                { \"name\": \"fullRefreshObject\", \"params\": ($ -> o.parent) }\n                            ]\n                        }\n                    }\n                }\n            }\n        }\n    ]\n}","parentId":"A588F305KAB2DA4236SB838E7FF9BBA890FD","folder":false,"compiledContent":"(function() {\n  ui.UiFactory.layouts.saveMenuLayout = {\n    \"type\": \"ui.FreeLayout\",\n    \"frame\": [0, 0, Graphics.width, Graphics.height],\n    \"controls\": [\n      {\n        \"executeFieldFormulas\": true,\n        \"type\": \"ui.Image\",\n        \"image\": function() {\n          return $dataFields.database.system.menuBackground.name || 'bg-generic';\n        },\n        \"frame\": [0, 0, Graphics.width, Graphics.height],\n        \"action\": {\n          \"event\": \"onCancel\",\n          \"name\": \"previousLayout\",\n          \"params\": {}\n        }\n      }, {\n        \"type\": \"ui.BackButton\",\n        \"frame\": [Graphics.width - 170, Graphics.height - 65, 150, 45]\n      }, {\n        \"type\": \"ui.TitledWindow\",\n        \"frame\": [20, 0, Math.floor((Graphics.width - 200) / 420) * 420, Graphics.height],\n        \"params\": {\n          \"title\": {\n            \"lcId\": \"17B8950C477FA042C418D7A591445017623C\",\n            \"defaultText\": \"Save Game\"\n          }\n        }\n      }, {\n        \"type\": \"ui.DataScrollView\",\n        \"frame\": [20, 45, Math.floor((Graphics.width - 200) / 420) * 420, Graphics.height - 45],\n        \"params\": {\n          \"spacing\": [10, 10],\n          \"columns\": Math.floor((Graphics.width - 200) / 420),\n          \"dataSource\": $(function() {\n            return $dataFields.saveGameSlots;\n          }),\n          \"template\": {\n            \"descriptor\": {\n              \"type\": \"ui.SaveGameSlot\",\n              \"params\": {\n                \"actions\": [\n                  {\n                    \"name\": \"saveGame\",\n                    \"params\": {\n                      \"slot\": $(function() {\n                        return o.parent.index;\n                      })\n                    }\n                  }, {\n                    \"name\": \"fullRefreshObject\",\n                    \"params\": $(function() {\n                      return o.parent;\n                    })\n                  }\n                ]\n              }\n            }\n          }\n        }\n      }\n    ]\n  };\n\n}).call(this);\n","index":100},"summary":["name","type","order"]}