{"uid":"2C26A99BK03D7A4EC4SAA29EE1DB000A7E1E","isLoaded":true,"lastModificationTime":1427752200632,"items":{"name":"System","type":"data_record","order":0,"category":"system","data":{"name":"System","index":"0","actor1":0,"actor2":1,"actor3":null,"actor4":null,"globalEvents":[{"name":"Player","id":500000,"pages":[],"global":true,"x":10,"y":8,"mapUid":"EBEFB11452CB154F856998E35C9046C80AC2"}],"languages":[{"name":"German","icon":{"name":"Germany"},"uid":"07DDA0716161F104"}],"menuAccessable":false,"saveMenuAccessable":false,"titleGraphic":{"name":"title-back","hue":0,"opacity":255,"blending":0,"tone":{"red":0,"green":0,"blue":0}},"gameOverGraphic":{"name":"bg-01","hue":0,"opacity":255,"blending":0,"tone":{"red":0,"green":0,"blue":0,"grey":0}},"battleView":0,"titleMusic":{"name":""},"gameOverMusic":{"name":""},"menuCursorSound":{"name":""},"menuSelectSound":{"name":""},"menuBuzzerSound":{"name":""},"windowSkinGraphic":{"name":""},"windowSkinTone":{"red":-68,"green":-68,"blue":-68,"grey":0},"nameFont":{"name":"Verdana","color":{"red":255,"green":255,"blue":255,"alpha":255},"decoration":{"type":2,"color":{"red":0,"green":0,"blue":0,"alpha":213}}},"messageFont":{"name":"Verdana","color":{"red":255,"green":255,"blue":255,"alpha":255},"decoration":{"type":1,"color":{"red":0,"green":0,"blue":0,"alpha":255}}},"uiFont":{"name":"Verdana","color":{"red":255,"green":255,"blue":255,"alpha":255},"decoration":{"type":0,"color":{"red":0,"green":0,"blue":0,"alpha":199}}},"vocabulary":{"newGame":"New Game","continue":"Continue","endGame":"End Game"},"color1":{"red":94,"green":179,"blue":120,"alpha":255},"color2":{"red":194,"green":109,"blue":101,"alpha":255},"color3":{"red":0,"green":0,"blue":0,"alpha":255},"color4":{"red":0,"green":0,"blue":0,"alpha":255},"color5":{"red":0,"green":0,"blue":0,"alpha":255},"color6":{"red":0,"green":0,"blue":0,"alpha":255},"color7":{"red":0,"green":0,"blue":0,"alpha":255},"color8":{"red":0,"green":0,"blue":0,"alpha":255},"lpGaugeColor1":{"red":0,"green":0,"blue":0,"alpha":255},"lpGaugeColor2":{"red":0,"green":0,"blue":0,"alpha":255},"mpGaugeColor1":{"red":0,"green":0,"blue":0,"alpha":255},"mpGaugeColor2":{"red":0,"green":0,"blue":0,"alpha":255},"lvGaugeColor1":{"red":0,"green":0,"blue":0,"alpha":255},"lvGaugeColor2":{"red":0,"green":0,"blue":0,"alpha":255},"eventIdCounter":500001,"startMap":{"location":{"x":0,"y":0}},"gameTitle":"Sample Project","resolution":720,"diagonalMovement":true,"menuCursorUpSound":{"name":"Soft_CursorUp","volume":100,"playbackRate":100},"menuCursorDownSound":{"name":"Soft_CursorDown","volume":100,"playbackRate":100},"menuCancelSound":{"name":""},"mapTransition":{"graphic":{"name":""},"vague":30},"menuTransition":{"graphic":{"name":""},"vague":30},"shopTransition":{"graphic":{"name":""},"vague":30},"battleTransition":{"graphic":{"name":""},"vague":30},"aspectRatio":0,"mouseSupport":true,"startScene":{"uid":{"uid":"3305C56CKBF5BA44BFS8614EE4B277E49F6A","name":"Intro"}},"sceneTransition":{"graphic":{"name":""},"vague":30},"customResolutionWidth":1280,"resolutionType":1,"startInfo":{"scene":{"uid":"3305C56CKBF5BA44BFS8614EE4B277E49F6A","name":"Sample Scene"}},"cursor":{"name":null,"hx":0,"hy":0},"titleScreen":{"name":"bg-generic"},"languageScreen":{"name":"bg-generic"},"menuBackground":{"name":"bg-generic"},"colors":[],"sounds":[{"name":""}],"useIntroScene":false,"introInfo":{"scene":{"uid":"3305C56CKBF5BA44BFS8614EE4B277E49F6A","name":"Sample Scene"}},"textInputPages":[], "objectPositions": [
{
    "name": "Top-Left",
    "script": "return { x: 0, y: 0 }"
},
{
    "name": "Top",
    "script": "return { x: (Graphics.width - object.dstRect.width * object.zoom.x) / 2, y: 0  }"
},
{
    "name": "Top-Right",
    "script": "return { x: Graphics.width - object.dstRect.width * object.zoom.x, y: 0 }"
},
{
    "name": "Right",
    "script": "return { \n  x: Graphics.width - (object.dstRect.width*object.zoom.x), \n  y: (Graphics.height -  object.dstRect.height * object.zoom.y) / 2\n}"
},
{
    "name": "Bottom-Right",
    "script": "return { x: Graphics.width - object.dstRect.width * object.zoom.x, y: Graphics.height - object.dstRect.height * object.zoom.y  }"
},
{
    "name": "Bottom",
    "script": "return { x: (Graphics.width - object.dstRect.width * object.zoom.x) / 2, y: Graphics.height - object.dstRect.height * object.zoom.y  }"
},
{
    "name": "Bottom-Left",
    "script": "return { x: 0, y: Graphics.height - object.dstRect.height * object.zoom.y  }"
},
{
    "name": "Left",
    "script": "return { x: 0, y: Graphics.height - object.dstRect.height * object.zoom.y }"
},
{
    "name": "Center",
    "script": "return { x: (Graphics.width - object.dstRect.width * object.zoom.x) / 2, y: (Graphics.height - object.dstRect.height * object.zoom.y) / 2  }"
}
]},"id":0,"parentId":"ROOT","localizableStrings":{}},"summary":["name","type","order"]}