{"uid":"2D3CBA2BKCB18A4AE4SB57DE1392B938EF34","isLoaded":true,"lastModificationTime":0,"items":{"name":"Movie Motion Blur","type":"event_command","parentId":"622D180FKC6D9A4243S8FCBEA38FBF82865C","displayName":"$$8E4967A50DAAA1448B782121EE293BB3FFF1","windowTitle":"Movie Motion Blur","id":"gs.MovieMotionBlur","group":"$$ADD23624771072411D3A82987C5BE70C8582","windowSize":{"w":400,"h":400},"columns":[400],"nodes":[],"defaultValue":{"number":0,"motionBlur":{"enabled":0,"delay":2,"opacity":100,"dissolveSpeed":3}},"quickItems":[{"label":"$$C287D490K9B01A4407SA616EF2726CA43B52","identifier":"number","variableButton":{"dataSource":"numbers"},"type":"GSQStepper","attribute":"number","minimum":0,"maximum":9999999},{"label":"$$39F3501D5398B243109AC4E68EA163812B38","lockable":true,"type":"GSQCheckBox","attribute":"motionBlur.enabled","valueFormula":"return GS.CONST.YES_NO[p.motionBlur.enabled]","enableItems":["motionBlur.delay","motionBlur.dissolveSpeed","motionBlur.opacity"]},{"label":"$$4DAD1BF70B09254B8C7898E012FD7FAF15CC","type":"GSQStepper","attribute":"motionBlur.delay","minimum":1,"maximum":1000},{"label":"$$BE21611B4A0B334CE4092F34651F62808466","type":"GSQStepper","attribute":"motionBlur.dissolveSpeed","minimum":1,"maximum":255},{"label":"$$P176","type":"GSQStepper","attribute":"motionBlur.opacity","minimum":1,"maximum":255}],"sections":[],"rawContent":"{\n    \"parentId\": \"AFAD6CEFK59C1A4298SBABFE7AEC1B964622\",\n    \"displayName\": \"$$8E4967A50DAAA1448B782121EE293BB3FFF1\",\n    \"windowTitle\": \"Movie Motion Blur\",\n    \"type\": \"event_command\",\n    \"id\": \"gs.MovieMotionBlur\",\n    \"group\": \"$$ADD23624771072411D3A82987C5BE70C8582\",\n    \"windowSize\": {\n        \"w\": 400,\n        \"h\": 400\n    },\n    \"columns\": [\n        400\n    ],\n    \"nodes\": [\n    ],\n    \"defaultValue\": { \"number\": 0, \"motionBlur\": GS.CONST.DEFAULT_MOTION_BLUR_DATA },\n    \"quickItems\": ([GSQ.CONTROLS.GRAPHIC_OBJECT_NUMBER]).concat(GSQ.CONTROLS.MOTION_BLUR),\n    \"sections\": [\n    ]\n}","order":8},"summary":["name","type"]}