{"uid":"2F6833B1K4A87A4B4BS9F58E5A0F08E17949","isLoaded":true,"lastModificationTime":0,"items":{"name":"Position Selection","type":"custom_view","parentId":"AC1ABDCBK050BA4863S9964E3DC378247DAD","windowTitle":"Select Position","windowSize":{"w":400,"h":400},"bindings":[{"source":"local.data.picture","asImageFromFolder":"Graphics/Pictures","to":"positionView","target":"cells.0"}],"windowSizeFormula":"var res = GS.GAME.previewResolution(); return { w: res.w + GS.CONST.WINDOW_PADDING }","sections":[{"name":"Position","identifier":"positionSection","noBorder":true,"column":0,"items":[{"type":"GSLabel","text":"Background:","frame":[0,0],"group":"labels"},{"type":"GSResourcePopupField","folder":"Graphics/Backgrounds","identifier":"resource","attribute":"previewBackground","delegates":[{"identifiers":["positionView"],"selector":"setBackground:resource:"}],"frame":[1,0]},{"type":"GSDispositionView","border":true,"identifier":"positionView","storeMode":"single","cellType":"text","attribute":"position","folder":"Graphics/Characters","cellPropertiesDialog":{"uid":"7C0818997DE4D742260BAF889CD17188005B"},"cellCount":1,"scaleForPreview":true,"frame":[0,2],"sizeFormula":"return GS.GAME.previewResolution();"}]}],"rawContent":"{\n    \"parentId\": \"AC1ABDCBK050BA4863S9964E3DC378247DAD\",\n\"name\": \"Position Selection\",\n    \"windowTitle\": \"$$B30ED82745B4434C1A09FE025BC5866F2EE0\",\n    \"type\": \"custom_view\",\n    \"windowSize\": {\n        \"w\": 400, \"h\": 400\n    },\n    \"bindings\": [\n        { \"source\": \"local.data.picture\", \"asImageFromFolder\": \"Graphics/Pictures\", \"to\": \"positionView\", \"target\": \"cells.0\" }\n    ],\n    \"windowSizeFormula\": \"var res = GS.GAME.previewResolution(); return { w: res.w + GS.CONST.WINDOW_PADDING }\",\n    \"sections\": [\n        {\n            \"name\": \"Position\",\n            \"identifier\": \"positionSection\",\n            \"noBorder\": true,\n            \"column\": 0,\n            \"items\": [\n                {\n                    \"type\": \"GSLabel\",\n                    \"text\": \"$$B3D36B2CKF215A4B35SA43BECB141AB4CD99\",\n                    \"frame\": [0, 0],\n                    \"group\": \"labels\"\n                },\n                {\n                    \"type\": \"GSResourcePopupField\",\n                    \"folder\": \"Graphics/Backgrounds\",\n                    \"identifier\": \"resource\",\n                    \"attribute\": \"previewBackground\",\n                    \"delegates\": [{ \"identifiers\": [\"positionView\"], \"selector\": \"setBackground:resource:\"}],\n                    \"frame\": [1, 0]\n                },\n                {\n                    \"type\": \"GSDispositionView\",\n                    \"border\": true,\n                    \"identifier\": \"positionView\",\n                    \"storeMode\": \"single\",\n                    \"cellType\": \"text\",\n                    \"attribute\": \"position\",\n                    \"folder\": \"Graphics/Characters\",\n                    \"cellPropertiesDialog\": { \"uid\": \"7C0818997DE4D742260BAF889CD17188005B\" },\n                    \"cellCount\": 1,\n                    \"scaleForPreview\": true,\n                    \"frame\": [0, 2],\n                    \"sizeFormula\": \"return GS.GAME.previewResolution();\"\n                }\n            ]\n        }\n    ]\n}"},"summary":["name","type"]}