{"uid":"30440CFAKBE7BA42BESA5C7E46E13ADE8A24","isLoaded":true,"lastModificationTime":0,"items":{"parentId":"AC1ABDCBK050BA4863S9964E3DC378247DAD","name":"Mass Edit","windowTitle":"$$DC918FC7245E874A888B2FE103AF7F5D397E","type":"custom_view","id":"gs.SceneViewMassEdit","windowSize":{"w":600},"sections":[{"name":"general","noBorder":true,"layout":{"type":"dynamicGrid","fixedRowHeight":true},"column":0,"items":[{"type":"GSLabel","text":"$$66CE9EBB3C7AC34F94681F0614829EE08D8B","toolTip":"$$D086F69CK2E31A4A73S96F3E73722D94043A","group":"other","frame":[0,0]},{"type":"GSComboBox","identifier":"type","attribute":"command","aliasKey":"alias.id","dataSource":[{"name":"Wait","alias":{"id":"gs.WaitCommand","dataSource":[{"name":"Duration","alias":{"name":"Duration","attribute":"time","type":"number"}}]}}],"bindings":[{"source":"dataSource","to":"numberField","target":"dataSource"},{"source":"dataSource","to":"textField","target":"dataSource"},{"source":"dataSource","to":"type","target":"global.data.dataSource"}],"defaultValue":"gs.WaitCommand","frame":[1,0,-1,-1]},{"type":"GSRadioButton","identifier":"rbNumberField","defaultValue":true,"attribute":"fieldType","value":0,"text":"$$28CEE33968FFD547223897A19718551FC5FC","toolTip":"$$3E003AE1K5374A4117SBE07E938FEE1C54D3","enableItems":["numberField","numberOperation","numberValue"],"group":"labels","frame":[0,1]},{"type":"GSComboBox","identifier":"numberField","attribute":"field","dataSource":{"source":[],"filter":"return d.alias.type == 'number'"},"defaultValue":0,"frame":[1,1]},{"type":"GSComboBox","identifier":"numberOperation","attribute":"operation","allowEmptySelection":false,"dataSource":["$$98C1B05DKFBC9A48D8SA91FED96D78BF7B5D","$$1FDFC337K71F5A4193S8B3CEDC546CFAA990","$$00326F7FK4552A4D22SABC3EE8415B7304EC"],"defaultValue":0,"frame":[2,1]},{"type":"GSStepper","identifier":"numberValue","attribute":"value","frame":[3,1]},{"type":"GSRadioButton","attribute":"fieldType","value":1,"identifier":"rbTextField","enableItems":["textField","textOperation","textValue"],"text":"$$C3FE01727AC94746117A85B98A18964B68DF","toolTip":"$$3E003AE1K5374A4117SBE07E938FEE1C54D3","group":"labels","frame":[0,2]},{"type":"GSComboBox","identifier":"textField","attribute":"field","allowEmptySelection":false,"dataSource":{"source":[],"filter":"return d.alias.type == 'text'"},"defaultValue":0,"frame":[1,2]},{"type":"GSComboBox","attribute":"operation","identifier":"textOperation","allowEmptySelection":false,"dataSource":["Set to","Append","Remove"],"defaultValue":0,"frame":[2,2]},{"type":"GSTextField","identifier":"textValue","attribute":"value","frame":[3,2]},{"type":"GSRadioButton","attribute":"fieldType","value":2,"identifier":"rbScript","enableItems":["script"],"text":"$$48C87A8F4A92D44CCE1B50A5DC5E3E782944","toolTip":"$$3E003AE1K5374A4117SBE07E938FEE1C54D3","group":"labels","frame":[0,3]},{"type":"GSTextField","multiline":true,"attribute":"script","identifier":"script","frame":[0,4,-1,150]},{"type":"GSTable","attribute":"conditions","identifier":"conditions","border":true,"emptyItem":true,"dialog":{"uid":"17CDE388KEE10A4BF8S8F45E0228F4E64A01"},"contextMenu":[{"name":"$$E9E7B6C664300341618952F967AA397BC063","selector":"addItemUsingDialog"},{"separator":true},{"name":"$$P49","selector":"deleteItem:"}],"columns":[{"identifier":"name","attribute":"name","text":"$$CA9291341741E846750926C538C5BE570B87","width":50,"content":"return fmt('[%s] %s [%s]', d.field.name, GS.CONST.COMPARE_OPERATIONS[d.operation], d.value)"}],"frame":[0,5,-1,150]}]}],"rawContent":"{\n    \"parentId\": \"AC1ABDCBK050BA4863S9964E3DC378247DAD\",\n\"name\": \"Mass Edit\",\n    \"windowTitle\": \"$$DC918FC7245E874A888B2FE103AF7F5D397E\",\n    \"type\": \"custom_view\",\n    \"id\": \"gs.SceneViewMassEdit\",\n    \"windowSize\": {\n        \"w\": 600\n    },\n    \"sections\": [\n        {\n            \"name\": \"general\",\n            \"noBorder\": true,\n            \"layout\": {\n                \"type\": \"dynamicGrid\",\n                \"fixedRowHeight\": true\n            },\n            \"column\": 0,\n            \"items\": [\n                {\n                    \"type\": \"GSLabel\",\n                    \"text\": \"$$66CE9EBB3C7AC34F94681F0614829EE08D8B\",\n                    \"toolTip\": \"$$D086F69CK2E31A4A73S96F3E73722D94043A\",\n                    \"group\": \"other\",\n                    \"frame\": [\n                        0,\n                        0\n                    ]\n                },\n                {\n                    \"type\": \"GSComboBox\",\n                    \"identifier\": \"type\",\n                    \"attribute\": \"command\",\n                    \"aliasKey\": \"alias.id\",\n                    \"dataSource\": [\n                        { \"name\": \"Wait\", \"alias\": { \"id\": \"gs.WaitCommand\", \"dataSource\": [\n                            { \"name\": \"Duration\", \"alias\": { \"name\": \"Duration\", \"attribute\": \"time\", \"type\": \"number\" } }\n                        ] } }\n                    ],\n                    \"bindings\":[\n                        { \"source\": \"dataSource\", \"to\": \"numberField\", \"target\": \"dataSource\" },\n                        { \"source\": \"dataSource\", \"to\": \"textField\", \"target\": \"dataSource\" },\n                        { \"source\": \"dataSource\", \"to\": \"type\", \"target\": \"global.data.dataSource\" }\n                    ],\n                    \"defaultValue\": \"gs.WaitCommand\",\n                    \"frame\": [\n                        1,\n                        0,\n                        -1,\n                        -1\n                    ]\n                },\n                {\n                    \"type\": \"GSRadioButton\",\n                    \"identifier\": \"rbNumberField\",\n                    \"defaultValue\": true,\n                    \"attribute\": \"fieldType\",\n                    \"value\": 0,\n                    \"text\": \"$$28CEE33968FFD547223897A19718551FC5FC\",\n                    \"toolTip\": \"$$3E003AE1K5374A4117SBE07E938FEE1C54D3\",\n                    \"enableItems\": [\"numberField\", \"numberOperation\", \"numberValue\"],\n                    \"group\": \"labels\",\n                    \"frame\": [0, 1]\n                },\n                {\n                    \"type\": \"GSComboBox\",\n                    \"identifier\": \"numberField\",\n                    \"attribute\": \"field\",\n                    \"dataSource\": { \"source\": [], \"filter\": \"return d.alias.type == 'number'\" } ,\n                    \"defaultValue\": 0,\n                    \"frame\": [1, 1]\n                },\n                {\n                    \"type\": \"GSComboBox\",\n                    \"identifier\": \"numberOperation\",\n                    \"attribute\": \"operation\",\n                    \"allowEmptySelection\": false,\n                    \"dataSource\": [\"$$98C1B05DKFBC9A48D8SA91FED96D78BF7B5D\", \"$$1FDFC337K71F5A4193S8B3CEDC546CFAA990\", \"$$00326F7FK4552A4D22SABC3EE8415B7304EC\"],\n                    \"defaultValue\": 0,\n                    \"frame\": [2, 1]\n                },\n                {\n                    \"type\": \"GSStepper\",\n                    \"identifier\": \"numberValue\",\n                    \"attribute\": \"value\",\n                    \"frame\": [3, 1]\n                },\n                {\n                    \"type\": \"GSRadioButton\",\n                    \"attribute\": \"fieldType\",\n                    \"value\": 1,\n                    \"identifier\": \"rbTextField\",\n                    \"enableItems\": [\"textField\", \"textOperation\", \"textValue\"],\n                    \"text\": \"$$C3FE01727AC94746117A85B98A18964B68DF\",\n                    \"toolTip\": \"$$3E003AE1K5374A4117SBE07E938FEE1C54D3\",\n                    \"group\": \"labels\",\n                    \"frame\": [0, 2]\n                },\n                {\n                    \"type\": \"GSComboBox\",\n                    \"identifier\": \"textField\",\n                    \"attribute\": \"field\",\n                    \"allowEmptySelection\": false,\n                    \"dataSource\": { \"source\": [], \"filter\": \"return d.alias.type == 'text'\" } ,\n                    \"defaultValue\": 0,\n                    \"frame\": [1, 2]\n                },\n                {\n                    \"type\": \"GSComboBox\",\n                    \"attribute\": \"operation\",\n                    \"identifier\": \"textOperation\",\n                    \"allowEmptySelection\": false,\n                    \"dataSource\": [\"Set to\", \"Append\", \"Remove\"],\n                    \"defaultValue\": 0,\n                    \"frame\": [2, 2]\n                },\n                {\n                    \"type\": \"GSTextField\",\n                    \"identifier\": \"textValue\",\n                    \"attribute\": \"value\",\n                    \"frame\": [3, 2]\n                },\n                {\n                    \"type\": \"GSRadioButton\",\n                    \"attribute\": \"fieldType\",\n                    \"value\": 2,\n                    \"identifier\": \"rbScript\",\n                    \"enableItems\": [],\n                    \"text\": \"$$48C87A8F4A92D44CCE1B50A5DC5E3E782944\",\n                    \"toolTip\": \"$$3E003AE1K5374A4117SBE07E938FEE1C54D3\",\n                    \"group\": \"labels\",\n                    \"enableItems\": [\"script\"],\n                    \"frame\": [0, 3]\n                },\n                {\n                    \"type\": \"GSTextField\",\n                    \"multiline\": true,\n                    \"attribute\": \"script\",\n                    \"identifier\": \"script\",\n                    \"frame\": [0, 4, -1, 150]\n                },\n                {\n                    \"type\": \"GSTable\",\n                    \"attribute\": \"conditions\",\n                    \"identifier\": \"conditions\",\n                    \"border\": true,\n                    \"emptyItem\": true,\n                    \"dialog\": { \"uid\": \"17CDE388KEE10A4BF8S8F45E0228F4E64A01\" },\n                    \"contextMenu\": [\n                        {\n                            \"name\": \"$$E9E7B6C664300341618952F967AA397BC063\", \"selector\": \"addItemUsingDialog\"\n                        },\n                        {\n                            \"separator\": true\n                        },\n                        {\n                            \"name\": \"$$P49\", \"selector\": \"deleteItem:\" \n                        }\n                    ],\n                    \"columns\": [\n                        {\n                            \"identifier\": \"name\",\n                            \"attribute\": \"name\",\n                            \"text\": \"$$CA9291341741E846750926C538C5BE570B87\",\n                            \"width\": 50,\n                            \"content\": \"return fmt('[%s] %s [%s]', d.field.name, GS.CONST.COMPARE_OPERATIONS[d.operation], d.value)\"\n                        }\n                    ],\n                    \"frame\": [0, 5, -1, 150]\n                }\n                \n                \n            ]\n        }\n    ]\n}","order":18},"summary":["name","type"]}