{"uid":"3305C56CKBF5BA44BFS8614EE4B277E49F6A","isLoaded":true,"lastModificationTime":0,"items":{"name":"Sample Scene","type":"vn.scene","parentId":"3EB0897BK4EAAA43A8SA91DEE65923801AB3","chapterUid":"3EB0897BK4EAAA43A8SA91DEE65923801AB3","order":0,"commands":[{"id":"gs.PlayMusic","params":{"music":{"name":"Tutorial_-_Good_Mood","volume":100,"playbackRate":100},"fadeInDuration":60,"playTime":{"min":10,"max":30},"playRange":{"start":10,"end":20},"playType":0,"fieldFlags":{"music.volume":1,"music.playbackRate":1,"fadeInDuration":0}},"uid":"55564D7188CBE3480E6950D7CB3937951B75","indent":0},{"id":"vn.ChangeBackground","params":{"graphic":{"name":"Bench_Morning","hue":0,"opacity":255,"blending":0,"tone":{"red":0,"green":0,"blue":0,"grey":0}},"layer":0,"duration":0,"waitForCompletion":1,"blendMode":0,"origin":0,"zOrder":0,"loopVertical":0,"loopHorizontal":0,"easing":{"type":0,"inOut":1},"animation":{"type":1,"movement":0,"mask":{"graphic":null,"vague":30}},"fieldFlags":{"duration":1,"easing.type":1,"animation.type":0,"origin":1,"zOrder":1,"blendMode":1,"loopVertical":1,"loopHorizontal":1},"previewBackground":{"name":"Home","hue":0,"opacity":255,"blending":0,"tone":{"red":0,"green":0,"blue":0,"grey":0}}},"uid":"A8447A3F557F76484E5AD6D2C3238FFA88AB","indent":0,"expanded":false},{"id":"vn.CharacterJoinScene","params":{"expressionId":null,"characterId":5,"zOrder":0,"origin":0,"blendMode":0,"positionType":1,"motionBlur":{"enabled":0,"delay":2,"opacity":100,"dissolveSpeed":3},"position":{"x":416,"y":22,"angle":0,"zoom":1,"horizontalFlip":false,"data":null,"color":{"red":0,"green":0,"blue":0,"alpha":0}},"animation":{"type":1,"movement":0,"mask":{"graphic":null,"vague":30}},"easing":{"type":0,"inOut":0},"duration":0,"waitForCompletion":1,"fieldFlags":{"duration":1,"easing.type":1,"animation.type":0,"motionBlur.enabled":1,"origin":1,"zOrder":1,"blendMode":1},"previewBackground":{"name":"Bench_Morning","hue":0,"opacity":255,"blending":0,"tone":{"red":0,"green":0,"blue":0,"grey":0}},"predefinedPositionId":0},"uid":"202ADCF5283FE54EDE3ADDB364D9F4DAADBE","indent":0,"expanded":false},{"id":"vn.MessageBoxVisibility","params":{"duration":30,"waitForCompletion":true,"visible":1,"animation":{"type":0,"movement":3,"mask":{"graphic":null,"vague":30}},"easing":{"type":0,"inOut":1},"fieldFlags":{"duration":1}},"uid":"63FEA106894C664ECC2A4847FBF3BF4044B2","indent":0},{"id":"gs.ShowMessage","params":{"duration":15,"expressionId":null,"custom":{"object":{"x":0,"y":0,"size":{"width":300,"height":100}}},"message":{"lcId":"BE15539E1B3122486449EFD43CA9AB8C6DA1","defaultText":"Hey! What are you doing here?"},"position":0,"characterId":5,"partial":0,"fieldFlags":{"duration":1},"expressions":[],"animations":[]},"uid":"D5A7F6AB0E79564D654949179ED35A80C261","indent":0,"expanded":true}],"background":{"graphic":{"name":""},"offsetX":0,"offsetY":0},"localizableStrings":{"BE15539E1B3122486449EFD43CA9AB8C6DA1":{"t":"Hey! What are you doing here?","d":{"cid":5,"eid":"D5A7F6AB0E79564D654949179ED35A80C261"}}},"numberVariables":[{"name":"My Local","index":0,"scope":0},{"name":"","index":1,"scope":1},{"name":"Super Loc","index":2,"scope":0}],"booleanVariables":[{"name":"","index":0,"scope":0}],"stringVariables":[{"name":"","index":0,"scope":0}],"listVariables":[{"name":"","index":0,"scope":0}]},"summary":["name","type","parentId","chapterUid","order"]}