{"uid":"339119F4KD640A423BS9F88ED234CC8F7FD2","isLoaded":true,"lastModificationTime":1421095533075,"items":{"name":"Sprite_Debug","type":"game_script","order":0,"content":"# ===================================================================\n#\n#   Script: Sprite_Debug\n#\n#   $$COPYRIGHT$$\n#\n# ===================================================================\nclass Sprite_Debug extends Sprite\n    ###*\n    * Sprite to display debug information on screen. <b>HINT:</b> Will be probably removed\n    * before release.\n    *\n    * @module gs\n    * @class Sprite_Debug\n    * @extends gs.Sprite\n    * @memberof gs\n    * @static\n    ###\n    constructor: (viewport) ->\n        super(viewport)\n        ###*\n        * @property frameTime\n        * @type number|string\n        * The time / time-text to display.\n        ###\n        @frameTime = 0\n        \n        size = Math.round(8 / 240 * Graphics.height)\n        @bitmap = new Bitmap(180*Graphics.scale, 28 * Graphics.scale)\n        @bitmap.font = new Font(\"Verdana\", size)\n        @bitmap.font.color = Color.WHITE\n        @srcRect = new Rect(0, 0, @bitmap.width, @bitmap.height)\n        \n        @z = 15000\n        @opacity = 255\n        @visible = yes\n        @x = 0\n        @y = 0\n        \n    redraw: ->\n        @bitmap.clear()\n        @bitmap.drawText(0, 0, @bitmap.width, @bitmap.height, @frameTime.toString(), 0, 0)\n        \n        \nwindow.Sprite_Debug = Sprite_Debug\n\n\n        ","compiledContent":"(function() {\n  var Sprite_Debug,\n    extend = function(child, parent) { for (var key in parent) { if (hasProp.call(parent, key)) child[key] = parent[key]; } function ctor() { this.constructor = child; } ctor.prototype = parent.prototype; child.prototype = new ctor(); child.__super__ = parent.prototype; return child; },\n    hasProp = {}.hasOwnProperty;\n\n  Sprite_Debug = (function(superClass) {\n    extend(Sprite_Debug, superClass);\n\n\n    /**\n    * Sprite to display debug information on screen. <b>HINT:</b> Will be probably removed\n    * before release.\n    *\n    * @module gs\n    * @class Sprite_Debug\n    * @extends gs.Sprite\n    * @memberof gs\n    * @static\n     */\n\n    function Sprite_Debug(viewport) {\n      var size;\n      Sprite_Debug.__super__.constructor.call(this, viewport);\n\n      /**\n      * @property frameTime\n      * @type number|string\n      * The time / time-text to display.\n       */\n      this.frameTime = 0;\n      size = Math.round(8 / 240 * Graphics.height);\n      this.bitmap = new Bitmap(180 * Graphics.scale, 28 * Graphics.scale);\n      this.bitmap.font = new Font(\"Verdana\", size);\n      this.bitmap.font.color = Color.WHITE;\n      this.srcRect = new Rect(0, 0, this.bitmap.width, this.bitmap.height);\n      this.z = 15000;\n      this.opacity = 255;\n      this.visible = true;\n      this.x = 0;\n      this.y = 0;\n    }\n\n    Sprite_Debug.prototype.redraw = function() {\n      this.bitmap.clear();\n      return this.bitmap.drawText(0, 0, this.bitmap.width, this.bitmap.height, this.frameTime.toString(), 0, 0);\n    };\n\n    return Sprite_Debug;\n\n  })(Sprite);\n\n  window.Sprite_Debug = Sprite_Debug;\n\n}).call(this);\n","parentId":"B9408292KCC7EA454FSBDF2EAE7BB315F23B"},"summary":["name","type","order"]}