{"uid":"362CF89CKA303A4C45S8C46EF752B9CB2E43","isLoaded":true,"lastModificationTime":0,"items":{"parentId":"AC1ABDCBK050BA4863S9964E3DC378247DAD","name":"Select Position and Size","windowTitle":"$$BFD6BD080E6D814B186BF8C3267121BA64E3","type":"custom_view","windowSize":{"w":400,"h":400},"windowSizeFormula":"var res = GS.GAME.previewResolution(); return { w: res.w + GS.CONST.WINDOW_PADDING }","sections":[{"name":"Position","identifier":"positionSection","noBorder":true,"column":0,"items":[{"type":"GSLabel","text":"$$2DD5576B314560493B5ACDB32E6C8F750939","frame":[0,0],"group":"labels"},{"type":"GSResourcePopupField","folder":"Graphics/Backgrounds","identifier":"resource","attribute":"previewBackground","delegates":[{"identifiers":["positionView"],"selector":"setBackground:resource:"}],"frame":[1,0]},{"type":"GSDispositionView","border":true,"dynamic":true,"storeMode":"single","cellCount":1,"cellColor":{"red":0,"green":0,"blue":0,"alpha":160},"cells":[{"size":{"width":100,"height":100},"color":[0,0,0,160]}],"cellPropertiesDialog":{"uid":"FC1930800642064D2468130859A2019F98B5"},"identifier":"positionView","attribute":"object","allowCellResize":true,"scaleForPreview":true,"frame":[0,1],"sizeFormula":"return GS.GAME.previewResolution();"}]}],"rawContent":"{\n    \"parentId\": \"AC1ABDCBK050BA4863S9964E3DC378247DAD\",\n\"name\": \"Select Position and Size\",\n    \"windowTitle\": \"$$BFD6BD080E6D814B186BF8C3267121BA64E3\",\n    \"type\": \"custom_view\",\n    \"windowSize\": {\n        \"w\": 400, \"h\": 400\n    },\n    \"windowSizeFormula\": \"var res = GS.GAME.previewResolution(); return { w: res.w + GS.CONST.WINDOW_PADDING }\",\n    \"sections\": [\n        {\n            \"name\": \"Position\",\n            \"identifier\": \"positionSection\",\n            \"noBorder\": true,\n            \"column\": 0,\n            \"items\": [\n                {\n                    \"type\": \"GSLabel\",\n                    \"text\": \"$$2DD5576B314560493B5ACDB32E6C8F750939\",\n                    \"frame\": [0, 0],\n                    \"group\": \"labels\"\n                },\n                {\n                    \"type\": \"GSResourcePopupField\",\n                    \"folder\": \"Graphics/Backgrounds\",\n                    \"identifier\": \"resource\",\n                    \"attribute\": \"previewBackground\",\n                    \"delegates\": [{ \"identifiers\": [\"positionView\"], \"selector\": \"setBackground:resource:\"}],\n                    \"frame\": [1, 0]\n                },\n                {\n                    \"type\": \"GSDispositionView\",\n                    \"border\": true,\n                    \"dynamic\": true,\n                    \"storeMode\": \"single\",\n                    \"cellCount\": 1,\n                    \"cellColor\": { \"red\": 0, \"green\": 0, \"blue\": 0, \"alpha\": 160 },\n                    \"cells\": [{ \"size\": { \"width\": 100, \"height\": 100 }, \"color\": [0, 0, 0, 160] }],\n                    \"cellPropertiesDialog\": { \"uid\": \"FC1930800642064D2468130859A2019F98B5\" },\n                    \"identifier\": \"positionView\",\n                    \"attribute\": \"object\",\n                    \"allowCellResize\": true,\n                    \"scaleForPreview\": true,\n                    \"frame\": [0, 1],\n                    \"sizeFormula\": \"return GS.GAME.previewResolution();\"\n                }\n            ]\n        }\n    ]\n}","order":16},"summary":["name","type"]}