{"uid":"38EF8029K13CEA45D7SBCBCE30025B9DD54B","isLoaded":true,"lastModificationTime":0,"items":{"name":"Template_ConfirmationDialog","type":"game_script","order":18,"content":"ui.UiFactory.customTypes[\"ui.ConfirmationDialog\"] = {\n    \"type\": \"ui.FreeLayout\",\n    \"frame\": [0, 0, Graphics.width, Graphics.height],\n    \"order\": 100000,\n    \"controls\": [\n        { \"type\": \"ui.Panel\", \"zIndex\": 1000, \"frame\": [0, 0, Graphics.width, Graphics.height], \"modal\": true, \"color\": [0, 0, 0, 128] },\n        {\n            \"type\": \"ui.FreeLayout\",\n            \"sizeToFit\": true,\n            \"alignmentX\": 1,\n            \"alignmentY\": 1,\n            \"controls\": [           \n                {\n                    \"type\": \"ui.Window\",\n                    \"zIndex\": 90000,\n                    \"frame\": [0, 0, 700, 200]\n                },\n                {\n                    \"type\": \"ui.Text\",\n                    \"sizeToFit\": true,\n                    \"styles\": [\"regularUIText\"],\n                    \"zIndex\": 91000,\n                    \"text\": -> p.message,\n                    \"alignmentX\": 1,\n                    \"alignmentY\": 1,\n                    \"color\": [255, 255, 255, 255],\n                    \"margin\": [0, 0, 0, 50]\n                },\n                {\n                    \"type\": \"ui.FreeLayout\",\n                    \"sizeToFit\": true,\n                    \"controls\": [\n                        {\n                            \"type\": \"ui.Text\",\n                            \"order\": 1001,\n                            \"sizeToFit\": true,\n                            \"components\": [{ \"type\": \"Component_HotspotBehavior\", \"params\": { \"sound\": -> $dataFields.database.system.menuSelectSound } }],\n                            \"zIndex\": 91000,\n                            \"alignmentX\": 1,\n                            \"alignmentY\": 1,\n                            \"styles\": [\"regularUIText\"],\n                            \"actions\": -> p.acceptActions,\n                            \"text\": \"Yes\"\n                        }\n                    ],\n                    \"frame\": [100],\n                    \n                    \"margin\": [0, 0, 0, 50],\n                    \"alignmentY\": 2,\n                },\n                {\n                    \"type\": \"ui.FreeLayout\",\n                    \"sizeToFit\": true,\n                    \"controls\": [\n                        {\n                            \"type\": \"ui.Text\",\n                            \"sizeToFit\": true,\n                            \"order\": 1001,\n                            \"styles\": [\"regularUIText\"],\n                            \"components\": [{ \"type\": \"Component_HotspotBehavior\", \"params\": { \"sound\": -> $dataFields.database.system.menuCancelSound } }],\n                            \"actions\": -> p.rejectActions,\n                            \"zIndex\": 91000,\n                            \"alignmentX\": 1,\n                            \"alignmentY\": 1,\n                            \"text\": \"No\"\n                        }\n                    ],\n                    \"margin\": [0, 0, 100, 50],\n                    \"alignmentY\": 2,\n                    \"alignmentX\": 2\n                }\n            ]\n        }\n    ]\n}","parentId":"2A0E8A67K5BAAA4D7AS9017ED220E9EFFCA7","folder":false,"compiledContent":"(function() {\n  ui.UiFactory.customTypes[\"ui.ConfirmationDialog\"] = {\n    \"type\": \"ui.FreeLayout\",\n    \"frame\": [0, 0, Graphics.width, Graphics.height],\n    \"order\": 100000,\n    \"controls\": [\n      {\n        \"type\": \"ui.Panel\",\n        \"zIndex\": 1000,\n        \"frame\": [0, 0, Graphics.width, Graphics.height],\n        \"modal\": true,\n        \"color\": [0, 0, 0, 128]\n      }, {\n        \"type\": \"ui.FreeLayout\",\n        \"sizeToFit\": true,\n        \"alignmentX\": 1,\n        \"alignmentY\": 1,\n        \"controls\": [\n          {\n            \"type\": \"ui.Window\",\n            \"zIndex\": 90000,\n            \"frame\": [0, 0, 700, 200]\n          }, {\n            \"type\": \"ui.Text\",\n            \"sizeToFit\": true,\n            \"styles\": [\"regularUIText\"],\n            \"zIndex\": 91000,\n            \"text\": function() {\n              return p.message;\n            },\n            \"alignmentX\": 1,\n            \"alignmentY\": 1,\n            \"color\": [255, 255, 255, 255],\n            \"margin\": [0, 0, 0, 50]\n          }, {\n            \"type\": \"ui.FreeLayout\",\n            \"sizeToFit\": true,\n            \"controls\": [\n              {\n                \"type\": \"ui.Text\",\n                \"order\": 1001,\n                \"sizeToFit\": true,\n                \"components\": [\n                  {\n                    \"type\": \"Component_HotspotBehavior\",\n                    \"params\": {\n                      \"sound\": function() {\n                        return $dataFields.database.system.menuSelectSound;\n                      }\n                    }\n                  }\n                ],\n                \"zIndex\": 91000,\n                \"alignmentX\": 1,\n                \"alignmentY\": 1,\n                \"styles\": [\"regularUIText\"],\n                \"actions\": function() {\n                  return p.acceptActions;\n                },\n                \"text\": \"Yes\"\n              }\n            ],\n            \"frame\": [100],\n            \"margin\": [0, 0, 0, 50],\n            \"alignmentY\": 2\n          }, {\n            \"type\": \"ui.FreeLayout\",\n            \"sizeToFit\": true,\n            \"controls\": [\n              {\n                \"type\": \"ui.Text\",\n                \"sizeToFit\": true,\n                \"order\": 1001,\n                \"styles\": [\"regularUIText\"],\n                \"components\": [\n                  {\n                    \"type\": \"Component_HotspotBehavior\",\n                    \"params\": {\n                      \"sound\": function() {\n                        return $dataFields.database.system.menuCancelSound;\n                      }\n                    }\n                  }\n                ],\n                \"actions\": function() {\n                  return p.rejectActions;\n                },\n                \"zIndex\": 91000,\n                \"alignmentX\": 1,\n                \"alignmentY\": 1,\n                \"text\": \"No\"\n              }\n            ],\n            \"margin\": [0, 0, 100, 50],\n            \"alignmentY\": 2,\n            \"alignmentX\": 2\n          }\n        ]\n      }\n    ]\n  };\n\n}).call(this);\n","decoded":true,"isEdited":true,"index":157},"summary":["name","type","order"]}