{"uid":"39FDC923KBC29A4889SB46CEA81D9F07F9D3","isLoaded":true,"lastModificationTime":0,"items":{"parentId":"0FEBB76EK401BA41A4S99B1E2346601143E2","displayName":"$$62A4B39B63A4384D096BB0D79F4066AF9A99","windowTitle":"$$6CB6FA85KD0ABA4653S92D1E908EACECA578","type":"event_command","id":"gs.PlayPictureAnimation","group":"$$8E805C42KAAEBA4E2ASAFEBE14638DCA0760","windowSize":{"w":400,"h":400},"columns":[400],"nodes":[],"defaultValue":{"number":0,"animationId":null},"quickItems":[{"label":"$$C287D490K9B01A4407SA616EF2726CA43B52","identifier":"number","variableButton":{"dataSource":"numbers"},"type":"GSQStepper","attribute":"number","minimum":0,"maximum":9999999},{"label":"$$9D7B8871KE8A7A410ES8CA3EA1F415A8BEA7","type":"GSQDataRecordField","attribute":"animationId","dataSource":"animations","variableButton":{"dataSource":"numbers"},"allowEmptySelection":true,"valueFormula":"return fmtRecord('animations', p.animationId)"}],"sections":[],"rawContent":"{\n    \"parentId\": \"AFAD6CEFK59C1A4298SBABFE7AEC1B964622\",\n    \"displayName\": \"$$62A4B39B63A4384D096BB0D79F4066AF9A99\",\n    \"windowTitle\": \"$$6CB6FA85KD0ABA4653S92D1E908EACECA578\",\n    \"type\": \"event_command\",\n    \"id\": \"gs.PlayPictureAnimation\",\n    \"group\": \"$$8E805C42KAAEBA4E2ASAFEBE14638DCA0760\",\n    \"windowSize\": {\n        \"w\": 400,\n        \"h\": 400\n    },\n    \"columns\": [\n        400\n    ],\n    \"nodes\": [\n    ],\n    \"defaultValue\": { \"number\": 0, \"animationId\": null },\n    \"quickItems\": [\n        GSQ.CONTROLS.GRAPHIC_OBJECT_NUMBER,\n        {\n            \"label\": \"$$9D7B8871KE8A7A410ES8CA3EA1F415A8BEA7\",\n            \"type\": \"GSQDataRecordField\",\n            \"attribute\": \"animationId\",\n            \"dataSource\": \"animations\",\n            \"variableButton\": { \"dataSource\": \"numbers\" },\n            \"allowEmptySelection\": true,\n            \"valueFormula\": \"return fmtRecord('animations', p.animationId)\"\n        }\n    ],\n    \"sections\": [\n    ]\n}","name":"Play Animation","order":12},"summary":["name","type"]}