{"uid":"3A731523KD345A49DAS903FE171A585AEB27","isLoaded":true,"lastModificationTime":1421095528705,"items":{"name":"DataOptimizer","type":"game_script","order":0,"content":"# ===================================================================\n#\n#   Script: DataOptimizer\n#\n#   $$COPYRIGHT$$\n#\n# ===================================================================\nclass DataOptimizer\n    ###*\n    * The data optimizer is to optimize data structures coming from data files to\n    * make processing faster. One way of optimization for example is to convert\n    * regular array to typed arrays.\n    *\n    * @module gs\n    * @class DataOptimizer\n    * @memberof gs\n    * @static\n    * @constructor\n    ###\n    constructor: ->\n        @labels = {}\n        @labelJumps = {}\n        \n    ###*\n    * Converts the specified number-array to a typed Int16 array.\n    *\n    * @method arrayToNativeArray\n    * @param {Array} array - The array to convert.\n    * @return {Int16Array} The typed array.\n    * @static\n    ### \n    arrayToNativeArray: (array) ->\n        result = null\n        length = array.length || Object.keys(array).length\n        if array?\n            if window.ArrayBuffer?\n                result = new ArrayBuffer(length * 2)\n                result = new Int16Array(result)\n            else\n                result = new Array(length)\n           \n            \n            for i in [0...length]\n                result[i] = array[i]\n                \n        return result\n    \n    ###*\n    * Creates a typed Int16 array if supported. Otherwise a regular array is created.\n    *\n    * @method nativeArray16\n    * @param {number} size - The size of the array in elements.(Not in bytes).\n    * @return {Int16Array} The Int16 array.\n    * @static\n    ### \n    nativeArray16: (size) ->\n        #result = new ArrayBuffer(size * 2)\n        #result = new Int16Array(result)\n        result = new Array(size)\n        return result\n    \n    ###*\n    * Creates a typed Int8 array if supported. Otherwise a regular array is created.\n    *\n    * @method nativeArray16\n    * @param {number} size - The size of the array in elements.(Not in bytes).\n    * @return {Int8Array} The Int8 array.\n    * @static\n    ###     \n    nativeArray8: (size) ->\n        result = new Array(size)\n        return result\n     \n     \n    ###*\n    * Removes a single empty command like a comment.\n    *\n    * @method removeEmptyCommand\n    * @private\n    * @param {Object[]} commands - A list of commands.\n    * @param {Object} command - The command to optimize.\n    * @static\n    ### \n    removeEmptyCommand: (command, index, commands) ->\n        return no if GameManager.inLivePreview\n        \n        result = no\n        switch commands[index].id\n            when \"gs.Comment\"\n                commands.splice(index, 1)\n                result = yes\n            when \"gs.EmptyCommand\"\n                commands.splice(index, 1)\n                result = yes\n        return result\n    \n    ###*\n    * Optimizes a single command.\n    *\n    * @method optimizeCommand\n    * @private\n    * @param {Object[]} commands - A list of commands.\n    * @param {number} index - Index of the command in command-list.\n    * @param {Object} command - The command to optimize.\n    * @static\n    ###     \n    optimizeCommand: (command, index, commands) ->\n        switch command.id\n            when \"gs.Label\"\n                @labels[command.params.name] = index\n                @labelJumps[command.params.name]?.forEach (c) -> c.params.labelIndex = index\n            when \"vn.Choice\"\n                command.params.action.labelIndex = @labels[command.params.action.label]\n                if !@labelJumps[command.params.action.label]\n                    @labelJumps[command.params.action.label] = []\n                @labelJumps[command.params.action.label].push(command)\n            when \"gs.CheckSwitch\", \"gs.CheckNumberVariable\", \"gs.CheckTextVariable\"\n                command.params.labelIndex = @labels[command.params.label]\n                if !@labelJumps[command.params.label]\n                    @labelJumps[command.params.label] = []\n                @labelJumps[command.params.label].push(command)\n            #when \"gs.AddHotspot\"\n            #    command.params.actions.onClick\n            when \"gs.JumpToLabel\"\n                command.params.labelIndex = @labels[command.params.name]\n                if !@labelJumps[command.params.name]\n                    @labelJumps[command.params.name] = []\n                @labelJumps[command.params.name].push(command)\n        \n    ###*\n    * Optimizes a list of event/scene commands by removing unnecessary commands like\n    * comments or empty commands. It also optimizes label jumps. Adds an <b>optimized</b> to\n    * the specified command-list to indicate that the list was already optimized. If <b>optimized</b>\n    * property of command-list is set to <b>true</b> this method will return immediately.\n    *\n    * @method optimizeEventCommands\n    * @param {Object[]} commands - A list of commands to optimize.\n    * @static\n    ###       \n    optimizeEventCommands: (commands) ->\n        return if commands.optimized\n\n        i = 0\n        @labels = {}\n        @labelJumps = {}\n        if !$PARAMS.preview\n            while i < commands.length\n                commands[i].indent = commands[i].indent || 0\n                if @removeEmptyCommand(commands[i], i, commands)\n                    i--\n                i++\n        i = 0\n        for command, i in commands\n            @optimizeCommand(command, i, commands)\n                    \n        commands.optimized = yes\n        \n        \nwindow.DataOptimizer = new DataOptimizer()\ngs.DataOptimizer = DataOptimizer","compiledContent":"(function() {\n  var DataOptimizer;\n\n  DataOptimizer = (function() {\n\n    /**\n    * The data optimizer is to optimize data structures coming from data files to\n    * make processing faster. One way of optimization for example is to convert\n    * regular array to typed arrays.\n    *\n    * @module gs\n    * @class DataOptimizer\n    * @memberof gs\n    * @static\n    * @constructor\n     */\n    function DataOptimizer() {\n      this.labels = {};\n      this.labelJumps = {};\n    }\n\n\n    /**\n    * Converts the specified number-array to a typed Int16 array.\n    *\n    * @method arrayToNativeArray\n    * @param {Array} array - The array to convert.\n    * @return {Int16Array} The typed array.\n    * @static\n     */\n\n    DataOptimizer.prototype.arrayToNativeArray = function(array) {\n      var i, j, length, ref, result;\n      result = null;\n      length = array.length || Object.keys(array).length;\n      if (array != null) {\n        if (window.ArrayBuffer != null) {\n          result = new ArrayBuffer(length * 2);\n          result = new Int16Array(result);\n        } else {\n          result = new Array(length);\n        }\n        for (i = j = 0, ref = length; 0 <= ref ? j < ref : j > ref; i = 0 <= ref ? ++j : --j) {\n          result[i] = array[i];\n        }\n      }\n      return result;\n    };\n\n\n    /**\n    * Creates a typed Int16 array if supported. Otherwise a regular array is created.\n    *\n    * @method nativeArray16\n    * @param {number} size - The size of the array in elements.(Not in bytes).\n    * @return {Int16Array} The Int16 array.\n    * @static\n     */\n\n    DataOptimizer.prototype.nativeArray16 = function(size) {\n      var result;\n      result = new Array(size);\n      return result;\n    };\n\n\n    /**\n    * Creates a typed Int8 array if supported. Otherwise a regular array is created.\n    *\n    * @method nativeArray16\n    * @param {number} size - The size of the array in elements.(Not in bytes).\n    * @return {Int8Array} The Int8 array.\n    * @static\n     */\n\n    DataOptimizer.prototype.nativeArray8 = function(size) {\n      var result;\n      result = new Array(size);\n      return result;\n    };\n\n\n    /**\n    * Removes a single empty command like a comment.\n    *\n    * @method removeEmptyCommand\n    * @private\n    * @param {Object[]} commands - A list of commands.\n    * @param {Object} command - The command to optimize.\n    * @static\n     */\n\n    DataOptimizer.prototype.removeEmptyCommand = function(command, index, commands) {\n      var result;\n      if (GameManager.inLivePreview) {\n        return false;\n      }\n      result = false;\n      switch (commands[index].id) {\n        case \"gs.Comment\":\n          commands.splice(index, 1);\n          result = true;\n          break;\n        case \"gs.EmptyCommand\":\n          commands.splice(index, 1);\n          result = true;\n      }\n      return result;\n    };\n\n\n    /**\n    * Optimizes a single command.\n    *\n    * @method optimizeCommand\n    * @private\n    * @param {Object[]} commands - A list of commands.\n    * @param {number} index - Index of the command in command-list.\n    * @param {Object} command - The command to optimize.\n    * @static\n     */\n\n    DataOptimizer.prototype.optimizeCommand = function(command, index, commands) {\n      var ref;\n      switch (command.id) {\n        case \"gs.Label\":\n          this.labels[command.params.name] = index;\n          return (ref = this.labelJumps[command.params.name]) != null ? ref.forEach(function(c) {\n            return c.params.labelIndex = index;\n          }) : void 0;\n        case \"vn.Choice\":\n          command.params.action.labelIndex = this.labels[command.params.action.label];\n          if (!this.labelJumps[command.params.action.label]) {\n            this.labelJumps[command.params.action.label] = [];\n          }\n          return this.labelJumps[command.params.action.label].push(command);\n        case \"gs.CheckSwitch\":\n        case \"gs.CheckNumberVariable\":\n        case \"gs.CheckTextVariable\":\n          command.params.labelIndex = this.labels[command.params.label];\n          if (!this.labelJumps[command.params.label]) {\n            this.labelJumps[command.params.label] = [];\n          }\n          return this.labelJumps[command.params.label].push(command);\n        case \"gs.JumpToLabel\":\n          command.params.labelIndex = this.labels[command.params.name];\n          if (!this.labelJumps[command.params.name]) {\n            this.labelJumps[command.params.name] = [];\n          }\n          return this.labelJumps[command.params.name].push(command);\n      }\n    };\n\n\n    /**\n    * Optimizes a list of event/scene commands by removing unnecessary commands like\n    * comments or empty commands. It also optimizes label jumps. Adds an <b>optimized</b> to\n    * the specified command-list to indicate that the list was already optimized. If <b>optimized</b>\n    * property of command-list is set to <b>true</b> this method will return immediately.\n    *\n    * @method optimizeEventCommands\n    * @param {Object[]} commands - A list of commands to optimize.\n    * @static\n     */\n\n    DataOptimizer.prototype.optimizeEventCommands = function(commands) {\n      var command, i, j, len;\n      if (commands.optimized) {\n        return;\n      }\n      i = 0;\n      this.labels = {};\n      this.labelJumps = {};\n      if (!$PARAMS.preview) {\n        while (i < commands.length) {\n          commands[i].indent = commands[i].indent || 0;\n          if (this.removeEmptyCommand(commands[i], i, commands)) {\n            i--;\n          }\n          i++;\n        }\n      }\n      i = 0;\n      for (i = j = 0, len = commands.length; j < len; i = ++j) {\n        command = commands[i];\n        this.optimizeCommand(command, i, commands);\n      }\n      return commands.optimized = true;\n    };\n\n    return DataOptimizer;\n\n  })();\n\n  window.DataOptimizer = new DataOptimizer();\n\n  gs.DataOptimizer = DataOptimizer;\n\n}).call(this);\n","parentId":"2EC9F946K6417A4973S8308E368608E89B8B"},"summary":["name","type","order"]}