{"uid":"3B516C10K1BDBA46D8SA53BED84886DC4798","isLoaded":true,"lastModificationTime":0,"items":{"parentId":"162D231FKB332A48FCS9A94E205403CA352B","name":"CG Gallery","type":"DataRecordView","order":2,"category":"cgGallery","descriptor":{"name":"$$F34509AB7FBBB5408C6860012D0A129C0477","attribute":"cgGallery","sections":[{"name":"$$P25","items":[{"type":"GSLabel","text":"$$P119","frame":[0,0],"group":"labels"},{"type":"GSTextField","attribute":"name","frame":[1,0]},{"type":"GSCheckBox","text":"$$0E80B1833C3F0548517BD5B87CA6E9BB8EB3","group":"labels","defaultValue":true,"attribute":"listed","frame":[2,0]},{"type":"GSLabel","text":"$$FB9DE68F9BDDD24718887DE7938EB917E954","frame":[3,0],"group":"labels"},{"type":"GSPopupField","attribute":"relationData","text":"return d ? d.chapter.name : lcs('P9')","frame":[4,0],"dialog":{"uid":"526F1282K9B0FA4EDAS9FD5EAC47C4FC0D10"}}]},{"name":"$$A29C81FC5B01F34C4B5B2A82F5A27E4B73BF","items":[{"type":"GSImageView","folder":"Graphics/Pictures","attribute":"graphic","scale":0.5,"frame":[0,0,320,240],"sizeFormula":"var res = GS.GAME.resolution(); return res.height <= 240 ? { w: res.width, h: res.height } : { w: res.width / 2, h: res.height / 2 };"},{"type":"GSImageView","folder":"Graphics/Pictures","attribute":"thumb","scale":0.5,"frame":[1,0,160,120]}]}]},"rawContent":"{\n    \"parentId\": \"162D231FKB332A48FCS9A94E205403CA352B\",\n\"name\": \"CG Gallery\",\n    \"type\": \"DataRecordView\",\n    \"order\": 2,\n    \"category\": \"cgGallery\",\n    \"descriptor\": {\n        \"name\": \"$$F34509AB7FBBB5408C6860012D0A129C0477\",\n        \"attribute\": \"cgGallery\",\n        \"sections\": [\n            {\n                \"name\": \"$$P25\",\n                \"items\": [\n                    {\n                        \"type\": \"GSLabel\",\n                        \"text\": \"$$P119\",\n                        \"frame\": [0, 0],\n                        \"group\": \"labels\"\n                    },\n                    {\n                        \"type\": \"GSTextField\",\n                        \"attribute\": \"name\",\n                        \"frame\": [1, 0]\n                    },\n                    {\n                        \"type\": \"GSCheckBox\",\n                        \"text\": \"$$0E80B1833C3F0548517BD5B87CA6E9BB8EB3\",\n                        \"group\": \"labels\",\n                        \"defaultValue\": true,\n                        \"attribute\": \"listed\",\n                        \"frame\": [2, 0]\n                    },\n                    {\n                        \"type\": \"GSLabel\",\n                        \"text\": \"$$FB9DE68F9BDDD24718887DE7938EB917E954\",\n                        \"frame\": [3, 0],\n                        \"group\": \"labels\"\n                    },\n                    {\n                        \"type\": \"GSPopupField\",\n                        \"attribute\": \"relationData\",\n                        \"text\": \"return d ? d.chapter.name : lcs('P9')\",\n                        \"frame\": [4, 0],\n                        \"dialog\": { \"uid\": \"526F1282K9B0FA4EDAS9FD5EAC47C4FC0D10\" }\n                    }\n                ]\n            },\n            {\n                \"name\": \"$$A29C81FC5B01F34C4B5B2A82F5A27E4B73BF\",\n                \"items\": [\n                    {\n                        \"type\": \"GSImageView\",\n                        \"folder\": \"Graphics/Pictures\",\n                        \"attribute\": \"graphic\",\n                        \"scale\": 0.5,\n                        \"frame\": [\n                            0,\n                            0,\n                            320,\n                            240\n                        ],\n                        \"sizeFormula\": \"var res = GS.GAME.resolution(); return res.height <= 240 ? { w: res.width, h: res.height } : { w: res.width / 2, h: res.height / 2 };\"\n                    },\n                    {\n                        \"type\": \"GSImageView\",\n                        \"folder\": \"Graphics/Pictures\",\n                        \"attribute\": \"thumb\",\n                        \"scale\": 0.5,\n                        \"frame\": [\n                            1,\n                            0,\n                            160,\n                            120\n                        ]\n                    }\n                ]\n            }\n        ]\n    }\n}"},"summary":["name","type"]}