{"uid":"3BFBF9E4KD37BA4393S8307E28A355F0A633","isLoaded":true,"lastModificationTime":0,"items":{"parentId":"AC1ABDCBK050BA4863S9964E3DC378247DAD","name":"Path Editor","windowTitle":"$$70201A6E68418848B13804A22C69CB4E0C81","type":"custom_view","windowSize":{"w":400,"h":400},"windowSizeFormula":"var res = GS.GAME.previewResolution(); return { w: res.w +  + GS.CONST.WINDOW_PADDING }","sections":[{"name":"Position","identifier":"positionSection","noBorder":true,"column":0,"items":[{"type":"GSLabel","text":"$$B3D36B2CKF215A4B35SA43BECB141AB4CD99","frame":[0,0],"group":"labels"},{"type":"GSResourcePopupField","folder":"Graphics/Backgrounds","identifier":"resource","attribute":"previewBackground","delegates":[{"identifiers":["pathView"],"selector":"setBackground:resource:"}],"frame":[1,0]},{"type":"GSGraphicalPathView","border":false,"identifier":"pathView","attribute":"data","frame":[0,1],"sizeFormula":"return GS.GAME.previewResolution();","bindings":[{"source":"point","to":"coords","target":"text"}]},{"type":"GSLabel","identifier":"coords","frame":[0,2],"textFormula":"return d ? fmt(lcs('5C2EA0E911FBB248233979F0584E86F163BA')+' (%d,%d)', d.x * (1.0/GS.GAME.previewScale()), d.y * (1.0/GS.GAME.previewScale())) : lcs('5C2EA0E911FBB248233979F0584E86F163BA') + ' ' + lcs('P9')"},{"type":"GSButton","identifier":"mirrorVertical","text":"$$7346708F6C428948838A55915FC2219234E5","frame":[0,3],"delegates":[{"identifiers":["pathView"],"selector":"mirrorVertical:"}]},{"type":"GSButton","identifier":"mirrorHorizontal","text":"$$25000FCC8A79834A32687D16B055DAC0C97B","frame":[1,3],"delegates":[{"identifiers":["pathView"],"selector":"mirrorHorizontal:"}]},{"type":"GSButton","identifier":"rotate90","text":"$$2F900000830514418088F708D266FC9AB181","frame":[2,3],"delegates":[{"identifiers":["pathView"],"selector":"rotate90:"}]},{"type":"GSButton","identifier":"effects","dialog":{"uid":"8A26E826K9D75A474FSA2A3E96504A4B36BA"},"attribute":"effects","text":"$$D55727475B96D54564690365FB30AC10DB27","frame":[3,3]}]}],"rawContent":"{\n    \"parentId\": \"AC1ABDCBK050BA4863S9964E3DC378247DAD\",\n\"name\": \"Path Editor\",\n    \"windowTitle\": \"$$70201A6E68418848B13804A22C69CB4E0C81\",\n    \"type\": \"custom_view\",\n    \"windowSize\": {\n        \"w\": 400, \"h\": 400\n    },\n    \"windowSizeFormula\": \"var res = GS.GAME.previewResolution(); return { w: res.w +  + GS.CONST.WINDOW_PADDING }\",\n    \"sections\": [\n        {\n            \"name\": \"Position\",\n            \"identifier\": \"positionSection\",\n            \"noBorder\": true,\n            \"column\": 0,\n            \"items\": [\n                {\n                    \"type\": \"GSLabel\",\n                    \"text\": \"$$B3D36B2CKF215A4B35SA43BECB141AB4CD99\",\n                    \"frame\": [0, 0],\n                    \"group\": \"labels\"\n                },\n                {\n                    \"type\": \"GSResourcePopupField\",\n                    \"folder\": \"Graphics/Backgrounds\",\n                    \"identifier\": \"resource\",\n                    \"attribute\": \"previewBackground\",\n                    \"delegates\": [{ \"identifiers\": [\"pathView\"], \"selector\": \"setBackground:resource:\"}],\n                    \"frame\": [1, 0]\n                },\n                {\n                    \"type\": \"GSGraphicalPathView\",\n                    \"border\": false,\n                    \"identifier\": \"pathView\",\n                    \"attribute\": \"data\",\n                    \"frame\": [0, 1],\n                    \"sizeFormula\": \"return GS.GAME.previewResolution();\",\n                    \"bindings\": [{\"source\": \"point\", \"to\": \"coords\", \"target\": \"text\" }]\n                },\n                {\n                    \"type\": \"GSLabel\",\n                    \"identifier\": \"coords\",\n                    \"frame\": [0, 2],\n                    \"textFormula\": \"return d ? fmt(lcs('5C2EA0E911FBB248233979F0584E86F163BA')+' (%d,%d)', d.x * (1.0/GS.GAME.previewScale()), d.y * (1.0/GS.GAME.previewScale())) : lcs('5C2EA0E911FBB248233979F0584E86F163BA') + ' ' + lcs('P9')\"\n                },\n                {\n                    \"type\": \"GSButton\",\n                    \"identifier\": \"mirrorVertical\",\n                    \"text\": \"$$7346708F6C428948838A55915FC2219234E5\",\n                    \"frame\": [0, 3],\n                    \"delegates\": [{\n                        \"identifiers\": [\"pathView\"], \"selector\": \"mirrorVertical:\"\n                    }]\n                },\n                {\n                    \"type\": \"GSButton\",\n                    \"identifier\": \"mirrorHorizontal\",\n                    \"text\": \"$$25000FCC8A79834A32687D16B055DAC0C97B\",\n                    \"frame\": [1, 3],\n                    \"delegates\": [{\n                        \"identifiers\": [\"pathView\"], \"selector\": \"mirrorHorizontal:\"\n                    }]\n                },\n                {\n                    \"type\": \"GSButton\",\n                    \"identifier\": \"rotate90\",\n                    \"text\": \"$$2F900000830514418088F708D266FC9AB181\",\n                    \"frame\": [2, 3],\n                    \"delegates\": [{\n                        \"identifiers\": [\"pathView\"], \"selector\": \"rotate90:\"\n                    }]\n                },\n                {\n                    \"type\": \"GSButton\",\n                    \"identifier\": \"effects\",\n                    \"dialog\": { \"uid\": \"8A26E826K9D75A474FSA2A3E96504A4B36BA\" },\n                    \"attribute\": \"effects\",\n                    \"text\": \"$$D55727475B96D54564690365FB30AC10DB27\",\n                    \"frame\": [3, 3]\n                }\n            ]\n        }\n    ]\n}","order":26},"summary":["name","type"]}