{"uid":"3F95C7D75383A5439D5B9A279066EE3145E0","isLoaded":true,"lastModificationTime":0,"items":{"id":"vn.L2DParameter","group":"$$49C76C7F1C2EE8468B1BA2884C6A06B3C241","defaultValue":{"characterId":0,"param":{"name":"PARAM_ANGLE_X","value":"0"}},"hidden":true,"quickItems":[{"label":"$$1CCE5315K1F61A4059SBC64E0B6CECA383C3","valueFormula":"return fmtRecord('characters', p.characterId)","attribute":"characterId","identifier":"character","variableButton":{"dataSource":"numbers"},"type":"GSQDataRecordField","dataSource":"characters"},{"type":"GSQTextArea","multiline":false,"attribute":"param.name","label":"Parameter"},{"type":"GSQStepper","attribute":"param.value","label":"Value"}],"rawContent":"{\n    \"id\": \"vn.L2DParameter\",\n    \"group\": \"$$49C76C7F1C2EE8468B1BA2884C6A06B3C241\",\n    \"defaultValue\": { \"characterId\": 0, \"param\": { \"name\": \"PARAM_ANGLE_X\", \"value\": \"0\" } },\n    \"hidden\": true,\n    \"quickItems\": [\n        GSQ.CONTROLS.CHARACTER_SELECTION,\n        {\n            \"type\": \"GSQTextArea\",\n            \"multiline\": false,\n            \"attribute\": \"param.name\",\n            \"label\": \"Parameter\"\n        },\n        {\n            \"type\": \"GSQStepper\",\n            \"attribute\": \"param.value\",\n            \"label\": \"Value\"\n        }\n    ]\n}","name":"Live2D Parameter","type":"event_command","parentId":"AAC731FDK40F7A4B4CSA1D9E425BC2784C57","order":7},"summary":["name","type"]}