{"uid":"410FD0C007DE44426E195FB6F811AFE97764","isLoaded":true,"lastModificationTime":null,"items":{"displayName":"$$555A5AA74D4DE94B731AFC29569F92667786","id":"gs.TextMotionBlur","group":"$$CEA96B0BK6FBBA416BSB00FEDF96A1248489","defaultValue":{"number":0,"motionBlur":{"enabled":0,"delay":2,"opacity":100,"dissolveSpeed":3}},"quickItems":[{"label":"$$C287D490K9B01A4407SA616EF2726CA43B52","identifier":"number","variableButton":{"dataSource":"numbers"},"type":"GSQStepper","attribute":"number","minimum":0,"maximum":9999999},{"label":"$$39F3501D5398B243109AC4E68EA163812B38","lockable":false,"type":"GSQCheckBox","attribute":"motionBlur.enabled","valueFormula":"return GS.CONST.YES_NO[p.motionBlur.enabled]","enableItems":["motionBlur.delay","motionBlur.dissolveSpeed","motionBlur.opacity"]},{"label":"$$4DAD1BF70B09254B8C7898E012FD7FAF15CC","type":"GSQStepper","attribute":"motionBlur.delay","minimum":1,"maximum":1000},{"label":"$$BE21611B4A0B334CE4092F34651F62808466","type":"GSQStepper","attribute":"motionBlur.dissolveSpeed","minimum":1,"maximum":255},{"label":"$$P176","type":"GSQStepper","attribute":"motionBlur.opacity","minimum":1,"maximum":255}],"rawContent":"{\n    \"displayName\": \"$$555A5AA74D4DE94B731AFC29569F92667786\",\n    \"id\": \"gs.TextMotionBlur\",\n    \"group\": \"$$CEA96B0BK6FBBA416BSB00FEDF96A1248489\",\n    \"defaultValue\": { \"number\": 0, \"motionBlur\": GS.CONST.DEFAULT_MOTION_BLUR_DATA },\n    \"quickItems\": ([GSQ.CONTROLS.GRAPHIC_OBJECT_NUMBER]).concat(GSQ.CONTROLS.CREATE_MOTION_BLUR(\"motionBlur\", false)),\n}","name":"Text Motion Blur","type":"event_command","parentId":"B384159EK3827A45E9S93E0E2345AAFC3787","order":10},"summary":["name","type"]}