{"uid":"4129B544KB9EDA4528SA6A8E6DDCAFDD1190","isLoaded":true,"lastModificationTime":0,"items":{"parentId":"0FEBB76EK401BA41A4S99B1E2346601143E2","displayName":"$$76B1881439284643832A615111AAE7FBF08D","windowTitle":"Picture Effect","type":"event_command","title":"$$P22","id":"gs.PictureEffect","group":"$$8E805C42KAAEBA4E2ASAFEBE14638DCA0760","windowSize":{"w":400},"nodes":[{"name":"return GS.ECH.textForErasePicture(p);","id":"gs.ErasePicture"}],"defaultValue":{"number":0,"duration":0,"waitForCompletion":0,"easing":{"type":0,"inOut":1},"power":10,"speed":10,"orientation":2},"quickItems":[{"label":"$$C287D490K9B01A4407SA616EF2726CA43B52","identifier":"number","variableButton":{"dataSource":"numbers"},"type":"GSQStepper","attribute":"number","minimum":0,"maximum":9999999},{"type":"GSQPopupField","label":"$$BD058CE5KA3B8A41C6S9B32ECEC674F8EC05","dataSource":["$$ED0E4CA1976D854C5F8AC810864A28AF3E22"],"valueFormula":"return lcs('ED0E4CA1976D854C5F8AC810864A28AF3E22')","attribute":"type"},{"type":"GSQStepper","label":"$$130D916E55CD9841721804F4B47B6D8C3A5E","minimum":0,"maximum":100,"attribute":"power"},{"type":"GSQStepper","label":"$$D61D429627E27449B86881C3DE0446316091","minimum":0,"maximum":100,"attribute":"speed"},{"type":"GSQPopupField","label":"$$D134DB1755C3394F602AAC137CA7CA1766DF","dataSource":["$$CE9AC1AEK0702A45ECS8A94E83C19094559E","$$648DC3D2KD5F6A42B2S8132ED75014FA6D5B","$$FF57EDE2K4355A45C6S8E0CE5D5BAF017110"],"valueFormula":"return GS.CONST.ORIENTATION_BOTH[p.orientation]","attribute":"orientation"}],"sections":[{"name":"$$8E805C42KAAEBA4E2ASAFEBE14638DCA0760","identifier":"pictureSection","layout":{"type":"dynamicGrid","fixedRowHeight":true},"column":0,"items":[{"type":"GSLabel","text":"$$P26","location":{"x":0,"y":0},"size":{"w":60,"h":-1}},{"type":"GSStepper","attribute":"number","identifier":"number","variableButton":{"dataSource":"numbers"},"location":{"x":1,"y":0}}]}],"rawContent":"{\n    \"parentId\": \"AFAD6CEFK59C1A4298SBABFE7AEC1B964622\",\n    \"displayName\": \"$$76B1881439284643832A615111AAE7FBF08D\",\n    \"windowTitle\": \"Picture Effect\",\n    \"type\": \"event_command\",\n    \"title\": \"$$P22\",\n    \"id\": \"gs.PictureEffect\",\n    \"group\": \"$$8E805C42KAAEBA4E2ASAFEBE14638DCA0760\",\n    \"windowSize\": {\n        \"w\": 400\n    },\n    \"nodes\": [\n        {\n            \"name\": \"return GS.ECH.textForErasePicture(p);\",\n            \"id\": \"gs.ErasePicture\"\n        }\n    ],\n    \"defaultValue\": { \"number\": 0, \"duration\": 0, \"waitForCompletion\": 0, \"easing\": { \"type\": 0, \"inOut\": 1 }, \"power\": 10, \"speed\": 10, \"orientation\": 2 },\n    \"quickItems\": [\n        GSQ.CONTROLS.GRAPHIC_OBJECT_NUMBER\n    ].concat(GSQ.CONTROLS.GRAPHIC_EFFECTS),\n    \"sections\": [\n        {\n            \"name\": \"$$8E805C42KAAEBA4E2ASAFEBE14638DCA0760\",\n            \"identifier\": \"pictureSection\",\n            \"layout\": {\n                \"type\": \"dynamicGrid\",\n                \"fixedRowHeight\": true\n            },\n            \"column\": 0,\n            \"items\": [\n                {\n                    \"type\": \"GSLabel\",\n                    \"text\": \"$$P26\",\n                    \"location\": {\n                        \"x\": 0,\n                        \"y\": 0\n                    },\n                    \"size\": {\n                        \"w\": 60,\n                        \"h\": -1\n                    }\n                },\n                {\n                    \"type\": \"GSStepper\",\n                    \"attribute\": \"number\",\n                    \"identifier\": \"number\",\n                    \"variableButton\": {\n                        \"dataSource\": \"numbers\"\n                    },\n                    \"location\": {\n                        \"x\": 1,\n                        \"y\": 0\n                    }\n                }\n            ]\n        }\n    ]\n}","name":"Picture Effect","order":14},"summary":["name","type"]}