{"uid":"42E69F57KF81AA423BS9C11E17CF33083C56","isLoaded":true,"lastModificationTime":0,"items":{"name":"Shift from List","type":"event_command","displayName":"$$18DC276A2FD9F74F723982056C1F11AD1FA8","id":"gs.ListShift","group":"$$C9C23A6E5A74F84FE07940677A0C2E37E13D","defaultValue":{"valueType":0,"listVariable":{"scope":1,"index":0},"targetVariable":{"scope":1,"index":0}},"quickItems":[{"label":"$$C9C23A6E5A74F84FE07940677A0C2E37E13D","valueFormula":"return fmtListVar(p.listVariable)","attribute":"listVariable","identifier":"list","type":"GSQPopupField","dialog":{"uid":"dialog.selectVariable","parameters":{"dataSource":"lists"}}},{"label":"$$89ECAECDK4610A4BF8SA019E8444CA45FAB6","valueFormula":"return GS.CONST.LIST_VARIABLE_VALUE_TYPES[p.valueType]","attribute":"valueType","identifier":"valueType","type":"GSQPopupField","dataSource":["$$C287D490K9B01A4407SA616EF2726CA43B52","$$A8B1ECD7K09BAA4FFESB501EEF84B2699ED9","$$CEA96B0BK6FBBA416BSB00FEDF96A1248489","$$C9C23A6E5A74F84FE07940677A0C2E37E13D"],"showItems":[["numberValue"],["switchValue"],["stringValue"],["listValue"]]},{"type":"GSQPopupField","identifier":"numberValue","valueFormula":"return fmtNumVar(p.targetVariable)","label":"$$279A870082643340194815582532E3A95B7F","dialog":{"uid":"dialog.selectVariable","parameters":{"dataSource":"numbers"}},"attribute":"targetVariable"},{"type":"GSQPopupField","identifier":"switchValue","valueFormula":"return fmtBoolVar(p.targetVariable)","label":"$$279A870082643340194815582532E3A95B7F","dialog":{"uid":"dialog.selectVariable","parameters":{"dataSource":"booleans"}},"attribute":"targetVariable"},{"type":"GSQPopupField","identifier":"stringValue","valueFormula":"return fmtStrVar(p.targetVariable)","label":"$$279A870082643340194815582532E3A95B7F","dialog":{"uid":"dialog.selectVariable","parameters":{"dataSource":"strings"}},"attribute":"targetVariable"},{"type":"GSQPopupField","identifier":"listValue","valueFormula":"return fmtListVar(p.targetVariable)","label":"$$279A870082643340194815582532E3A95B7F","dialog":{"uid":"dialog.selectVariable","parameters":{"dataSource":"lists"}},"attribute":"targetVariable"}],"rawContent":"{\n    \"displayName\": \"$$18DC276A2FD9F74F723982056C1F11AD1FA8\",\n    \"id\": \"gs.ListShift\",\n    \"group\": \"$$C9C23A6E5A74F84FE07940677A0C2E37E13D\",\n    \"defaultValue\": { \"valueType\": 0, \"listVariable\": { \"scope\": 1, \"index\": 0 }, \"targetVariable\": { \"scope\": 1, \"index\": 0 } },\n    \"quickItems\": [\n        GSQ.CONTROLS.LIST_VARIABLE_SELECTION,\n        GSQ.CONTROLS.LIST_VARIABLE_VALUE_TYPE\n    ].concat(GSQ.CONTROLS.LIST_VARIABLE_STORE_IN)\n}","parentId":"39568CDEK37BDA4AF4SB2BCEC53E3EBBE419","order":2},"summary":["name","type"]}