{"uid":"437DE2FE934E8148B15918D9CB1146033372","isLoaded":true,"lastModificationTime":null,"items":{"windowTitle":"Import Character Expressions","type":"custom_view","windowSize":{"w":700},"sections":[{"name":"Scene","noBorder":true,"items":[{"type":"GSCheckBox","defaultValue":true,"identifier":"createIdleFilePattern","attribute":"useIdleFilePattern","text":"Idle File Pattern:","frame":[0,0],"enableItems":["idleFilePattern","idleTimeStart","idleTimeEnd","idleSpeed"]},{"type":"GSLabel","text":"Idle Animation Pattern:","frame":[1,0]},{"type":"GSTextField","identifier":"idleFilePattern","defaultValue":"{folder-1}{folder-2}_{expression}_{frame-num}","attribute":"idleFilePattern","frame":[0,1]},{"type":"GSTextField","identifier":"idleAnimationPattern","defaultValue":"","attribute":"idleAnimationPattern","frame":[1,1]},{"type":"GSLabel","text":"$$5ED4326764F70746018B92F5BB6B6A2B9774","group":"idle","frame":[0,2]},{"type":"GSStepper","minimum":1,"maximum":9999999,"valueTranslator":{"write":"return (v||0) / 1000 * GS.CONST.GAME_FRAME_RATE","read":"return ROUND((v||0) / GS.CONST.GAME_FRAME_RATE * 1000)"},"defaultValue":150,"attribute":"idleTime.start","identifier":"idleTimeStart","frame":[1,2]},{"type":"GSLabel","text":"$$D4AAFD371E3EB749F22A9E0555309080C82E","group":"idleTime","frame":[2,2]},{"type":"GSStepper","defaultValue":270,"minimum":1,"maximum":9999999,"valueTranslator":{"write":"return (v||0) / 1000 * GS.CONST.GAME_FRAME_RATE","read":"return ROUND((v||0) / GS.CONST.GAME_FRAME_RATE * 1000)"},"identifier":"idleTimeEnd","attribute":"idleTime.end","frame":[3,2]},{"type":"GSLabel","text":"$$0C0FFFB48D0001433E7A4057070263A79F59","group":"idleTime","frame":[4,2]},{"type":"GSLabel","text":"$$P15","group":"speed","frame":[5,2]},{"type":"GSStepper","minimum":1,"maximum":1000,"defaultValue":100,"identifier":"idleSpeed","attribute":"idleSpeed","frame":[6,2]},{"type":"GSLabel","text":"%","group":"idlePercent","frame":[7,2]},{"type":"GSCheckBox","attribute":"useTalkingFilePattern","identifier":"createTalkingFilePattern","text":"Talking File Pattern:","enableItems":["talkingFilePattern","talkingSpeed"],"frame":[0,3]},{"type":"GSTextField","identifier":"talkingFilePattern","defaultValue":"{folder-1}{folder-2}_{expression}_{frame-num}","attribute":"talkingFilePattern","frame":[0,4]},{"type":"GSLabel","text":"$$P15","group":"speed","frame":[0,5]},{"type":"GSStepper","minimum":1,"maximum":1000,"defaultValue":100,"identifier":"talkingSpeed","attribute":"talkingSpeed","frame":[1,5]},{"type":"GSLabel","text":"Images:","frame":[0,6]},{"type":"GSPopupField","dialog":{"uid":"dialog.selectGraphicResource","parameters":{"emptySelection":false,"multiSelection":true,"folder":"Graphics/Characters"}},"attribute":"images","text":"return d ? d.length + ' image(s)' : 'None';","frame":[0,7]}]}],"rawContent":"{\n    \"windowTitle\": \"Import Character Expressions\",\n    \"type\": \"custom_view\",\n    \"windowSize\": {\n        \"w\": 700\n    },\n    \"sections\": [\n        {\n            \"name\": \"Scene\",\n            \"noBorder\": true,\n            \"items\": [\n                {\n                    \"type\": \"GSCheckBox\",\n                    \"defaultValue\": true,\n                    \"identifier\": \"createIdleFilePattern\",\n                    \"attribute\": \"useIdleFilePattern\",\n                    \"text\": \"Idle File Pattern:\",\n                    \"frame\": [0, 0],\n                    \"enableItems\": [\"idleFilePattern\", \"idleTimeStart\", \"idleTimeEnd\", \"idleSpeed\"]\n                },\n                {\n                    \"type\": \"GSLabel\",\n                    \"text\": \"Idle Animation Pattern:\",\n                    \"frame\": [1, 0]\n                },\n                {\n                    \"type\": \"GSTextField\",\n                    \"identifier\": \"idleFilePattern\",\n                    \"defaultValue\": \"{folder-1}{folder-2}_{expression}_{frame-num}\",\n                    \"attribute\": \"idleFilePattern\",\n                    \"frame\": [0, 1]\n                },\n                {\n                    \"type\": \"GSTextField\",\n                    \"identifier\": \"idleAnimationPattern\",\n                    \"defaultValue\": \"\",\n                    \"attribute\": \"idleAnimationPattern\",\n                    \"frame\": [1, 1]\n                },\n                {\n                    \"type\": \"GSLabel\",\n                    \"text\": \"$$5ED4326764F70746018B92F5BB6B6A2B9774\",\n                    \"group\": \"idle\",\n                    \"frame\": [0, 2]\n                },\n                {\n                    \"type\": \"GSStepper\",\n                    \"minimum\": 1,\n                    \"maximum\": GS.CONST.MAX_NUMBER_VALUE,\n                    \"valueTranslator\": GSO.HELPERS.TIME_VALUE_TRANSLATOR(),\n                    \"defaultValue\": 150,\n                    \"attribute\": \"idleTime.start\",\n                    \"identifier\": \"idleTimeStart\",\n                    \"frame\": [1, 2]\n                },\n                {\n                    \"type\": \"GSLabel\",\n                    \"text\": \"$$D4AAFD371E3EB749F22A9E0555309080C82E\",\n                    \"group\": \"idleTime\",\n                    \"frame\": [2, 2]\n                },\n                {\n                    \"type\": \"GSStepper\",\n                    \"defaultValue\": 270,\n                    \"minimum\": 1,\n                    \"maximum\": GS.CONST.MAX_NUMBER_VALUE,\n                    \"valueTranslator\": GSO.HELPERS.TIME_VALUE_TRANSLATOR(),\n                    \"identifier\": \"idleTimeEnd\",\n                    \"attribute\": \"idleTime.end\",\n                    \"frame\": [3, 2]\n                },\n                {\n                    \"type\": \"GSLabel\",\n                    \"text\": \"$$0C0FFFB48D0001433E7A4057070263A79F59\",\n                    \"group\": \"idleTime\",\n                    \"frame\": [4, 2]\n                },\n                {\n                    \"type\": \"GSLabel\",\n                    \"text\": \"$$P15\",\n                    \"group\": \"speed\",\n                    \"frame\": [5, 2]\n                },\n                {\n                    \"type\": \"GSStepper\",\n                    \"minimum\": 1,\n                    \"maximum\": 1000,\n                    \"defaultValue\": 100,\n                    \"identifier\": \"idleSpeed\",\n                    \"attribute\": \"idleSpeed\",\n                    \"frame\": [6, 2]\n                },\n                {\n                    \"type\": \"GSLabel\",\n                    \"text\": \"%\",\n                    \"group\": \"idlePercent\",\n                    \"frame\": [7, 2]\n                },\n                {\n                    \"type\": \"GSCheckBox\",\n                    \"attribute\": \"useTalkingFilePattern\",\n                    \"identifier\": \"createTalkingFilePattern\",\n                    \"text\": \"Talking File Pattern:\",\n                    \"enableItems\": [\"talkingFilePattern\", \"talkingSpeed\"],\n                    \"frame\": [0, 3]\n                },\n                {\n                    \"type\": \"GSTextField\",\n                    \"identifier\": \"talkingFilePattern\",\n                    \"defaultValue\": \"{folder-1}{folder-2}_{expression}_{frame-num}\",\n                    \"attribute\": \"talkingFilePattern\",\n                    \"frame\": [0, 4]\n                },\n                {\n                    \"type\": \"GSLabel\",\n                    \"text\": \"$$P15\",\n                    \"group\": \"speed\",\n                    \"frame\": [0, 5]\n                },\n                {\n                    \"type\": \"GSStepper\",\n                    \"minimum\": 1,\n                    \"maximum\": 1000,\n                    \"defaultValue\": 100,\n                    \"identifier\": \"talkingSpeed\",\n                    \"attribute\": \"talkingSpeed\",\n                    \"frame\": [1, 5]\n                },\n                {\n                    \"type\": \"GSLabel\",\n                    \"text\": \"Images:\",\n                    \"frame\": [0, 6]\n                },\n                {\n                    \"type\": \"GSPopupField\",\n                    \"dialog\": { \"uid\": \"dialog.selectGraphicResource\", \"parameters\": { \"emptySelection\": false, \"multiSelection\": true, \"folder\": \"Graphics/Characters\" } },\n                    \"attribute\": \"images\",\n                    \"text\": \"return d ? d.length + ' image(s)' : 'None';\",\n                    \"frame\": [0, 7]\n                }\n            ]\n        }\n    ]\n}","name":"Expression Importer","parentId":"AC1ABDCBK050BA4863S9964E3DC378247DAD","order":35},"summary":["name","type"]}