{"uid":"455159A6K8276A42E1SAAE9EDFD11385D365","isLoaded":true,"lastModificationTime":0,"items":{"name":"Save Persistent Data","type":"event_command","parentId":"CCC1D58AKA96AA4B0ESA33CE6CCC06CB5662","displayName":"$$0BCA298E2450D14D942B87582E0F10A804D8","windowTitle":"$$053CCAE1KAF5DA4E71SB76AE2CA08A87E93F","id":"gs.SavePersistentData","group":"$$C1953650K4FD7A4268SB298E0BEFC554D88E","windowSize":{"w":400},"defaultValue":{},"quickItems":[],"nodes":[],"sections":[],"rawContent":"{\n    \"parentId\": \"AFAD6CEFK59C1A4298SBABFE7AEC1B964622\",\n    \"displayName\": \"$$0BCA298E2450D14D942B87582E0F10A804D8\",\n    \"windowTitle\": \"$$053CCAE1KAF5DA4E71SB76AE2CA08A87E93F\",\n    \"type\": \"event_command\",\n    \"id\": \"gs.SavePersistentData\",\n    \"group\": \"$$C1953650K4FD7A4268SB298E0BEFC554D88E\",\n    \"windowSize\": {\n        \"w\": 400\n    },\n    \"defaultValue\": { },\n    \"quickItems\": [\n    ],\n    \"nodes\": [\n    ],\n    \"sections\": [\n    ]\n}","order":3},"summary":["name","type"]}