{"uid":"469AC05AK5413A4BBFSBB84ED1385A919FC4","isLoaded":true,"lastModificationTime":0,"items":{"name":"Layout_Title","type":"game_script","order":1,"content":"ui.UiFactory.layouts.titleLayout = {\n    type: \"ui.FreeLayout\"\n    frame: [0, 0, Graphics.width, Graphics.height]\n    music: -> $dataFields.database.system.titleMusic\n    controls: [\n        {\n            executeFieldFormulas: true\n            type: \"ui.Image\"\n            image: -> $dataFields.database.system.titleScreen.name or 'bg-generic'\n            frame: [0, 0, Graphics.width, Graphics.height]\n            fixedSize: true\n        }\n    ,\n        {\n            type: \"ui.Text\"\n            updateBehavior: \"continuous\"\n            styles: [\"titleText\"],\n            text: { \n                lcId: \"4FE8B0BD58FD914BFA8824E07226FB7F7974\", \n                defaultText: \"New Game\" \n            }\n            frame: [\"70%\", \"50%\"]\n            sizeToFit: true\n            action: {\n                name: \"newGame\"\n            }\n        }\n    ,\n        {\n            type: \"ui.Text\"\n            styles: [\"titleText\"]\n            text: {\n                lcId: \"0B92E27C6AAE1648AF1B28B2E938923EDDD7\"\n                defaultText: \"Load Game\"\n            }\n            action: {\n                name: \"switchLayout\" \n                params: { \n                    name: \"loadMenuLayout\", savePrevious: true, snapshot: true\n                }\n            }\n            frame: [\"70% - 10\", \"50% + 50\"]\n            sizeToFit: true\n        }\n    ,\n        {\n            type: \"ui.Text\"\n            styles: [\"titleText\"]\n            text: {\n                lcId: \"5DC22AD29AE4C84F4979470215C2383A0620\"\n                defaultText: \"Gallery\"\n            }\n            action: {\n                name: \"switchLayout\"\n                params: {\n                    name: \"cgGalleryLayout\"\n                    savePrevious: true\n                }\n            }\n            frame: [\"70% - 20\", \"50% + 100\"],\n            sizeToFit: true\n        }\n    ,\n        {\n            type: \"ui.Text\",\n            styles: [\"titleText\"],\n            text: {\n                lcId: \"D77D7952535CB1422759B668DBFB3C4FD441\"\n                defaultText: \"Settings\"\n            }\n            frame: [\"70% - 30\", \"50% + 150\"]\n            sizeToFit: true\n            action: {\n                name: \"switchLayout\"\n                params: {\n                    name: \"settingsMenuLayout\"\n                    savePrevious: true\n                }\n            }\n        }\n    ,\n        {\n            type: \"ui.Text\"\n            styles: [\"titleText\"]\n            text: {\n                lcId: \"377A3D6B2286414CAB8AAA93605A675D3AD6\"\n                defaultText: \"Quit\"\n            }\n            frame: [\"70% - 40\", \"50% + 200\"]\n            action: {\n                name: \"quitGame\"\n            }\n            sizeToFit: true\n        }\n    ]\n}","parentId":"A588F305KAB2DA4236SB838E7FF9BBA890FD","folder":false,"compiledContent":"(function() {\n  ui.UiFactory.layouts.titleLayout = {\n    type: \"ui.FreeLayout\",\n    frame: [0, 0, Graphics.width, Graphics.height],\n    music: function() {\n      return $dataFields.database.system.titleMusic;\n    },\n    controls: [\n      {\n        executeFieldFormulas: true,\n        type: \"ui.Image\",\n        image: function() {\n          return $dataFields.database.system.titleScreen.name || 'bg-generic';\n        },\n        frame: [0, 0, Graphics.width, Graphics.height],\n        fixedSize: true\n      }, {\n        type: \"ui.Text\",\n        updateBehavior: \"continuous\",\n        styles: [\"titleText\"],\n        text: {\n          lcId: \"4FE8B0BD58FD914BFA8824E07226FB7F7974\",\n          defaultText: \"New Game\"\n        },\n        frame: [\"70%\", \"50%\"],\n        sizeToFit: true,\n        action: {\n          name: \"newGame\"\n        }\n      }, {\n        type: \"ui.Text\",\n        styles: [\"titleText\"],\n        text: {\n          lcId: \"0B92E27C6AAE1648AF1B28B2E938923EDDD7\",\n          defaultText: \"Load Game\"\n        },\n        action: {\n          name: \"switchLayout\",\n          params: {\n            name: \"loadMenuLayout\",\n            savePrevious: true,\n            snapshot: true\n          }\n        },\n        frame: [\"70% - 10\", \"50% + 50\"],\n        sizeToFit: true\n      }, {\n        type: \"ui.Text\",\n        styles: [\"titleText\"],\n        text: {\n          lcId: \"5DC22AD29AE4C84F4979470215C2383A0620\",\n          defaultText: \"Gallery\"\n        },\n        action: {\n          name: \"switchLayout\",\n          params: {\n            name: \"cgGalleryLayout\",\n            savePrevious: true\n          }\n        },\n        frame: [\"70% - 20\", \"50% + 100\"],\n        sizeToFit: true\n      }, {\n        type: \"ui.Text\",\n        styles: [\"titleText\"],\n        text: {\n          lcId: \"D77D7952535CB1422759B668DBFB3C4FD441\",\n          defaultText: \"Settings\"\n        },\n        frame: [\"70% - 30\", \"50% + 150\"],\n        sizeToFit: true,\n        action: {\n          name: \"switchLayout\",\n          params: {\n            name: \"settingsMenuLayout\",\n            savePrevious: true\n          }\n        }\n      }, {\n        type: \"ui.Text\",\n        styles: [\"titleText\"],\n        text: {\n          lcId: \"377A3D6B2286414CAB8AAA93605A675D3AD6\",\n          defaultText: \"Quit\"\n        },\n        frame: [\"70% - 40\", \"50% + 200\"],\n        action: {\n          name: \"quitGame\"\n        },\n        sizeToFit: true\n      }\n    ]\n  };\n\n}).call(this);\n"},"summary":["name","type","order"]}