{"uid":"46C6783E8ED4884EB088543461AC9900B286","isLoaded":true,"lastModificationTime":null,"items":{"id":"gs.EraseMessageArea","displayName":"$$1710324E4F927843FF49EB8266ABC9F9F8A1","group":"$$8C18C980KCA7CA4FCDS99EFEC6824693DD97","defaultValue":{"number":0},"quickItems":[{"label":"$$C287D490K9B01A4407SA616EF2726CA43B52","identifier":"number","variableButton":{"dataSource":"numbers"},"type":"GSQStepper","attribute":"number","minimum":0,"maximum":9999999}],"rawContent":"{\n    \"id\": \"gs.EraseMessageArea\",\n    \"displayName\": \"$$1710324E4F927843FF49EB8266ABC9F9F8A1\",\n    \"group\": \"$$8C18C980KCA7CA4FCDS99EFEC6824693DD97\",\n    \"defaultValue\": { \"number\": 0 },\n    \"quickItems\": [\n        GSQ.CONTROLS.GRAPHIC_OBJECT_NUMBER,\n    ]\n}","name":"Erase Message Area","type":"event_command","parentId":"8CC0A736KF347A454AS899FE4F42878D912C","order":18},"summary":["name","type"]}