{"uid":"49AC8EB363463447047ABD168C33CC395696","isLoaded":true,"lastModificationTime":null,"items":{"id":"vn.CallScene","group":"$$D4EBFB57KE5C7A4149S9FB1EBC4BB63151DA","defaultValue":{"scene":null},"quickItems":[{"type":"GSQPopupField","label":"$$D4EBFB57KE5C7A4149S9FB1EBC4BB63151DA","attribute":"scene","dataAttribute":"scene","dialog":{"uid":"0E620E08KED4CA4E7CS8514E5B2BF2657DA5"},"variableButton":{"dataSource":"strings"},"valueFormula":"return isVar(p.scene) ? fmtStrVar(p.scene) : (p.scene ? fmtDocument(p.scene.uid) : 'None');"}],"rawContent":"{\n    \"id\": \"vn.CallScene\",\n    \"group\": \"$$D4EBFB57KE5C7A4149S9FB1EBC4BB63151DA\",\n    \"defaultValue\": { \"scene\": null },\n    \"quickItems\": [\n        {\n            \"type\": \"GSQPopupField\",\n            \"label\": \"$$D4EBFB57KE5C7A4149S9FB1EBC4BB63151DA\",\n            \"attribute\": \"scene\",\n            \"dataAttribute\": \"scene\",\n            \"dialog\": { \"uid\": \"0E620E08KED4CA4E7CS8514E5B2BF2657DA5\" },\n            \"variableButton\": { \"dataSource\": \"strings\" },\n            \"valueFormula\": \"return isVar(p.scene) ? fmtStrVar(p.scene) : (p.scene ? fmtDocument(p.scene.uid) : 'None');\"\n        }\n    ]\n}","name":"Call Scene","type":"event_command","parentId":"3E57923EKA72FA43ECSB6ACE60B387513294","order":3},"summary":["name","type"]}