{"uid":"4BD319A3KBD87A4888SBEDEEDC99E8C70AA5","isLoaded":true,"lastModificationTime":1422552163849,"items":{"name":"GameStorage","type":"game_script","order":2,"content":"# ===================================================================\n#\n#   Script: GameStorage\n#\n#   $$COPYRIGHT$$\n#\n# ===================================================================\n###*\n* An enumeration of game storage locations.\n*\n* @module gs\n* @class GameStorageLocations\n* @memberof gs\n* @constructor\n* @static\n* @final\n###  \nclass GameStorageLocations\n    ###*\n    * Stores game data in working directory which is next to the executable file in most cases.\n    * @property WORKING_DIRECTORY\n    * @type number\n    * @static\n    * @final\n    ###\n    @WORKING_DIRECTORY = 0\n    \n    ###*\n    * Stores game data in local app-data directory depending on the operating system.\n    * @property APP_DATA_DIRECTORY\n    * @type number\n    * @static\n    * @final\n    ###\n    @APP_DATA_DIRECTORY = 1\n    ###*\n    * Stores game data in internal storage.\n    * @property INTERNAL_STORAGE\n    * @type number\n    * @static\n    * @final\n    ###\n    @INTERNAL_STORAGE = 2\ngs.GameStorageLocations = GameStorageLocations\n    \nclass GameStorage\n    ###*\n    * The GameStorage helps to store different kind of game data permanentely like\n    * a save-game or the game settings. The way how the data is stored depends on\n    * the platform. For example: If the game runs in a web-browser the data is stored\n    * the internal local storage of the web-browser but if the game runs locally the\n    * data is stored on disk.\n    *\n    * All object are stored as JSON so it is imported that the object to store can\n    * be serialized to JSON and doesn't contain any circular references. Except for\n    * the methods gs.GameStorage.setData and gs.GameStorage.getData since that methods\n    * dealing with a regular string.\n    *\n    * @module gs\n    * @class GameStorage\n    * @memberof gs\n    * @constructor\n    * @static\n    ###\n    constructor: ->\n    \n    ###*\n    * Clears the game storage. All data will be lost.\n    *\n    * @method clear\n    * @static\n    ### \n    clear: ->\n        localStorage.clear()\n    \n    ###*\n    * The path where the data is stored. The result depends on the platform.\n    * For example: For a web-game the result is an empty string but for a local\n    * running game the result is the file-path to the configured storage-directory of the game.\n    *\n    * @method clear\n    * @static\n    ###     \n    storagePath: -> \n        if $PARAMS.isOffline and !$PARAMS.platform.isSteamOS and window.nw?\n            switch RecordManager.system.gameDataPath\n                when gs.GameStorageLocations.APP_DATA_DIRECTORY\n                    return nw.App.dataPath\n                when gs.GameStorageLocations.WORKING_DIRECTORY\n                    return \"./\"\n                when gs.GameStorageLocations.INTERNAL_STORAGE\n                    return \"\"\n                else\n                    return \"./\"\n        else\n            return \"\"\n    \n    ###*\n    * Checks if data already exists for the specified id/key.\n    *\n    * @method exists\n    * @return {boolean} If <b>true</b> then there is already existing data for the id/key. Otherwise <b>false</b>\n    * @static\n    ###         \n    exists: (id) ->\n        if $PARAMS.isOffline and !$PARAMS.platform.isSteamOS and window.nw?\n            return require(\"fs\").existsSync(@storagePath() + \"/\" + id + \".vndata\")\n        else\n            return localStorage.getItem($PARAMS.uid + \"_\" + id) != null\n                \n    \n    ###*\n    * Deletes the data stored under the specified id/key.\n    *\n    * @method remove\n    * @return {string} id - The id/key where the data should be deleted.\n    * @static\n    ### \n    remove: (id) ->\n        if $PARAMS.isOffline and !$PARAMS.platform.isSteamOS and window.nw?\n            if require(\"fs\").existsSync(@storagePath() + \"/\" + id + \".vndata\")\n                require(\"fs\").unlinkSync(@storagePath() + \"/\" + id + \".vndata\")\n        else\n            localStorage.removeItem($PARAMS.uid + \"_\" + id)\n    \n    ###*\n    * Stores a string under the specified id/key.\n    *\n    * @method setData\n    * @param {string} id - The id/key where the data should be stored.\n    * @param {string} data - The string to store.\n    * @static\n    ### \n    setData: (id, data) ->\n        if $PARAMS.isOffline and !$PARAMS.platform.isSteamOS and window.nw?\n            require(\"fs\").writeFileSync(@storagePath() + \"/\" + id + \".vndata\", data)\n        else\n            localStorage.setItem($PARAMS.uid + \"_\" + id, data)\n     \n    ###*\n    * Gets a stored string for the specified id/key.\n    *\n    * @method setObject\n    * @param {string} id - The id/key of the string/data to get.\n    * @return {string} The string/data or <b>null</b> if no data exists for the specified id/key.\n    * @static\n    ###    \n    getData: (id) -> \n        if $PARAMS.isOffline and !$PARAMS.platform.isSteamOS and window.nw?\n            require(\"fs\").readFileSync(@storagePath() + \"/\" + id + \".vndata\", \"utf8\")\n        else\n            localStorage.getItem($PARAMS.uid + \"_\" + id)\n     \n    ###*\n    * Stores an object under the specified id/key. The object will be serialized to\n    * JSON so its important that the object doesn't contain any circular references.\n    *\n    * @method setObject\n    * @param {string} id - The id/key where the object should be stored.\n    * @param {Object} object - The object to store.\n    * @static\n    ###    \n    setObject:(id, object) ->\n        if $PARAMS.isOffline and !$PARAMS.platform.isSteamOS and window.nw?\n            require(\"fs\").writeFileSync(@storagePath() + \"/\" + id + \".vndata\", JSON.stringify(object))\n        else\n            localStorage.setItem($PARAMS.uid + \"_\" + id, JSON.stringify(object))\n     \n    ###*\n    * Gets a stored object for the specified id/key.\n    *\n    * @method setObject\n    * @param {string} id - The id/key of the object to get.\n    * @return {Object} The object or <b>null</b> if no object exists for the specified id/key.\n    * @static\n    ###    \n    getObject:(id) ->\n        if $PARAMS.isOffline and !$PARAMS.platform.isSteamOS and window.nw?\n            if require(\"fs\").existsSync(@storagePath() + \"/\" + id + \".vndata\")\n                item = require(\"fs\").readFileSync(@storagePath() + \"/\" + id + \".vndata\", \"utf8\")\n        else\n            item = localStorage.getItem($PARAMS.uid + \"_\" + id)\n        result = null\n        \n        if item?\n            result = JSON.parse(item)\n            \n        return result\n        \n    \n        \n        \nwindow.GameStorage = new GameStorage()\ngs.GameStorage = window.GameStorage","compiledContent":"\n/**\n* An enumeration of game storage locations.\n*\n* @module gs\n* @class GameStorageLocations\n* @memberof gs\n* @constructor\n* @static\n* @final\n */\n\n(function() {\n  var GameStorage, GameStorageLocations;\n\n  GameStorageLocations = (function() {\n\n    /**\n    * Stores game data in working directory which is next to the executable file in most cases.\n    * @property WORKING_DIRECTORY\n    * @type number\n    * @static\n    * @final\n     */\n    function GameStorageLocations() {}\n\n    GameStorageLocations.WORKING_DIRECTORY = 0;\n\n\n    /**\n    * Stores game data in local app-data directory depending on the operating system.\n    * @property APP_DATA_DIRECTORY\n    * @type number\n    * @static\n    * @final\n     */\n\n    GameStorageLocations.APP_DATA_DIRECTORY = 1;\n\n\n    /**\n    * Stores game data in internal storage.\n    * @property INTERNAL_STORAGE\n    * @type number\n    * @static\n    * @final\n     */\n\n    GameStorageLocations.INTERNAL_STORAGE = 2;\n\n    return GameStorageLocations;\n\n  })();\n\n  gs.GameStorageLocations = GameStorageLocations;\n\n  GameStorage = (function() {\n\n    /**\n    * The GameStorage helps to store different kind of game data permanentely like\n    * a save-game or the game settings. The way how the data is stored depends on\n    * the platform. For example: If the game runs in a web-browser the data is stored\n    * the internal local storage of the web-browser but if the game runs locally the\n    * data is stored on disk.\n    *\n    * All object are stored as JSON so it is imported that the object to store can\n    * be serialized to JSON and doesn't contain any circular references. Except for\n    * the methods gs.GameStorage.setData and gs.GameStorage.getData since that methods\n    * dealing with a regular string.\n    *\n    * @module gs\n    * @class GameStorage\n    * @memberof gs\n    * @constructor\n    * @static\n     */\n    function GameStorage() {}\n\n\n    /**\n    * Clears the game storage. All data will be lost.\n    *\n    * @method clear\n    * @static\n     */\n\n    GameStorage.prototype.clear = function() {\n      return localStorage.clear();\n    };\n\n\n    /**\n    * The path where the data is stored. The result depends on the platform.\n    * For example: For a web-game the result is an empty string but for a local\n    * running game the result is the file-path to the configured storage-directory of the game.\n    *\n    * @method clear\n    * @static\n     */\n\n    GameStorage.prototype.storagePath = function() {\n      if ($PARAMS.isOffline && !$PARAMS.platform.isSteamOS && (window.nw != null)) {\n        switch (RecordManager.system.gameDataPath) {\n          case gs.GameStorageLocations.APP_DATA_DIRECTORY:\n            return nw.App.dataPath;\n          case gs.GameStorageLocations.WORKING_DIRECTORY:\n            return \"./\";\n          case gs.GameStorageLocations.INTERNAL_STORAGE:\n            return \"\";\n          default:\n            return \"./\";\n        }\n      } else {\n        return \"\";\n      }\n    };\n\n\n    /**\n    * Checks if data already exists for the specified id/key.\n    *\n    * @method exists\n    * @return {boolean} If <b>true</b> then there is already existing data for the id/key. Otherwise <b>false</b>\n    * @static\n     */\n\n    GameStorage.prototype.exists = function(id) {\n      if ($PARAMS.isOffline && !$PARAMS.platform.isSteamOS && (window.nw != null)) {\n        return require(\"fs\").existsSync(this.storagePath() + \"/\" + id + \".vndata\");\n      } else {\n        return localStorage.getItem($PARAMS.uid + \"_\" + id) !== null;\n      }\n    };\n\n\n    /**\n    * Deletes the data stored under the specified id/key.\n    *\n    * @method remove\n    * @return {string} id - The id/key where the data should be deleted.\n    * @static\n     */\n\n    GameStorage.prototype.remove = function(id) {\n      if ($PARAMS.isOffline && !$PARAMS.platform.isSteamOS && (window.nw != null)) {\n        if (require(\"fs\").existsSync(this.storagePath() + \"/\" + id + \".vndata\")) {\n          return require(\"fs\").unlinkSync(this.storagePath() + \"/\" + id + \".vndata\");\n        }\n      } else {\n        return localStorage.removeItem($PARAMS.uid + \"_\" + id);\n      }\n    };\n\n\n    /**\n    * Stores a string under the specified id/key.\n    *\n    * @method setData\n    * @param {string} id - The id/key where the data should be stored.\n    * @param {string} data - The string to store.\n    * @static\n     */\n\n    GameStorage.prototype.setData = function(id, data) {\n      if ($PARAMS.isOffline && !$PARAMS.platform.isSteamOS && (window.nw != null)) {\n        return require(\"fs\").writeFileSync(this.storagePath() + \"/\" + id + \".vndata\", data);\n      } else {\n        return localStorage.setItem($PARAMS.uid + \"_\" + id, data);\n      }\n    };\n\n\n    /**\n    * Gets a stored string for the specified id/key.\n    *\n    * @method setObject\n    * @param {string} id - The id/key of the string/data to get.\n    * @return {string} The string/data or <b>null</b> if no data exists for the specified id/key.\n    * @static\n     */\n\n    GameStorage.prototype.getData = function(id) {\n      if ($PARAMS.isOffline && !$PARAMS.platform.isSteamOS && (window.nw != null)) {\n        return require(\"fs\").readFileSync(this.storagePath() + \"/\" + id + \".vndata\", \"utf8\");\n      } else {\n        return localStorage.getItem($PARAMS.uid + \"_\" + id);\n      }\n    };\n\n\n    /**\n    * Stores an object under the specified id/key. The object will be serialized to\n    * JSON so its important that the object doesn't contain any circular references.\n    *\n    * @method setObject\n    * @param {string} id - The id/key where the object should be stored.\n    * @param {Object} object - The object to store.\n    * @static\n     */\n\n    GameStorage.prototype.setObject = function(id, object) {\n      if ($PARAMS.isOffline && !$PARAMS.platform.isSteamOS && (window.nw != null)) {\n        return require(\"fs\").writeFileSync(this.storagePath() + \"/\" + id + \".vndata\", JSON.stringify(object));\n      } else {\n        return localStorage.setItem($PARAMS.uid + \"_\" + id, JSON.stringify(object));\n      }\n    };\n\n\n    /**\n    * Gets a stored object for the specified id/key.\n    *\n    * @method setObject\n    * @param {string} id - The id/key of the object to get.\n    * @return {Object} The object or <b>null</b> if no object exists for the specified id/key.\n    * @static\n     */\n\n    GameStorage.prototype.getObject = function(id) {\n      var item, result;\n      if ($PARAMS.isOffline && !$PARAMS.platform.isSteamOS && (window.nw != null)) {\n        if (require(\"fs\").existsSync(this.storagePath() + \"/\" + id + \".vndata\")) {\n          item = require(\"fs\").readFileSync(this.storagePath() + \"/\" + id + \".vndata\", \"utf8\");\n        }\n      } else {\n        item = localStorage.getItem($PARAMS.uid + \"_\" + id);\n      }\n      result = null;\n      if (item != null) {\n        result = JSON.parse(item);\n      }\n      return result;\n    };\n\n    return GameStorage;\n\n  })();\n\n  window.GameStorage = new GameStorage();\n\n  gs.GameStorage = window.GameStorage;\n\n}).call(this);\n","parentId":"2EC9F946K6417A4973S8308E368608E89B8B"},"summary":["name","type","order"]}