{"uid":"4C23121FKA889A415FS9109E3AC160E44CFD","isLoaded":true,"lastModificationTime":0,"items":{"name":"Object_Picture","type":"game_script","order":7,"content":"# ===================================================================\n#\n#   Script: Object_Picture\n#\n#   $$COPYRIGHT$$\n#\n# ===================================================================\nclass Object_Picture extends gs.Object_Visual\n    ###*\n    * A game object used for pictures in a scene.\n    *\n    * @module gs\n    * @class Object_Picture\n    * @extends gs.Object_Visual\n    * @memberof gs\n    * @constructor\n    ###\n    constructor: (parent, data) ->\n        super(data)\n        \n        ###*\n        * The object's source rectangle. It controls which part of the object's image is used\n        * for visual presentation.\n        * @property srcRect\n        * @type gs.Rect\n        ###\n        @srcRect = new Rect()\n        \n        ###*\n        * The object's mask to execute masking-effects on it.\n        * @property mask\n        * @type gs.Mask\n        ###\n        @mask = new gs.Mask()\n        \n        ###*\n        * Indicates if the object's visual presentation should be mirrored horizontally.\n        * @property mirror\n        * @type boolean\n        ###\n        @mirror = false\n        \n        ###*\n        * The object's image used for visual presentation.\n        * @property image\n        * @type string\n        ###\n        @image = \"\"\n        \n        ###*\n        * The rotation-angle of the picture in degrees. The rotation center depends on the\n        * anchor-point.\n        * @property angle\n        * @type number\n        ###\n        @angle = 0\n        \n        ###*\n        * The color tone of the object used for the visual presentation.\n        * @property tone\n        * @type gs.Tone\n        ###\n        @tone = new Tone(0, 0, 0, 0)\n        \n        ###*\n        * The color of the object used for the visual presentation.\n        * @property color\n        * @type gs.Color\n        ###\n        @color = new Color(255, 255, 255, 0)\n        \n        ###*\n        * Contains different kinds of effects which can be activated for the object.\n        * @property effects\n        * @type Object\n        ###\n        @effects = wobble: new gs.WobbleEffect()\n        \n        ###*\n        * The object's animator-component to execute different kind of animations like move, rotate, etc. on it.\n        * @property animator\n        * @type vn.Component_Animator\n        ###\n        @animator = new gs.Component_Animator()\n        \n        ###*\n        * The object's visual-component to display the game object on screen.\n        * @property visual\n        * @type gs.Component_Sprite\n        ###\n        @visual = new gs.Component_Sprite()\n\n        @addComponent(@visual)\n        @addComponent(@animator)\n        @componentsFromDataBundle(data)\n        \n        @update()\n     \n    ###*\n    * Restores the game object from a data-bundle.\n    *\n    * @method restore\n    * @param {Object} data - The data-bundle.\n    ###    \n    restore: (data) ->\n        super(data)\n        \n        @srcRect = gs.Rect.fromObject(data.srcRect)\n        @mask = gs.Mask.fromObject(data.mask)\n        \n    ###*\n    * Serializes the object into a data-bundle.\n    *\n    * @method toDataBundle\n    * @return {Object} The data-bundle.\n    ###    \n    toDataBundle: ->\n        components = @componentsToDataBundle(gs.Component_Animation)\n                \n        result = {\n            dstRect: @dstRect,\n            srcRect: @srcRect,\n            opacity: @opacity,\n            origin: @origin,\n            zIndex: @zIndex,\n            mask: @mask.toDataBundle(),\n            motionBlur: @motionBlur,\n            zoom: @zoom,\n            angle: @angle,\n            anchor: @anchor,\n            offset: @offset,\n            mirror: @mirror,\n            image: @image,\n            components: components\n        }\n    \n        return result\n        \ngs.Object_Picture = Object_Picture","parentId":"A05E7029K45DBA459BSADF4EEC07A526241A","folder":false,"compiledContent":"(function() {\n  var Object_Picture,\n    extend = function(child, parent) { for (var key in parent) { if (hasProp.call(parent, key)) child[key] = parent[key]; } function ctor() { this.constructor = child; } ctor.prototype = parent.prototype; child.prototype = new ctor(); child.__super__ = parent.prototype; return child; },\n    hasProp = {}.hasOwnProperty;\n\n  Object_Picture = (function(superClass) {\n    extend(Object_Picture, superClass);\n\n\n    /**\n    * A game object used for pictures in a scene.\n    *\n    * @module gs\n    * @class Object_Picture\n    * @extends gs.Object_Visual\n    * @memberof gs\n    * @constructor\n     */\n\n    function Object_Picture(parent, data) {\n      Object_Picture.__super__.constructor.call(this, data);\n\n      /**\n      * The object's source rectangle. It controls which part of the object's image is used\n      * for visual presentation.\n      * @property srcRect\n      * @type gs.Rect\n       */\n      this.srcRect = new Rect();\n\n      /**\n      * The object's mask to execute masking-effects on it.\n      * @property mask\n      * @type gs.Mask\n       */\n      this.mask = new gs.Mask();\n\n      /**\n      * Indicates if the object's visual presentation should be mirrored horizontally.\n      * @property mirror\n      * @type boolean\n       */\n      this.mirror = false;\n\n      /**\n      * The object's image used for visual presentation.\n      * @property image\n      * @type string\n       */\n      this.image = \"\";\n\n      /**\n      * The rotation-angle of the picture in degrees. The rotation center depends on the\n      * anchor-point.\n      * @property angle\n      * @type number\n       */\n      this.angle = 0;\n\n      /**\n      * The color tone of the object used for the visual presentation.\n      * @property tone\n      * @type gs.Tone\n       */\n      this.tone = new Tone(0, 0, 0, 0);\n\n      /**\n      * The color of the object used for the visual presentation.\n      * @property color\n      * @type gs.Color\n       */\n      this.color = new Color(255, 255, 255, 0);\n\n      /**\n      * Contains different kinds of effects which can be activated for the object.\n      * @property effects\n      * @type Object\n       */\n      this.effects = {\n        wobble: new gs.WobbleEffect()\n\n        /**\n        * The object's animator-component to execute different kind of animations like move, rotate, etc. on it.\n        * @property animator\n        * @type vn.Component_Animator\n         */\n      };\n      this.animator = new gs.Component_Animator();\n\n      /**\n      * The object's visual-component to display the game object on screen.\n      * @property visual\n      * @type gs.Component_Sprite\n       */\n      this.visual = new gs.Component_Sprite();\n      this.addComponent(this.visual);\n      this.addComponent(this.animator);\n      this.componentsFromDataBundle(data);\n      this.update();\n    }\n\n\n    /**\n    * Restores the game object from a data-bundle.\n    *\n    * @method restore\n    * @param {Object} data - The data-bundle.\n     */\n\n    Object_Picture.prototype.restore = function(data) {\n      Object_Picture.__super__.restore.call(this, data);\n      this.srcRect = gs.Rect.fromObject(data.srcRect);\n      return this.mask = gs.Mask.fromObject(data.mask);\n    };\n\n\n    /**\n    * Serializes the object into a data-bundle.\n    *\n    * @method toDataBundle\n    * @return {Object} The data-bundle.\n     */\n\n    Object_Picture.prototype.toDataBundle = function() {\n      var components, result;\n      components = this.componentsToDataBundle(gs.Component_Animation);\n      result = {\n        dstRect: this.dstRect,\n        srcRect: this.srcRect,\n        opacity: this.opacity,\n        origin: this.origin,\n        zIndex: this.zIndex,\n        mask: this.mask.toDataBundle(),\n        motionBlur: this.motionBlur,\n        zoom: this.zoom,\n        angle: this.angle,\n        anchor: this.anchor,\n        offset: this.offset,\n        mirror: this.mirror,\n        image: this.image,\n        components: components\n      };\n      return result;\n    };\n\n    return Object_Picture;\n\n  })(gs.Object_Visual);\n\n  gs.Object_Picture = Object_Picture;\n\n}).call(this);\n"},"summary":["name","type","order"]}