{"uid":"4E4940CCKA8F7A424FS813DE0DB75D3B524B","isLoaded":true,"lastModificationTime":0,"items":{"name":"ContainerDisposeBehavior","type":"game_script","order":6,"content":"# ===================================================================\n#\n#   Script: ContainerDisposeBehavior\n#\n#   $$COPYRIGHT$$\n#\n# ===================================================================\n\n###*\n* An enumeration of different dispose behaviors for containers. A dispose\n* behavior describes what should happen with objects in a container after\n* they got disposed.\n*\n* @module gs\n* @class ContainerDisposeBehavior\n* @memberof gs\n* @constructor\n* @static\n* @final\n###\nclass ContainerDisposeBehavior\n    ###*\n    * Removes the disposed object from the container.\n    * @property REMOVE\n    * @type number\n    * @static\n    * @final\n    ###\n    @REMOVE = 0\n    \n    ###*\n    * Sets the object reference to <b>null</b> but doesn't removing it from the container so the\n    * indices are not changed.\n    * @property NULL\n    * @type number\n    * @static\n    * @final\n    ###\n    @NULL = 1\n    \ngs.ContainerDisposeBehavior = ContainerDisposeBehavior","parentId":"C2F9A7C9K48FFA4390S9F39E2E3A8A1D7221","folder":false,"compiledContent":"\n/**\n* An enumeration of different dispose behaviors for containers. A dispose\n* behavior describes what should happen with objects in a container after\n* they got disposed.\n*\n* @module gs\n* @class ContainerDisposeBehavior\n* @memberof gs\n* @constructor\n* @static\n* @final\n */\n\n(function() {\n  var ContainerDisposeBehavior;\n\n  ContainerDisposeBehavior = (function() {\n\n    /**\n    * Removes the disposed object from the container.\n    * @property REMOVE\n    * @type number\n    * @static\n    * @final\n     */\n    function ContainerDisposeBehavior() {}\n\n    ContainerDisposeBehavior.REMOVE = 0;\n\n\n    /**\n    * Sets the object reference to <b>null</b> but doesn't removing it from the container so the\n    * indices are not changed.\n    * @property NULL\n    * @type number\n    * @static\n    * @final\n     */\n\n    ContainerDisposeBehavior.NULL = 1;\n\n    return ContainerDisposeBehavior;\n\n  })();\n\n  gs.ContainerDisposeBehavior = ContainerDisposeBehavior;\n\n}).call(this);\n"},"summary":["name","type"]}