{"uid":"4FFEFECAK0DFEA44BCS8912ED0B9C15357EB","isLoaded":true,"lastModificationTime":0,"items":{"name":"Template_ChoiceBox","type":"game_script","order":8,"content":"ui.UiFactory.customTypes[\"ui.ChoiceBox\"] = {\n    \"type\": \"ui.FreeLayout\",\n    \"frame\": [0, 0, Graphics.width, Graphics.height],\n    \"controls\": [\n        {\n            \"type\": \"ui.StackLayout\",\n            \"sizeToFit\": true,\n            \"alignmentX\": 1,\n            \"alignmentY\": 0,\n            \"visible\": no,\n            \"formulas\": [\n                $ -> o.visible = $tempFields.choiceTimer.behavior.isRunning and $tempFields.choiceTimerVisible\n            ],\n            \"controls\": [\n                {\n                    \"type\": \"ui.Text\",\n                    \"style\": \"choiceTimerText\",\n                    \"format\": \"%02d\",\n                    \"sizeToFit\": true,\n                    \"updateBehavior\": \"continuous\",\n                    \"formulas\": [$ -> o.text = $tempFields.choiceTimer.behavior.minutes],\n                    \"text\": \"\"\n                },\n                {\n                    \"type\": \"ui.Text\",\n                    \"sizeToFit\": true,\n                    \"style\": \"choiceTimerText\",\n                    \"text\": \":\"\n                },\n                {\n                    \"type\": \"ui.Text\",\n                    \"style\": \"choiceTimerText\",\n                    \"sizeToFit\": true,\n                    \"format\": \"%02d\",\n                    \"updateBehavior\": \"continuous\",\n                    \"id\": \"seconds\",\n                    \"formulas\": [$ -> o.text = $tempFields.choiceTimer.behavior.seconds],\n                    \"text\": \"\"\n                }\n            ]\n        },\n        {\n            \"type\": \"ui.VerticalScrollView\",\n            \"orientation\": \"vertical\",\n            \"sizeToFit\": true,\n            \"alignmentX\": 1,\n            \"frame\": [0, 30, Graphics.width, Graphics.height - 220],\n            \"margin\": [0, 200, 0, 0],\n            \"formulas\": [\n                $ -> if $gameMessageNVL.visible then o.dstRect.y = $gameMessageNVL_message.textRenderer.currentY + 20\n            ],\n            \"params\": {\n                \"dataField\": ($ -> $tempFields.choices),\n                \"template\": {\n                    \"type\": \"ui.FreeLayout\",\n                    \"id\": \"choiceEntry\",\n                    \"alignmentX\": \"center\",\n                    \"sizeToFit\": true,\n                    \"style\": \"choiceBoxEntry\",\n                    \"margin\": [0, 20, 0, 10],\n                    \"formulas\": [$ -> if @onInitialize then o.ui.enabled = $tempFields.choices[o.index].isEnabled],\n                    \"controls\":[\n                        {\n                            \"type\": \"ui.SelectableWindow\",\n                            \"frame\": [0, 0, 750, 50],\n                            \"inheritProperties\": true,\n                            \"params\": {\n                                \"action\": {\"name\": \"emitEvent\", \"params\": { \"name\": \"selectionAccept\", \"source\": ($ -> o.parent.parent.parent.parent.parent), \"data\": ($ -> $tempFields.choices[o.parent.parent.index]) }}\n                            },\n                            \"zIndex\": 4999\n                        },\n                        {\n                            \"type\": \"ui.Text\",\n                            \"inheritProperties\": true,\n                            \"formatting\": true,\n                            \"wordWrap\": false,\n                            \"sizeToFit\": true,\n                            \"styles\": [\"regularUIText\"],\n                            \"alignmentX\": 1,\n                            \"alignmentY\": 1,\n                            \"frame\": [0, 0],\n                            \"formulas\": [$ -> o.text = $tempFields.choices[o.parent.index].text],\n                            \"zIndex\": 5100\n                        }\n                    ]\n                }\n            }\n        }\n        \n    ]\n}","parentId":"2A0E8A67K5BAAA4D7AS9017ED220E9EFFCA7","folder":false,"compiledContent":"(function() {\n  ui.UiFactory.customTypes[\"ui.ChoiceBox\"] = {\n    \"type\": \"ui.FreeLayout\",\n    \"frame\": [0, 0, Graphics.width, Graphics.height],\n    \"controls\": [\n      {\n        \"type\": \"ui.StackLayout\",\n        \"sizeToFit\": true,\n        \"alignmentX\": 1,\n        \"alignmentY\": 0,\n        \"visible\": false,\n        \"formulas\": [\n          $(function() {\n            return o.visible = $tempFields.choiceTimer.behavior.isRunning && $tempFields.choiceTimerVisible;\n          })\n        ],\n        \"controls\": [\n          {\n            \"type\": \"ui.Text\",\n            \"style\": \"choiceTimerText\",\n            \"format\": \"%02d\",\n            \"sizeToFit\": true,\n            \"updateBehavior\": \"continuous\",\n            \"formulas\": [\n              $(function() {\n                return o.text = $tempFields.choiceTimer.behavior.minutes;\n              })\n            ],\n            \"text\": \"\"\n          }, {\n            \"type\": \"ui.Text\",\n            \"sizeToFit\": true,\n            \"style\": \"choiceTimerText\",\n            \"text\": \":\"\n          }, {\n            \"type\": \"ui.Text\",\n            \"style\": \"choiceTimerText\",\n            \"sizeToFit\": true,\n            \"format\": \"%02d\",\n            \"updateBehavior\": \"continuous\",\n            \"id\": \"seconds\",\n            \"formulas\": [\n              $(function() {\n                return o.text = $tempFields.choiceTimer.behavior.seconds;\n              })\n            ],\n            \"text\": \"\"\n          }\n        ]\n      }, {\n        \"type\": \"ui.VerticalScrollView\",\n        \"orientation\": \"vertical\",\n        \"sizeToFit\": true,\n        \"alignmentX\": 1,\n        \"frame\": [0, 30, Graphics.width, Graphics.height - 220],\n        \"margin\": [0, 200, 0, 0],\n        \"formulas\": [\n          $(function() {\n            if ($gameMessageNVL.visible) {\n              return o.dstRect.y = $gameMessageNVL_message.textRenderer.currentY + 20;\n            }\n          })\n        ],\n        \"params\": {\n          \"dataField\": $(function() {\n            return $tempFields.choices;\n          }),\n          \"template\": {\n            \"type\": \"ui.FreeLayout\",\n            \"id\": \"choiceEntry\",\n            \"alignmentX\": \"center\",\n            \"sizeToFit\": true,\n            \"style\": \"choiceBoxEntry\",\n            \"margin\": [0, 20, 0, 10],\n            \"formulas\": [\n              $(function() {\n                if (this.onInitialize) {\n                  return o.ui.enabled = $tempFields.choices[o.index].isEnabled;\n                }\n              })\n            ],\n            \"controls\": [\n              {\n                \"type\": \"ui.SelectableWindow\",\n                \"frame\": [0, 0, 750, 50],\n                \"inheritProperties\": true,\n                \"params\": {\n                  \"action\": {\n                    \"name\": \"emitEvent\",\n                    \"params\": {\n                      \"name\": \"selectionAccept\",\n                      \"source\": $(function() {\n                        return o.parent.parent.parent.parent.parent;\n                      }),\n                      \"data\": $(function() {\n                        return $tempFields.choices[o.parent.parent.index];\n                      })\n                    }\n                  }\n                },\n                \"zIndex\": 4999\n              }, {\n                \"type\": \"ui.Text\",\n                \"inheritProperties\": true,\n                \"formatting\": true,\n                \"wordWrap\": false,\n                \"sizeToFit\": true,\n                \"styles\": [\"regularUIText\"],\n                \"alignmentX\": 1,\n                \"alignmentY\": 1,\n                \"frame\": [0, 0],\n                \"formulas\": [\n                  $(function() {\n                    return o.text = $tempFields.choices[o.parent.index].text;\n                  })\n                ],\n                \"zIndex\": 5100\n              }\n            ]\n          }\n        }\n      }\n    ]\n  };\n\n}).call(this);\n","index":104},"summary":["name","type","order"]}