{"uid":"50F271DFKF1A8A4EF7S8963EFCD47E4251B0","isLoaded":true,"lastModificationTime":0,"items":{"windowTitle":"$$0B154C8E1B3B164154697313084074360E97","windowSize":{"w":400,"h":400},"sections":[{"include":"22E0BB326702B84AF95BEAC0E5D75E1A9858"},{"name":"$$9B8BB0A1KF746A4031S9AABE92F5A3AB5ED5","identifier":"positionSection","noBorder":false,"column":0,"items":[{"type":"GSRadioButton","identifier":"none","defaultValue":true,"text":"$$D7DC911DKCCB9A4DE9SBE26EBFCCA4CB0826","attribute":"action","value":0,"frame":[0,0],"group":"labels"},{"type":"GSRadioButton","identifier":"jumpTo","text":"$$A235787977C733443B3A4264217158BCAB70","attribute":"action","enableItems":["label"],"value":1,"frame":[0,1],"group":"labels"},{"type":"GSTextField","attribute":"label","identifier":"label","frame":[1,1]},{"type":"GSRadioButton","identifier":"call","enableItems":["commonEvent"],"text":"$$DC60B453K16ABA415CS8B37E98206BA93E3A","value":2,"attribute":"action","frame":[0,2],"group":"labels"},{"type":"GSDataRecordField","attribute":"commonEventId","identifier":"commonEvent","dataSource":"commonEvents","frame":[1,2]},{"type":"GSCheckBox","identifier":"bindToSwitch","enableItems":["switch"],"text":"$$6FB6C82D3E132340C06B35819EDFB2C3E873","attribute":"bindToSwitch","frame":[0,3],"group":"labels"},{"type":"GSVariablePopupField","identifier":"switch","dataSource":"booleans","attribute":"switch","frame":[1,3]},{"type":"GSCheckBox","identifier":"bindEnabledState","enableItems":["enabledSwitch"],"text":"Bind Enabled-State:","attribute":"bindEnabledState","frame":[0,4],"group":"labels"},{"type":"GSVariablePopupField","identifier":"enabledSwitch","dataSource":"booleans","attribute":"enabledSwitch","frame":[1,4]},{"type":"GSCheckBox","identifier":"finish","text":"$$B33C09F54C76014F67881408BA247E115D28","attribute":"finish","frame":[0,5],"group":"labels"}]}],"rawContent":"{\n    \"windowTitle\": \"$$0B154C8E1B3B164154697313084074360E97\",\n    \"windowSize\": {\n        \"w\": 400, \"h\": 400\n    },\n    \"sections\": [\n        { \"include\": \"22E0BB326702B84AF95BEAC0E5D75E1A9858\" },\n        {\n            \"name\": \"$$9B8BB0A1KF746A4031S9AABE92F5A3AB5ED5\",\n            \"identifier\": \"positionSection\",\n            \"noBorder\": false,\n            \"column\": 0,\n            \"items\": [\n                {\n                    \"type\": \"GSRadioButton\",\n                    \"identifier\": \"none\",\n                    \"defaultValue\": true,\n                    \"text\": \"$$D7DC911DKCCB9A4DE9SBE26EBFCCA4CB0826\",\n                    \"attribute\": \"action\",\n                    \"value\": 0,\n                    \"frame\": [0, 0],\n                    \"group\": \"labels\"\n                },\n                {\n                    \"type\": \"GSRadioButton\",\n                    \"identifier\": \"jumpTo\",\n                    \"text\": \"$$A235787977C733443B3A4264217158BCAB70\",\n                    \"attribute\": \"action\",\n                    \"enableItems\": [\"label\"],\n                    \"value\": 1,\n                    \"frame\": [0, 1],\n                    \"group\": \"labels\"\n                },\n                {\n                    \"type\": \"GSTextField\",\n                    \"attribute\": \"label\",\n                    \"identifier\": \"label\",\n                    \"frame\": [1, 1]\n                },\n                {\n                    \"type\": \"GSRadioButton\",\n                    \"identifier\": \"call\",\n                    \"enableItems\": [\"commonEvent\"],\n                    \"text\": \"$$DC60B453K16ABA415CS8B37E98206BA93E3A\",\n                    \"value\": 2,\n                    \"attribute\": \"action\",\n                    \"frame\": [0, 2],\n                    \"group\": \"labels\"\n                },\n                {\n                    \"type\": \"GSDataRecordField\",\n                    \"attribute\": \"commonEventId\",\n                    \"identifier\": \"commonEvent\",\n                    \"dataSource\": \"commonEvents\",\n                    \"frame\": [1, 2]\n                },\n                {\n                    \"type\": \"GSCheckBox\",\n                    \"identifier\": \"bindToSwitch\",\n                    \"enableItems\": [\"switch\"],\n                    \"text\": \"$$6FB6C82D3E132340C06B35819EDFB2C3E873\",\n                    \"attribute\": \"bindToSwitch\",\n                    \"frame\": [0, 3],\n                    \"group\": \"labels\"\n                },\n                {\n                    \"type\": \"GSVariablePopupField\",\n                    \"identifier\": \"switch\",\n                    \"dataSource\": \"booleans\",\n                    \"attribute\": \"switch\",\n                    \"frame\": [1, 3]\n                },\n                {\n                    \"type\": \"GSCheckBox\",\n                    \"identifier\": \"bindEnabledState\",\n                    \"enableItems\": [\"enabledSwitch\"],\n                    \"text\": \"Bind Enabled-State:\",\n                    \"attribute\": \"bindEnabledState\",\n                    \"frame\": [0, 4],\n                    \"group\": \"labels\"\n                },\n                {\n                    \"type\": \"GSVariablePopupField\",\n                    \"identifier\": \"enabledSwitch\",\n                    \"dataSource\": \"booleans\",\n                    \"attribute\": \"enabledSwitch\",\n                    \"frame\": [1, 4]\n                },\n                {\n                    \"type\": \"GSCheckBox\",\n                    \"identifier\": \"finish\",\n                    \"text\": \"$$B33C09F54C76014F67881408BA247E115D28\",\n                    \"attribute\": \"finish\",\n                    \"frame\": [0, 5],\n                    \"group\": \"labels\"\n                }\n            ]\n        }\n    ]\n}","name":"Image Map Hotspot Properties","type":"custom_view","parentId":"AC1ABDCBK050BA4863S9964E3DC378247DAD","order":13},"summary":["name","type"]}