{"uid":"526F1282K9B0FA4EDAS9FD5EAC47C4FC0D10","isLoaded":true,"lastModificationTime":0,"items":{"parentId":"AC1ABDCBK050BA4863S9964E3DC378247DAD","name":"Select Chapter","type":"custom_view","windowSize":{"w":500},"sections":[{"name":"Chapter","noBorder":true,"items":[{"type":"GSDocumentTree","rootHidden":true,"controller":"GSVNSceneTreeController","attribute":"chapter","documentTypes":["vn.chapter"],"frame":[0,0,-1,300]}]}],"rawContent":"{\n    \"parentId\": \"AC1ABDCBK050BA4863S9964E3DC378247DAD\",\n    \"windowTitle\": \"$$97BE81633CEF424C849BA933FDD4F5F595F5\",\n    \"type\": \"custom_view\",\n    \"windowSize\": {\n        \"w\": 500\n    },\n    \"sections\": [\n        {\n            \"name\": \"Chapter\",\n            \"noBorder\": true,\n            \"items\": [\n                {\n                    \"type\": \"GSDocumentTree\",\n                    \"rootHidden\": true,\n                    \"controller\": \"GSVNSceneTreeController\",\n                    \"attribute\": \"chapter\",\n                    \"documentTypes\": [\"vn.chapter\"],\n                    \"frame\": [0, 0, -1, 300]\n                }\n            ]\n        }\n    ]\n}","order":29},"summary":["name","type"]}