{"uid":"58DE641BK85D1A431FSB93CED32C528832FD","isLoaded":true,"lastModificationTime":0,"items":{"name":"Template_InputTextBox","type":"game_script","order":5,"content":"ui.UiFactory.customTypes[\"ui.InputTextBox\"] = {\n    \"type\": \"ui.FreeLayout\",\n    \"frame\": [0, 0, Graphics.width, Graphics.height],\n    \"controls\": [\n        {\n            \"type\": \"ui.FreeLayout\",\n            \"sizeToFit\": true,\n            \"alignmentX\": \"center\",\n            \"frame\": [0, 10],\n            \"zIndex\": 1000,\n            \"controls\": [\n                {\n                    \"type\": \"ui.FreeLayout\",\n                    \"sizeToFit\": true,\n                    \"controls\": [\n                        {\n                            \"type\": \"ui.Window\",\n                            \"frame\": [0, 0, \"MAX($tempFields.letters * 110, 900)\", 490],\n                            \"zIndex\": 5\n                        },\n                        {\n                            \"type\": \"ui.Panel\",\n                            \"style\": \"windowSubPanel\",\n                            \"frame\": [\"MAX($tempFields.letters * 110, 900) - 130\", 180, 130, 470 - 160],\n                            \"zIndex\": 10\n                        },\n                        {\n                            \"type\": \"ui.Panel\",\n                            \"color\": [111, 111, 111],\n                            \"frame\": [0, 180, \"MAX($tempFields.letters * 110, 900)\", 1],\n                            \"zIndex\": 10\n                        },\n                        {\n                            \"type\": \"ui.Text\",\n                            \"styles\": [\"regularUIText\"],\n                            \"sizeToFit\": true,\n                            \"text\": \"Text Entry\",\n                            \"zIndex\": 10,\n                            \"frame\": [20, 15]\n                        },\n                        {\n                            \"type\": \"ui.StackLayout\",\n                            \"components\": [{ \"id\": \"textInput\", \"type\": \"Component_TextInput\", \"params\": { \"letters\": ($ -> $tempFields.letters) } }],\n                            \"sizeToFit\": true,\n                            \"id\": \"textField\",\n                            \"zIndex\": 10,\n                            \"alignmentX\": \"center\",\n                            \"frame\": [12, 50],\n                            \"dataField\": $ -> $tempFields.letters\n                            \"template\": {\n                                \"type\": \"ui.FreeLayout\",\n                                \"margin\": [5, 5, 5, 5],\n                                \"sizeToFit\": true,\n                                \"controls\": [\n                                    {\n                                        \"type\": \"ui.Image\",\n                                        \"image\": \"entrybox\"\n                                    },\n                                    {\n                                        \"type\": \"ui.Text\",\n                                        \"frame\": [0, 0],\n                                        \"sizeToFit\": true,\n                                        \"alignmentX\": \"center\",\n                                        \"alignmentY\": \"center\",\n                                        \"color\": [0, 0, 0, 0],\n                                        \"style\": \"textInputEntryText\",\n                                        \"text\": \"\"\n                                    }\n                                ]\n                            }\n                        }\n                    ]\n                },\n                {\n                    \"type\": \"ui.GridLayout\",\n                    \"sizeToFit\": true,\n                    \"id\": \"charPage1_1\",\n                    \"rows\": 6,\n                    \"order\": 10,\n                    \"columns\": 5,\n                    \"alignmentY\": 0,\n                    \"frame\": [30, 185],\n                    \"cellSpacing\": [0, 0, 20, 0],\n                    \"controls\": $ -> $dataFields.textInputPages[0]\n                },\n                {\n                    \"type\": \"ui.GridLayout\",\n                    \"id\": \"charPage1_2\",\n                    \"sizeToFit\": true,\n                    \"rows\": 6,\n                    \"columns\": 5,\n                    \"alignmentY\": 0,\n                    \"frame\": [420, 185],\n                    \"cellSpacing\": [0, 0, 20, 0],\n                    \"controls\": $ -> $dataFields.textInputPages[1]\n                },\n                {\n                    \"type\": \"ui.GridLayout\",\n                    \"sizeToFit\": true,\n                    \"id\": \"charPage2_1\",\n                    \"visible\": false,\n                    \"rows\": 6,\n                    \"order\": 10,\n                    \"columns\": 5,\n                    \"alignmentY\": 0,\n                    \"frame\": [30, 185],\n                    \"cellSpacing\": [0, 0, 20, 0],\n                    \"controls\": $ -> $dataFields.textInputPages[2]\n                },\n                {\n                    \"type\": \"ui.GridLayout\",\n                    \"id\": \"charPage2_2\",\n                    \"visible\": false,\n                    \"sizeToFit\": true,\n                    \"rows\": 6,\n                    \"columns\": 5,\n                    \"alignmentY\": 0,\n                    \"frame\": [420, 185],\n                    \"cellSpacing\": [0, 0, 20, 0],\n                    \"controls\": $ -> $dataFields.textInputPages[3]\n                },\n                {\n                    \"type\": \"ui.TextBackspace\", \"params\": { \"target\": ($ -> 'textField.textInput') },\n                    \"frame\": [\"100% - 120\", 260]\n                },\n                {\n                    \"type\": \"ui.TextAccept\",\n                    \"frame\": [\"100% - 120\", 200]\n                },\n                {\n                    \"type\": \"ui.Text\",\n                    \"sizeToFit\": true,\n                    \"styles\": [\"regularUIText\"],\n                    \"frame\": [\"100% - 120\", 320],\n                    \"text\": \"Page\",\n                    \"zIndex\": 5000,\n                    \"components\": [{ \"type\": \"Component_HotspotBehavior\", \"params\": {} }],\n                    \"action\": {\"name\": \"executeFormulas\", \"params\": [\n                        $ -> $charPage1_1.visible = !$charPage1_1.visible\n                        $ -> $charPage1_2.visible = !$charPage1_2.visible\n                        $ -> $charPage2_1.visible = !$charPage2_1.visible\n                        $ -> $charPage2_2.visible = !$charPage2_2.visible\n                    ] }\n                }\n            ]\n        }\n    ]\n}\n\nui.UiFactory.customTypes[\"ui.Letter\"] = {\n    \"type\": \"ui.FreeLayout\",\n    \"sizeToFit\": true,\n    \"controls\": [\n        {\n            \"type\": \"ui.Frame\",\n            \"images\": [\"\", \"selection\", \"\", \"\", \"\"],\n            \"components\": [{ \"type\": \"Component_HotspotBehavior\", \"params\": {} }],\n            \"zIndex\": 5000,\n            \"padding\": [-16, -16, -16, -16],\n            \"frame\": [0, 0, 50, 50],\n            \"actions\": [{\"name\": \"action_addLetter\", \"target\": (-> p.target), \"params\": { \"letter\": (-> p.text) } }]\n        },\n        {\n            \"type\": \"ui.Text\",\n            \"sizeToFit\": true,\n            \"alignmentX\": \"center\",\n            \"alignmentY\": \"center\"\n            \"style\": \"textInputLetterText\",\n            \"text\": -> p.text\n            \"zIndex\": 5000\n        }\n    ]\n}\nui.UiFactory.customTypes[\"ui.TextBackspace\"] = {\n    \"type\": \"ui.FreeLayout\",\n    \"sizeToFit\": true,\n    \"controls\": [\n        {\n            \"type\": \"ui.Text\",\n            \"sizeToFit\": true,\n            \"styles\": [\"regularUIText\"],\n            \"text\": \"Back\",\n            \"zIndex\": 5000,\n            \"components\": [{ \"type\": \"Component_HotspotBehavior\", \"params\": {} }],\n            \"action\": {\"name\": \"action_removeLetter\", \"target\": (-> p.target), \"params\": { \"letter\": (-> p.text) } }\n        }\n    ]\n}\nui.UiFactory.customTypes[\"ui.TextAccept\"] = {\n    \"type\": \"ui.FreeLayout\",\n    \"sizeToFit\": true,\n    \"controls\": [\n        {\n            \"type\": \"ui.Text\",\n            \"sizeToFit\": true,\n            \"styles\": [\"regularUIText\"],\n            \"text\": \"Confirm\",\n            \"zIndex\": 5000,\n            \"components\": [{ \"type\": \"Component_HotspotBehavior\", \"params\": {} }],\n            \"action\": {\"name\": \"emitEvent\", \"params\": { \"name\": \"accept\", \"source\": ($ -> o.parent.parent.parent), \"data\": { \"text\": (-> $textField.textInput.text) } } }\n        }\n    ]\n}","parentId":"2A0E8A67K5BAAA4D7AS9017ED220E9EFFCA7","folder":false,"compiledContent":"(function() {\n  ui.UiFactory.customTypes[\"ui.InputTextBox\"] = {\n    \"type\": \"ui.FreeLayout\",\n    \"frame\": [0, 0, Graphics.width, Graphics.height],\n    \"controls\": [\n      {\n        \"type\": \"ui.FreeLayout\",\n        \"sizeToFit\": true,\n        \"alignmentX\": \"center\",\n        \"frame\": [0, 10],\n        \"zIndex\": 1000,\n        \"controls\": [\n          {\n            \"type\": \"ui.FreeLayout\",\n            \"sizeToFit\": true,\n            \"controls\": [\n              {\n                \"type\": \"ui.Window\",\n                \"frame\": [0, 0, \"MAX($tempFields.letters * 110, 900)\", 490],\n                \"zIndex\": 5\n              }, {\n                \"type\": \"ui.Panel\",\n                \"style\": \"windowSubPanel\",\n                \"frame\": [\"MAX($tempFields.letters * 110, 900) - 130\", 180, 130, 470 - 160],\n                \"zIndex\": 10\n              }, {\n                \"type\": \"ui.Panel\",\n                \"color\": [111, 111, 111],\n                \"frame\": [0, 180, \"MAX($tempFields.letters * 110, 900)\", 1],\n                \"zIndex\": 10\n              }, {\n                \"type\": \"ui.Text\",\n                \"styles\": [\"regularUIText\"],\n                \"sizeToFit\": true,\n                \"text\": \"Text Entry\",\n                \"zIndex\": 10,\n                \"frame\": [20, 15]\n              }, {\n                \"type\": \"ui.StackLayout\",\n                \"components\": [\n                  {\n                    \"id\": \"textInput\",\n                    \"type\": \"Component_TextInput\",\n                    \"params\": {\n                      \"letters\": $(function() {\n                        return $tempFields.letters;\n                      })\n                    }\n                  }\n                ],\n                \"sizeToFit\": true,\n                \"id\": \"textField\",\n                \"zIndex\": 10,\n                \"alignmentX\": \"center\",\n                \"frame\": [12, 50],\n                \"dataField\": $(function() {\n                  return $tempFields.letters;\n                }),\n                \"template\": {\n                  \"type\": \"ui.FreeLayout\",\n                  \"margin\": [5, 5, 5, 5],\n                  \"sizeToFit\": true,\n                  \"controls\": [\n                    {\n                      \"type\": \"ui.Image\",\n                      \"image\": \"entrybox\"\n                    }, {\n                      \"type\": \"ui.Text\",\n                      \"frame\": [0, 0],\n                      \"sizeToFit\": true,\n                      \"alignmentX\": \"center\",\n                      \"alignmentY\": \"center\",\n                      \"color\": [0, 0, 0, 0],\n                      \"style\": \"textInputEntryText\",\n                      \"text\": \"\"\n                    }\n                  ]\n                }\n              }\n            ]\n          }, {\n            \"type\": \"ui.GridLayout\",\n            \"sizeToFit\": true,\n            \"id\": \"charPage1_1\",\n            \"rows\": 6,\n            \"order\": 10,\n            \"columns\": 5,\n            \"alignmentY\": 0,\n            \"frame\": [30, 185],\n            \"cellSpacing\": [0, 0, 20, 0],\n            \"controls\": $(function() {\n              return $dataFields.textInputPages[0];\n            })\n          }, {\n            \"type\": \"ui.GridLayout\",\n            \"id\": \"charPage1_2\",\n            \"sizeToFit\": true,\n            \"rows\": 6,\n            \"columns\": 5,\n            \"alignmentY\": 0,\n            \"frame\": [420, 185],\n            \"cellSpacing\": [0, 0, 20, 0],\n            \"controls\": $(function() {\n              return $dataFields.textInputPages[1];\n            })\n          }, {\n            \"type\": \"ui.GridLayout\",\n            \"sizeToFit\": true,\n            \"id\": \"charPage2_1\",\n            \"visible\": false,\n            \"rows\": 6,\n            \"order\": 10,\n            \"columns\": 5,\n            \"alignmentY\": 0,\n            \"frame\": [30, 185],\n            \"cellSpacing\": [0, 0, 20, 0],\n            \"controls\": $(function() {\n              return $dataFields.textInputPages[2];\n            })\n          }, {\n            \"type\": \"ui.GridLayout\",\n            \"id\": \"charPage2_2\",\n            \"visible\": false,\n            \"sizeToFit\": true,\n            \"rows\": 6,\n            \"columns\": 5,\n            \"alignmentY\": 0,\n            \"frame\": [420, 185],\n            \"cellSpacing\": [0, 0, 20, 0],\n            \"controls\": $(function() {\n              return $dataFields.textInputPages[3];\n            })\n          }, {\n            \"type\": \"ui.TextBackspace\",\n            \"params\": {\n              \"target\": $(function() {\n                return 'textField.textInput';\n              })\n            },\n            \"frame\": [\"100% - 120\", 260]\n          }, {\n            \"type\": \"ui.TextAccept\",\n            \"frame\": [\"100% - 120\", 200]\n          }, {\n            \"type\": \"ui.Text\",\n            \"sizeToFit\": true,\n            \"styles\": [\"regularUIText\"],\n            \"frame\": [\"100% - 120\", 320],\n            \"text\": \"Page\",\n            \"zIndex\": 5000,\n            \"components\": [\n              {\n                \"type\": \"Component_HotspotBehavior\",\n                \"params\": {}\n              }\n            ],\n            \"action\": {\n              \"name\": \"executeFormulas\",\n              \"params\": [\n                $(function() {\n                  return $charPage1_1.visible = !$charPage1_1.visible;\n                }), $(function() {\n                  return $charPage1_2.visible = !$charPage1_2.visible;\n                }), $(function() {\n                  return $charPage2_1.visible = !$charPage2_1.visible;\n                }), $(function() {\n                  return $charPage2_2.visible = !$charPage2_2.visible;\n                })\n              ]\n            }\n          }\n        ]\n      }\n    ]\n  };\n\n  ui.UiFactory.customTypes[\"ui.Letter\"] = {\n    \"type\": \"ui.FreeLayout\",\n    \"sizeToFit\": true,\n    \"controls\": [\n      {\n        \"type\": \"ui.Frame\",\n        \"images\": [\"\", \"selection\", \"\", \"\", \"\"],\n        \"components\": [\n          {\n            \"type\": \"Component_HotspotBehavior\",\n            \"params\": {}\n          }\n        ],\n        \"zIndex\": 5000,\n        \"padding\": [-16, -16, -16, -16],\n        \"frame\": [0, 0, 50, 50],\n        \"actions\": [\n          {\n            \"name\": \"action_addLetter\",\n            \"target\": (function() {\n              return p.target;\n            }),\n            \"params\": {\n              \"letter\": (function() {\n                return p.text;\n              })\n            }\n          }\n        ]\n      }, {\n        \"type\": \"ui.Text\",\n        \"sizeToFit\": true,\n        \"alignmentX\": \"center\",\n        \"alignmentY\": \"center\",\n        \"style\": \"textInputLetterText\",\n        \"text\": function() {\n          return p.text;\n        },\n        \"zIndex\": 5000\n      }\n    ]\n  };\n\n  ui.UiFactory.customTypes[\"ui.TextBackspace\"] = {\n    \"type\": \"ui.FreeLayout\",\n    \"sizeToFit\": true,\n    \"controls\": [\n      {\n        \"type\": \"ui.Text\",\n        \"sizeToFit\": true,\n        \"styles\": [\"regularUIText\"],\n        \"text\": \"Back\",\n        \"zIndex\": 5000,\n        \"components\": [\n          {\n            \"type\": \"Component_HotspotBehavior\",\n            \"params\": {}\n          }\n        ],\n        \"action\": {\n          \"name\": \"action_removeLetter\",\n          \"target\": (function() {\n            return p.target;\n          }),\n          \"params\": {\n            \"letter\": (function() {\n              return p.text;\n            })\n          }\n        }\n      }\n    ]\n  };\n\n  ui.UiFactory.customTypes[\"ui.TextAccept\"] = {\n    \"type\": \"ui.FreeLayout\",\n    \"sizeToFit\": true,\n    \"controls\": [\n      {\n        \"type\": \"ui.Text\",\n        \"sizeToFit\": true,\n        \"styles\": [\"regularUIText\"],\n        \"text\": \"Confirm\",\n        \"zIndex\": 5000,\n        \"components\": [\n          {\n            \"type\": \"Component_HotspotBehavior\",\n            \"params\": {}\n          }\n        ],\n        \"action\": {\n          \"name\": \"emitEvent\",\n          \"params\": {\n            \"name\": \"accept\",\n            \"source\": $(function() {\n              return o.parent.parent.parent;\n            }),\n            \"data\": {\n              \"text\": (function() {\n                return $textField.textInput.text;\n              })\n            }\n          }\n        }\n      }\n    ]\n  };\n\n}).call(this);\n","index":65},"summary":["name","type","order"]}