{"uid":"59DDDB62K0124A4D63S86D1E480B054A65A4","isLoaded":true,"lastModificationTime":0,"items":{"parentId":"AAC731FDK40F7A4B4CSA1D9E425BC2784C57","displayName":"$$D5FED339653B9844E42956654157A60A22FD","windowTitle":"Live2D Move","title":"Move","type":"event_command","id":"vn.L2DMove","requiresThirdPartyComponents":["live2d"],"group":"$$49C76C7F1C2EE8468B1BA2884C6A06B3C241","color":"orange","columns":[-1,250],"nodes":[],"defaultValue":{"predefinedPositionId":0,"characterId":0,"model":null,"positionType":0,"motionBlur":{"enabled":0,"delay":2,"opacity":100,"dissolveSpeed":3},"position":{"x":0,"y":0,"zoom":{"x":1,"y":1,"d":1}},"animation":{"type":0,"movement":0,"mask":{"graphic":null,"vague":30}},"easing":{"type":0,"inOut":0},"duration":0,"waitForCompletion":0},"inlineImage":{"formula":"return !GSIsNull(p.expressionId) ? GS.VN.resourceForExpression(p.expressionId) : GS.VN.resourceForCharacter(p.characterId)","folder":"Graphics/Characters"},"quickItems":[{"label":"$$1CCE5315K1F61A4059SBC64E0B6CECA383C3","valueFormula":"return fmtRecord('characters', p.characterId)","attribute":"characterId","identifier":"character","variableButton":{"dataSource":"numbers"},"type":"GSQDataRecordField","dataSource":"characters"},{"label":"$$82F2307A8F685345E51BB749FF2D32C44050","valueFormula":"return fmtResource(p.model);","attribute":"model","identifier":"model","type":"GSQPopupField","dataAttribute":"resource","dialog":{"uid":"dialog.selectGraphicResource","parameters":{"folder":"Live2D"}}},{"label":"$$P31","type":"GSQPopupField","valueFormula":"return GS.CONST.GRAPHIC_POSITION_TYPES[p.positionType]","attribute":"positionType","dataSource":["$$52E2B8291E58F74BCA0BCAB906C31A14C8E8","$$EDA8FFF8758AE841037B2DB13D815982AF4D","$$7975782B2E59994D107B13C1801F5A299E12"],"showItems":[["predefinedPositionId"],["position"],["x","y"]]},{"label":"","valueFormula":"return p.position.x + ', ' + p.position.y;","type":"GSQPopupField","dialog":{"uid":"5CF7F076K8348A4EC6S84F9E9CACCBA5AC09","bindings":[{"source":"model","to":"local","target":"data.resource"}]},"attribute":"position","dataAttributes":["position","previewBackground"]},{"label":"","valueFormula":"return GS.VN.textForPredefinedObjectPosition(p.predefinedPositionId);","type":"GSQPopupField","dataSource":{"sourceFormula":"return GS.VN.predefinedObjectPositionList()"},"attribute":"predefinedPositionId"},{"label":"X","variableButton":{"dataSource":"numbers"},"type":"GSQStepper","identifier":"x","attribute":"position.x","minimum":-9999999,"maximum":9999999},{"label":"Y","variableButton":{"dataSource":"numbers"},"type":"GSQStepper","identifier":"y","attribute":"position.y","minimum":-9999999,"maximum":9999999},{"label":"$$0BD2456DK1DA1A4C2DS9C03EAC7A2C6C7815","valueFormula":"return fmtDuration(fmtNumVar(p.duration))","valueTranslator":{"write":"return v / 1000 * GS.CONST.GAME_FRAME_RATE","read":"return ROUND(v / GS.CONST.GAME_FRAME_RATE * 1000)"},"type":"GSQStepper","attribute":"duration","identifier":"duration","variableButton":{"dataSource":"numbers"},"minimum":0,"maximum":9999999},{"type":"GSQPopupField","attribute":"waitForCompletion","identifier":"waitForCompletion","dataSource":["$$2EA7A7BF12D3404F62094CA6644784A9FC40","$$97A5E676K2351A43FCSB0DFEBB5CF7A73243"],"valueFormula":"return (p.waitForCompletion ? lcs('97A5E676K2351A43FCSB0DFEBB5CF7A73243') : lcs('2EA7A7BF12D3404F62094CA6644784A9FC40'))"}],"expandedView":{"columns":[{"sections":[{"label":"Effects","rows":[{"items":[{"label":"Easing","type":"GSQPopupField","attribute":"easing.type","lockable":true,"width":"50%","dataSource":["$$B04840A62C08B644918821142386D7EEB014","$$99D9039B6FF24440998B5ED62A44E25D562A","$$6DB3AC545EBEF747C56BB237892A2FE7DC6A","$$087E67D05860D644FC9A87C91B303A91E774","$$5101E7646B6A284EC5385FF42CC39E29BC20","$$9DEB76CD12AA024F65384215C8DF97C64463","$$757243FE807A124F5058CEA6DC72BB24F1AD","$$22D2BB118D79E248023904E4E5DCF459C2B2"],"valueFormula":"return GS.CONST.EASING_TYPES[p.easing.type]"},{"label":"","width":"auto","type":"GSQPopupField","attribute":"easing.inOut","dataSource":["$$19C38D481D2B4947845AFB426AA83A22A24E","$$636489127D19D648ED6BB357549054B90E98","$$03359F826080274E018A4693CE01C765D700"],"valueFormula":"return GS.CONST.EASING_IN_OUT[p.easing.inOut]"}]}]}]}]},"sections":[],"rawContent":"{\n    \"parentId\": \"AFAD6CEFK59C1A4298SBABFE7AEC1B964622\",\n    \"displayName\": \"$$D5FED339653B9844E42956654157A60A22FD\",\n    \"windowTitle\": \"Live2D Move\",\n    \"title\": \"Move\",\n    \"type\": \"event_command\",\n    \"id\": \"vn.L2DMove\",\n    \"requiresThirdPartyComponents\": [\"live2d\"],\n    \"group\": \"$$49C76C7F1C2EE8468B1BA2884C6A06B3C241\",\n    \"color\": \"orange\",\n    \"columns\": [-1, 250],\n    \"nodes\": [\n    ],\n    \"defaultValue\": { \"predefinedPositionId\": 0, \"characterId\": 0, \"model\": null, \"positionType\": 0, \"motionBlur\": GS.CONST.DEFAULT_MOTION_BLUR_DATA, \"position\": { \"x\": 0, \"y\": 0, \"zoom\": { \"x\": 1, \"y\": 1, \"d\": 1 } }, \"animation\": GS.CONST.DEFAULT_APPEARANCE_ANIMATION_DATA, \"easing\": { \"type\": 0, \"inOut\": 0 }, \"duration\": 0, \"waitForCompletion\": 0},\n    \"inlineImage\": { \n        \"formula\": \"return !GSIsNull(p.expressionId) ? GS.VN.resourceForExpression(p.expressionId) : GS.VN.resourceForCharacter(p.characterId)\", \n        \"folder\": \"Graphics/Characters\"\n    },\n    \"quickItems\": [\n        GSQ.CONTROLS.CHARACTER_SELECTION,\n        {\n            \"label\": \"$$82F2307A8F685345E51BB749FF2D32C44050\",\n            \"valueFormula\": \"return fmtResource(p.model);\",\n            \"attribute\": \"model\",\n            \"identifier\": \"model\",\n            \"type\": \"GSQPopupField\",\n            \"dataAttribute\": \"resource\",\n            \"dialog\": { \"uid\": \"dialog.selectGraphicResource\", \"parameters\": { \"folder\": \"Live2D\" }}\n        },\n        GSQ.CONTROLS.GRAPHIC_POSITION_TYPE,\n        {\n            \"label\": \"\",\n            \"valueFormula\": \"return p.position.x + ', ' + p.position.y;\",\n            \"type\": \"GSQPopupField\",\n            \"dialog\": { \"uid\": \"5CF7F076K8348A4EC6S84F9E9CACCBA5AC09\", \"bindings\": [{ \"source\": \"model\", \"to\": \"local\", \"target\": \"data.resource\" }] },\n            \"attribute\": \"position\",\n            \"dataAttributes\": [\"position\", \"previewBackground\"]\n        },\n        GSQ.CONTROLS.CREATE_PREDEFINED_OBJECT_POSITION(),\n        GSQ.CONTROLS.GRAPHIC_POSITION_X,\n        GSQ.CONTROLS.GRAPHIC_POSITION_Y,\n        GSQ.CONTROLS.DURATION,\n        GSQ.CONTROLS.WAIT_FOR_COMPLETION\n        \n    ],\n    \"expandedView\": {\n        \"columns\": [\n            {\n                \"sections\": [\n                    {\n                        \"label\": \"Effects\",\n                        \"rows\": [\n                            GSQ.ROWS.EASING\n                        ]\n                    } \n                ]\n            }\n        ]\n        \n    },\n    \"sections\": [\n    ]\n}","name":"Live2D Move","order":4},"summary":["name","type"]}