{"uid":"5AE1AE10K6175A45F6SA833EBC4F5F0C9AEE","isLoaded":true,"lastModificationTime":0,"items":{"name":"Check Text","type":"event_command","displayName":"$$1E4278B669969640628BE385259A498BF5EA","id":"gs.CheckTextVariable","group":"$$2DCE5AEAK657FA4F5BS8EC3EA543DC123D24","defaultValue":{"targetVariable":{"scope":1,"index":0},"operation":0,"value":"","label":""},"quickItems":[{"label":"$$9B944D2D4639444AA19AE865CF9A2A740205","valueFormula":"return fmtStrVar(p.targetVariable)","attribute":"targetVariable","type":"GSQPopupField","dialog":{"uid":"dialog.selectVariable","parameters":{"dataSource":"strings"}}},{"label":"$$C5EB04527677A744804A8F85744C8BE285F3","valueFormula":"return GS.CONST.COMPARE_OPERATIONS[p.operation]","attribute":"operation","type":"GSQPopupField","dataSource":["Equal to","Not equal to","Greater than","Greater or equal to","Lesser than","Lesser or equal to"]},{"label":"$$CEA96B0BK6FBBA416BSB00FEDF96A1248489","variableButton":{"dataSource":"strings"},"valueFormula":"return fmtStrVar(p.value || lcs('CEA96B0BK6FBBA416BSB00FEDF96A1248489'))","attribute":"value","type":"GSQTextArea","multiline":false},{"label":"$$A28F7E4D5EB8774F7178B5A7157571D193FB","valueFormula":"return p.label || lcs('DE90FBDDKDCE8A4CAASA1C1E982F7D417C1C')","attribute":"label","type":"GSQTextArea","multiline":false}],"rawContent":"{\n    \"displayName\": \"$$1E4278B669969640628BE385259A498BF5EA\",\n    \"id\": \"gs.CheckTextVariable\",\n    \"group\": \"$$2DCE5AEAK657FA4F5BS8EC3EA543DC123D24\",\n    \"defaultValue\": { \"targetVariable\": { \"scope\": 1, \"index\": 0 }, \"operation\": 0, \"value\": \"\", \"label\": \"\" },\n    \"quickItems\": [\n        {\n            \"label\": \"$$9B944D2D4639444AA19AE865CF9A2A740205\",\n            \"valueFormula\": \"return fmtStrVar(p.targetVariable)\",\n            \"attribute\": \"targetVariable\",\n            \"type\": \"GSQPopupField\",\n            \"dialog\": { \"uid\": \"dialog.selectVariable\", \"parameters\": { \"dataSource\": \"strings\" }}\n        },\n        {\n            \"label\": \"$$C5EB04527677A744804A8F85744C8BE285F3\",\n            \"valueFormula\": \"return GS.CONST.COMPARE_OPERATIONS[p.operation]\",\n            \"attribute\": \"operation\",\n            \"type\": \"GSQPopupField\",\n            \"dataSource\": GS.CONST.COMPARE_OPERATIONS\n        },\n        {\n            \"label\": \"$$CEA96B0BK6FBBA416BSB00FEDF96A1248489\",\n            \"variableButton\": {\"dataSource\": \"strings\"},\n            \"valueFormula\": \"return fmtStrVar(p.value || lcs('CEA96B0BK6FBBA416BSB00FEDF96A1248489'))\",\n            \"attribute\": \"value\",\n            \"type\": \"GSQTextArea\",\n            \"multiline\": false\n        },\n        {\n            \"label\": \"$$A28F7E4D5EB8774F7178B5A7157571D193FB\",\n            \"valueFormula\": \"return p.label || lcs('DE90FBDDKDCE8A4CAASA1C1E982F7D417C1C')\",\n            \"attribute\": \"label\",\n            \"type\": \"GSQTextArea\",\n            \"multiline\": false\n        }\n    ]\n}","parentId":"97163D89K8F9DA45ADSA51CE47DE4ECE311C","order":12},"summary":["name","type"]}