{"uid":"5B9AEFDBKEE0EA4E06SB156E261605272FEA","isLoaded":true,"lastModificationTime":0,"items":{"name":"Object_Image","type":"game_script","order":11,"content":"# ===================================================================\n#\n#   Script: Object_Image\n#\n#   $$COPYRIGHT$$\n#\n# ===================================================================\nclass Object_Image extends ui.Object_UIElement\n    ###*\n    * An UI image object to display an image on screen.\n    *\n    * @module ui\n    * @class Object_Image\n    * @extends ui.Object_UIElement\n    * @memberof ui\n    * @constructor\n    ###  \n    constructor: (imageName, imageHandling) ->\n        super\n        \n        \n        ###*\n        * The UI object's source rectangle on screen.\n        * @property srcRect\n        * @type gs.Rect\n        ###\n        @srcRect = null\n        \n        ###*\n        * The UI object's rotation-angle in degrees. The rotation center depends on the\n        * anchor-point.\n        * @property angle\n        * @type number\n        ###\n        @angle = 0\n        \n        ###*\n        * The UI object's visual-component to display the game object on screen.\n        * @property visual\n        * @type gs.Component_Sprite\n        ###\n        @visual = new gs.Component_Sprite()\n        \n        ###*\n        * The UI object's bitmap used for visual presentation.\n        * @property bitmap\n        * @type gs.Bitmap\n        ###\n        if imageName && imageName[0] == \"$\"\n            @bitmap = ResourceManager.getBitmap(imageName)\n        else    \n            @bitmap = ResourceManager.getBitmap(\"Graphics/Pictures/#{imageName}\")\n        \n        if @bitmap?\n            if imageHandling == 1\n                @srcRect = new Rect(0, @bitmap.height / 2, @bitmap.width, @bitmap.height / 2)\n            else\n                @srcRect = new Rect(0, 0, @bitmap.width || 1, @bitmap.height || 1)\n            @dstRect.set(0, 0, @srcRect.width || 1, @srcRect.height || 1)\n        else\n            @srcRect = new Rect(0, 0, 1, 1)\n            @dstRect.set(0, 0, 1, 1)\n        \n        @addComponent(@visual)\n        \nui.Object_Image = Object_Image","parentId":"4F9670D7KD392A494FS953DE4377B04AA7A6","folder":false,"compiledContent":"(function() {\n  var Object_Image,\n    extend = function(child, parent) { for (var key in parent) { if (hasProp.call(parent, key)) child[key] = parent[key]; } function ctor() { this.constructor = child; } ctor.prototype = parent.prototype; child.prototype = new ctor(); child.__super__ = parent.prototype; return child; },\n    hasProp = {}.hasOwnProperty;\n\n  Object_Image = (function(superClass) {\n    extend(Object_Image, superClass);\n\n\n    /**\n    * An UI image object to display an image on screen.\n    *\n    * @module ui\n    * @class Object_Image\n    * @extends ui.Object_UIElement\n    * @memberof ui\n    * @constructor\n     */\n\n    function Object_Image(imageName, imageHandling) {\n      Object_Image.__super__.constructor.apply(this, arguments);\n\n      /**\n      * The UI object's source rectangle on screen.\n      * @property srcRect\n      * @type gs.Rect\n       */\n      this.srcRect = null;\n\n      /**\n      * The UI object's rotation-angle in degrees. The rotation center depends on the\n      * anchor-point.\n      * @property angle\n      * @type number\n       */\n      this.angle = 0;\n\n      /**\n      * The UI object's visual-component to display the game object on screen.\n      * @property visual\n      * @type gs.Component_Sprite\n       */\n      this.visual = new gs.Component_Sprite();\n\n      /**\n      * The UI object's bitmap used for visual presentation.\n      * @property bitmap\n      * @type gs.Bitmap\n       */\n      if (imageName && imageName[0] === \"$\") {\n        this.bitmap = ResourceManager.getBitmap(imageName);\n      } else {\n        this.bitmap = ResourceManager.getBitmap(\"Graphics/Pictures/\" + imageName);\n      }\n      if (this.bitmap != null) {\n        if (imageHandling === 1) {\n          this.srcRect = new Rect(0, this.bitmap.height / 2, this.bitmap.width, this.bitmap.height / 2);\n        } else {\n          this.srcRect = new Rect(0, 0, this.bitmap.width || 1, this.bitmap.height || 1);\n        }\n        this.dstRect.set(0, 0, this.srcRect.width || 1, this.srcRect.height || 1);\n      } else {\n        this.srcRect = new Rect(0, 0, 1, 1);\n        this.dstRect.set(0, 0, 1, 1);\n      }\n      this.addComponent(this.visual);\n    }\n\n    return Object_Image;\n\n  })(ui.Object_UIElement);\n\n  ui.Object_Image = Object_Image;\n\n}).call(this);\n"},"summary":["name","type","order"]}