{"uid":"5BCC16F29DC79547E53B16B76EC0822CB2E9","isLoaded":true,"lastModificationTime":0,"items":{"name":"Component_UIBehavior","type":"game_script","order":13,"content":"# ===================================================================\n#\n#   Script: Component_StyleHandler\n#\n#   $$COPYRIGHT$$\n#\n# ===================================================================\nclass Component_UIBehavior extends gs.Component\n    ###*\n    * @module ui\n    * @class Component_UIBehavior\n    * @extends gs.Component\n    * @memberof ui\n    * @constructor\n    ###\n    constructor: () ->\n        @breakChainAt = null\n        @containsPointer = no\n        @selectable = no\n        @viewData_ = [yes, no, no, yes]\n        \n    @accessors \"selected\", \n        set: (v) -> \n            if v != @viewData_[2]\n                @viewData_[2] = v\n                @updateStyle()\n                \n        get: -> @viewData_[2]\n        \n    @accessors \"hover\", \n        set: (v) -> \n            if v != @viewData_[1]\n                @viewData_[1] = v\n                @updateStyle()\n                \n        get: -> @viewData_[1]\n        \n    @accessors \"enabled\",\n        set: (v) -> \n            if v != @viewData_[3]\n                @viewData_[3] = v\n                @updateStyle()\n                \n        get: -> @viewData_[3]\n        \n    @accessors \"viewData\",\n        set: (v) ->\n            if v != @viewData_\n                @viewData_ = v\n                @updateStyle()\n        get: -> @viewData_\n    \n    \n    ###*\n    * Prepares the UI-Object for display. This method should be called\n    * before a new created UI-Object will be displayed to position all\n    * sub-elements correctly.\n    *\n    * @method prepare\n    ###\n    prepare: ->\n        scene = SceneManager.scene\n        scene.preparing = yes\n        @object.update() # First Update: Bring all sub-elements in correct size\n        @object.update() # Second Update: Correct layout\n        scene.preparing = no\n        \n    ###*\n    * Disposes the binding-handler.\n    * \n    * @method dispose\n    ###\n    dispose: ->\n        gs.GlobalEventManager.offByOwner \"mouseMoved\", @object\n        gs.GlobalEventManager.offByOwner \"mouseUp\", @object\n        \n    ###*\n    * Initializes the binding-handler.\n    * \n    * @method setup\n    ###\n    setup: ->\n        if @object.styles.first ((s) -> s.selector == 1)\n            gs.GlobalEventManager.on \"mouseMoved\", ((e) =>\n                    return if !@enabled\n                    contains = Rect.contains(@object.dstRect.x, @object.dstRect.y, \n                             @object.dstRect.width, @object.dstRect.height,\n                             Input.Mouse.x - @object.origin.x, Input.Mouse.y - @object.origin.y)\n                \n                    if @containsPointer != contains or (@hover and !contains)\n                        @containsPointer = contains\n                        @object.needsUpdate = yes\n                        @hover = contains\n                        \n                        parent = @object.parent\n                        while parent\n                            parent.ui?.updateStyle()\n                            parent = parent.parent\n                        \n    \n                    return null                       \n                ),\n                null, @object\n            \n        if @object.styles.first ((s) -> s.selector == 2)\n            gs.GlobalEventManager.on \"mouseUp\", ((e) =>\n                    return if !@enabled\n                    contains = Rect.contains(@object.dstRect.x, @object.dstRect.y, \n                             @object.dstRect.width, @object.dstRect.height,\n                             Input.Mouse.x - @object.origin.x, Input.Mouse.y - @object.origin.y)\n                    \n                    if contains\n                        @object.needsUpdate = yes\n                        \n                        if @object.selectable\n                            if @object.group\n                                @selected = yes\n                                group = gs.ObjectManager.current.objectsByGroup(@object.group)\n                                for object in group\n                                    if object != @object\n                                        object.ui.selected = no\n                            else\n                                @selected = !@selected\n                        else\n                            @updateStyle()\n                            \n                        parent = @object.parent\n                        while parent\n                            parent.ui?.updateStyle()\n                            parent = parent.parent\n                                        \n                    return null                        \n                ),\n                null, @object\n            \n\n    updateStyle: ->\n        if @object.styles\n            for style in @object.styles\n                styleObject = style\n                \n                if !@viewData_[styleObject.selector]\n                    if styleObject.target == -1\n                        #console.log(\"REVERT: \" + Graphics.frameCount)\n                        styleObject.revert(@object)\n                    else\n                        objects = @object.controlsByStyle[styleObject.target]\n                        \n                        if objects\n                            for object in objects\n                                #console.log(\"REVERT: \" + Graphics.frameCount)\n                                styleObject.revert(object)\n                                \n            for style in @object.styles\n                styleObject = style\n              \n                if styleObject.target == -1\n                    if @viewData_[styleObject.selector]\n                        #console.log(\"APPLY: \" + Graphics.frameCount)\n                        styleObject.apply(@object)\n                else\n                    objects = @object.controlsByStyle[styleObject.target]\n                    \n                    if objects\n                        for object in objects\n                            ui.UIManager.stylesById[styleObject.target].apply(object)\n                            #console.log(\"APPLY: \" + Graphics.frameCount)\n                            if @viewData_[styleObject.selector]\n                                styleObject.apply(object)\n            \n            if @object.font\n                @object.behavior.refresh?() # FIXME: Creates a dependency on Text-Behavior\n        return null\n        \n    ###*\n    * Updates the binding-handler.\n    * \n    * @method update\n    ###   \n    update: ->\n     \nui.Component_UIBehavior = Component_UIBehavior","parentId":"01A95DA3K01E8A4CB4SBE17E790BCE1FC035","folder":false,"compiledContent":"(function() {\n  var Component_UIBehavior,\n    extend = function(child, parent) { for (var key in parent) { if (hasProp.call(parent, key)) child[key] = parent[key]; } function ctor() { this.constructor = child; } ctor.prototype = parent.prototype; child.prototype = new ctor(); child.__super__ = parent.prototype; return child; },\n    hasProp = {}.hasOwnProperty;\n\n  Component_UIBehavior = (function(superClass) {\n    extend(Component_UIBehavior, superClass);\n\n\n    /**\n    * @module ui\n    * @class Component_UIBehavior\n    * @extends gs.Component\n    * @memberof ui\n    * @constructor\n     */\n\n    function Component_UIBehavior() {\n      this.breakChainAt = null;\n      this.containsPointer = false;\n      this.selectable = false;\n      this.viewData_ = [true, false, false, true];\n    }\n\n    Component_UIBehavior.accessors(\"selected\", {\n      set: function(v) {\n        if (v !== this.viewData_[2]) {\n          this.viewData_[2] = v;\n          return this.updateStyle();\n        }\n      },\n      get: function() {\n        return this.viewData_[2];\n      }\n    });\n\n    Component_UIBehavior.accessors(\"hover\", {\n      set: function(v) {\n        if (v !== this.viewData_[1]) {\n          this.viewData_[1] = v;\n          return this.updateStyle();\n        }\n      },\n      get: function() {\n        return this.viewData_[1];\n      }\n    });\n\n    Component_UIBehavior.accessors(\"enabled\", {\n      set: function(v) {\n        if (v !== this.viewData_[3]) {\n          this.viewData_[3] = v;\n          return this.updateStyle();\n        }\n      },\n      get: function() {\n        return this.viewData_[3];\n      }\n    });\n\n    Component_UIBehavior.accessors(\"viewData\", {\n      set: function(v) {\n        if (v !== this.viewData_) {\n          this.viewData_ = v;\n          return this.updateStyle();\n        }\n      },\n      get: function() {\n        return this.viewData_;\n      }\n    });\n\n\n    /**\n    * Prepares the UI-Object for display. This method should be called\n    * before a new created UI-Object will be displayed to position all\n    * sub-elements correctly.\n    *\n    * @method prepare\n     */\n\n    Component_UIBehavior.prototype.prepare = function() {\n      var scene;\n      scene = SceneManager.scene;\n      scene.preparing = true;\n      this.object.update();\n      this.object.update();\n      return scene.preparing = false;\n    };\n\n\n    /**\n    * Disposes the binding-handler.\n    * \n    * @method dispose\n     */\n\n    Component_UIBehavior.prototype.dispose = function() {\n      gs.GlobalEventManager.offByOwner(\"mouseMoved\", this.object);\n      return gs.GlobalEventManager.offByOwner(\"mouseUp\", this.object);\n    };\n\n\n    /**\n    * Initializes the binding-handler.\n    * \n    * @method setup\n     */\n\n    Component_UIBehavior.prototype.setup = function() {\n      if (this.object.styles.first((function(s) {\n        return s.selector === 1;\n      }))) {\n        gs.GlobalEventManager.on(\"mouseMoved\", ((function(_this) {\n          return function(e) {\n            var contains, parent, ref;\n            if (!_this.enabled) {\n              return;\n            }\n            contains = Rect.contains(_this.object.dstRect.x, _this.object.dstRect.y, _this.object.dstRect.width, _this.object.dstRect.height, Input.Mouse.x - _this.object.origin.x, Input.Mouse.y - _this.object.origin.y);\n            if (_this.containsPointer !== contains || (_this.hover && !contains)) {\n              _this.containsPointer = contains;\n              _this.object.needsUpdate = true;\n              _this.hover = contains;\n              parent = _this.object.parent;\n              while (parent) {\n                if ((ref = parent.ui) != null) {\n                  ref.updateStyle();\n                }\n                parent = parent.parent;\n              }\n            }\n            return null;\n          };\n        })(this)), null, this.object);\n      }\n      if (this.object.styles.first((function(s) {\n        return s.selector === 2;\n      }))) {\n        return gs.GlobalEventManager.on(\"mouseUp\", ((function(_this) {\n          return function(e) {\n            var contains, group, i, len, object, parent, ref;\n            if (!_this.enabled) {\n              return;\n            }\n            contains = Rect.contains(_this.object.dstRect.x, _this.object.dstRect.y, _this.object.dstRect.width, _this.object.dstRect.height, Input.Mouse.x - _this.object.origin.x, Input.Mouse.y - _this.object.origin.y);\n            if (contains) {\n              _this.object.needsUpdate = true;\n              if (_this.object.selectable) {\n                if (_this.object.group) {\n                  _this.selected = true;\n                  group = gs.ObjectManager.current.objectsByGroup(_this.object.group);\n                  for (i = 0, len = group.length; i < len; i++) {\n                    object = group[i];\n                    if (object !== _this.object) {\n                      object.ui.selected = false;\n                    }\n                  }\n                } else {\n                  _this.selected = !_this.selected;\n                }\n              } else {\n                _this.updateStyle();\n              }\n              parent = _this.object.parent;\n              while (parent) {\n                if ((ref = parent.ui) != null) {\n                  ref.updateStyle();\n                }\n                parent = parent.parent;\n              }\n            }\n            return null;\n          };\n        })(this)), null, this.object);\n      }\n    };\n\n    Component_UIBehavior.prototype.updateStyle = function() {\n      var base, i, j, k, l, len, len1, len2, len3, object, objects, ref, ref1, style, styleObject;\n      if (this.object.styles) {\n        ref = this.object.styles;\n        for (i = 0, len = ref.length; i < len; i++) {\n          style = ref[i];\n          styleObject = style;\n          if (!this.viewData_[styleObject.selector]) {\n            if (styleObject.target === -1) {\n              styleObject.revert(this.object);\n            } else {\n              objects = this.object.controlsByStyle[styleObject.target];\n              if (objects) {\n                for (j = 0, len1 = objects.length; j < len1; j++) {\n                  object = objects[j];\n                  styleObject.revert(object);\n                }\n              }\n            }\n          }\n        }\n        ref1 = this.object.styles;\n        for (k = 0, len2 = ref1.length; k < len2; k++) {\n          style = ref1[k];\n          styleObject = style;\n          if (styleObject.target === -1) {\n            if (this.viewData_[styleObject.selector]) {\n              styleObject.apply(this.object);\n            }\n          } else {\n            objects = this.object.controlsByStyle[styleObject.target];\n            if (objects) {\n              for (l = 0, len3 = objects.length; l < len3; l++) {\n                object = objects[l];\n                ui.UIManager.stylesById[styleObject.target].apply(object);\n                if (this.viewData_[styleObject.selector]) {\n                  styleObject.apply(object);\n                }\n              }\n            }\n          }\n        }\n        if (this.object.font) {\n          if (typeof (base = this.object.behavior).refresh === \"function\") {\n            base.refresh();\n          }\n        }\n      }\n      return null;\n    };\n\n\n    /**\n    * Updates the binding-handler.\n    * \n    * @method update\n     */\n\n    Component_UIBehavior.prototype.update = function() {};\n\n    return Component_UIBehavior;\n\n  })(gs.Component);\n\n  ui.Component_UIBehavior = Component_UIBehavior;\n\n}).call(this);\n"},"summary":["name","type"]}