{"uid":"5C3FD5D2K8F24A44DBSA592E58D90CF041B0","isLoaded":true,"lastModificationTime":0,"items":{"name":"Easings","type":"game_script","order":5,"content":"# ===================================================================\n#\n#   Script: Easings\n#\n#   $$COPYRIGHT$$\n#\n# ===================================================================\n\n###*\n* Holds different easing types and helper methods.\n*\n* @module gs\n* @class Easings\n* @memberof gs\n* @constructor\n###  \nclass Easings\n    ###*\n    * Contains all easing functions by type and in/out.\n    * @property EASE_FUNCTIONS\n    * @type Function[][]\n    * @static\n    * @final\n    ###\n    @EASE_FUNCTIONS = [[Math.linearTween, Math.linearTween, Math.linearTween], \n                 [Math.easeOutQuad, Math.easeInQuad, Math.easeInOutQuad], \n                 [Math.easeOutCubic, Math.easeInCubic, Math.easeInOutCubic], \n                 [Math.easeOutQuart, Math.easeInQuart, Math.easeInOutQuart],\n                 [Math.easeOutQuint, Math.easeInQuint, Math.easeInOutQuint],\n                 [Math.easeOutSine, Math.easeInSine, Math.easeInOutSine],\n                 [Math.easeOutExpo, Math.easeInExpo, Math.easeInOutExpo],\n                 [Math.easeOutCirc, Math.easeInCirc, Math.easeInOutCirc]]\n    \n    ###*\n    * @property BY_INDEX\n    * @type number[][]\n    * @static\n    * @final\n    ###             \n    @BY_INDEX = [[[0, 0], [0, 0], [0, 0]], \n                 [[1, 0], [1, 1], [1, 2]],\n                 [[2, 0], [2, 1], [2, 2]],\n                 [[3, 0], [3, 1], [3, 2]],\n                 [[4, 0], [4, 1], [4, 2]],\n                 [[5, 0], [5, 1], [5, 2]],\n                 [[6, 0], [6, 1], [6, 2]],\n                 [[7, 0], [7, 1], [7, 2]]]\n     \n    ###*\n    * @property BY_STRING\n    * @type Object\n    * @static\n    * @final\n    ###               \n    @BY_STRING = {\n        \"linear_in\": [0, 0], \"linear_out\": [0, 0], \"linear_inout\": [0, 0],\n        \"quad_out\": [1, 0], \"quad_in\": [1, 1], \"quad_inout\": [1, 2],\n        \"cubic_out\": [2, 0], \"cubic_in\": [2, 1], \"cubic_inout\": [2, 2],\n        \"quart_out\": [3, 0], \"quart_in\": [3, 1], \"quart_inout\": [3, 2],\n        \"quint_out\": [4, 0], \"quint_in\": [4, 1], \"quint_inout\": [4, 2],\n        \"sine_out\": [5, 0], \"sine_in\": [5, 1], \"sine_inout\": [5, 2],\n        \"expo_out\": [6, 0], \"expo_in\": [6, 1], \"expo_inout\": [6, 2],\n        \"circ_out\": [7, 0], \"circ_in\": [7, 1], \"circ_inout\": [7, 2]\n    }\n    \n    ###*\n    * @property EASE_LINEAR\n    * @type number[][]\n    * @static\n    * @final\n    ###  \n    @EASE_LINEAR = @BY_INDEX[gs.EasingTypes.EASE_LINEAR]\n    \n    ###*\n    * @property EASE_QUADRATIC\n    * @type number[][]\n    * @static\n    * @final\n    ###  \n    @EASE_QUADRATIC = @BY_INDEX[gs.EasingTypes.EASE_QUADRATIC]\n    ###*\n    * @property EASE_CUBIC\n    * @type number[][]\n    * @static\n    * @final\n    ###  \n    @EASE_CUBIC = @BY_INDEX[gs.EasingTypes.EASE_CUBIC]\n    ###*\n    * @property EASE_QUARTIC\n    * @type number[][]\n    * @static\n    * @final\n    ###  \n    @EASE_QUARTIC = @BY_INDEX[gs.EasingTypes.EASE_QUARTIC]\n    ###*\n    * @property EASE_QUINTIC\n    * @type number[][]\n    * @static\n    * @final\n    ###  \n    @EASE_QUINTIC = @BY_INDEX[gs.EasingTypes.EASE_QUINTIC]\n    ###*\n    * @property EASE_SINUSOIDAL\n    * @type number[][]\n    * @static\n    * @final\n    ###  \n    @EASE_SINUSOIDAL = @BY_INDEX[gs.EasingTypes.EASE_SINUSOIDAL]\n    ###*\n    * @property EASE_EXPONENTIAL\n    * @type number[][]\n    * @static\n    * @final\n    ###  \n    @EASE_EXPONENTIAL = @BY_INDEX[gs.EasingTypes.EASE_EXPONENTIAL]\n    ###*\n    * @property EASE_CIRCULAR\n    * @type number[][]\n    * @static\n    * @final\n    ###  \n    @EASE_CIRCULAR = @BY_INDEX[gs.EasingTypes.EASE_CIRCULAR]\n    \n    ###*\n    * @method fromValues\n    * @param {number} index - The index.\n    * @param {number} inOut - The in-out value.\n    ###\n    @fromValues: (index, inOut) -> gs.Easings.BY_INDEX[index][inOut]\n    \n    ###*\n    * @method fromObject\n    * @param {Object} obj - The easing data-object.\n    ###\n    @fromObject: (obj, flags, defaults) -> gs.Easings.BY_INDEX[obj.type][obj.inOut]\n    \n    ###*\n    * @method fromString\n    * @param {String} s - The easing string like \"quad_in\" for example.\n    ###\n    @fromString: (s) -> gs.Easings.BY_STRING[s || \"linear_inout\"]\n    \ngs.Easings = Easings","parentId":"C2F9A7C9K48FFA4390S9F39E2E3A8A1D7221","folder":false,"compiledContent":"\n/**\n* Holds different easing types and helper methods.\n*\n* @module gs\n* @class Easings\n* @memberof gs\n* @constructor\n */\n\n(function() {\n  var Easings;\n\n  Easings = (function() {\n\n    /**\n    * Contains all easing functions by type and in/out.\n    * @property EASE_FUNCTIONS\n    * @type Function[][]\n    * @static\n    * @final\n     */\n    function Easings() {}\n\n    Easings.EASE_FUNCTIONS = [[Math.linearTween, Math.linearTween, Math.linearTween], [Math.easeOutQuad, Math.easeInQuad, Math.easeInOutQuad], [Math.easeOutCubic, Math.easeInCubic, Math.easeInOutCubic], [Math.easeOutQuart, Math.easeInQuart, Math.easeInOutQuart], [Math.easeOutQuint, Math.easeInQuint, Math.easeInOutQuint], [Math.easeOutSine, Math.easeInSine, Math.easeInOutSine], [Math.easeOutExpo, Math.easeInExpo, Math.easeInOutExpo], [Math.easeOutCirc, Math.easeInCirc, Math.easeInOutCirc]];\n\n\n    /**\n    * @property BY_INDEX\n    * @type number[][]\n    * @static\n    * @final\n     */\n\n    Easings.BY_INDEX = [[[0, 0], [0, 0], [0, 0]], [[1, 0], [1, 1], [1, 2]], [[2, 0], [2, 1], [2, 2]], [[3, 0], [3, 1], [3, 2]], [[4, 0], [4, 1], [4, 2]], [[5, 0], [5, 1], [5, 2]], [[6, 0], [6, 1], [6, 2]], [[7, 0], [7, 1], [7, 2]]];\n\n\n    /**\n    * @property BY_STRING\n    * @type Object\n    * @static\n    * @final\n     */\n\n    Easings.BY_STRING = {\n      \"linear_in\": [0, 0],\n      \"linear_out\": [0, 0],\n      \"linear_inout\": [0, 0],\n      \"quad_out\": [1, 0],\n      \"quad_in\": [1, 1],\n      \"quad_inout\": [1, 2],\n      \"cubic_out\": [2, 0],\n      \"cubic_in\": [2, 1],\n      \"cubic_inout\": [2, 2],\n      \"quart_out\": [3, 0],\n      \"quart_in\": [3, 1],\n      \"quart_inout\": [3, 2],\n      \"quint_out\": [4, 0],\n      \"quint_in\": [4, 1],\n      \"quint_inout\": [4, 2],\n      \"sine_out\": [5, 0],\n      \"sine_in\": [5, 1],\n      \"sine_inout\": [5, 2],\n      \"expo_out\": [6, 0],\n      \"expo_in\": [6, 1],\n      \"expo_inout\": [6, 2],\n      \"circ_out\": [7, 0],\n      \"circ_in\": [7, 1],\n      \"circ_inout\": [7, 2]\n    };\n\n\n    /**\n    * @property EASE_LINEAR\n    * @type number[][]\n    * @static\n    * @final\n     */\n\n    Easings.EASE_LINEAR = Easings.BY_INDEX[gs.EasingTypes.EASE_LINEAR];\n\n\n    /**\n    * @property EASE_QUADRATIC\n    * @type number[][]\n    * @static\n    * @final\n     */\n\n    Easings.EASE_QUADRATIC = Easings.BY_INDEX[gs.EasingTypes.EASE_QUADRATIC];\n\n\n    /**\n    * @property EASE_CUBIC\n    * @type number[][]\n    * @static\n    * @final\n     */\n\n    Easings.EASE_CUBIC = Easings.BY_INDEX[gs.EasingTypes.EASE_CUBIC];\n\n\n    /**\n    * @property EASE_QUARTIC\n    * @type number[][]\n    * @static\n    * @final\n     */\n\n    Easings.EASE_QUARTIC = Easings.BY_INDEX[gs.EasingTypes.EASE_QUARTIC];\n\n\n    /**\n    * @property EASE_QUINTIC\n    * @type number[][]\n    * @static\n    * @final\n     */\n\n    Easings.EASE_QUINTIC = Easings.BY_INDEX[gs.EasingTypes.EASE_QUINTIC];\n\n\n    /**\n    * @property EASE_SINUSOIDAL\n    * @type number[][]\n    * @static\n    * @final\n     */\n\n    Easings.EASE_SINUSOIDAL = Easings.BY_INDEX[gs.EasingTypes.EASE_SINUSOIDAL];\n\n\n    /**\n    * @property EASE_EXPONENTIAL\n    * @type number[][]\n    * @static\n    * @final\n     */\n\n    Easings.EASE_EXPONENTIAL = Easings.BY_INDEX[gs.EasingTypes.EASE_EXPONENTIAL];\n\n\n    /**\n    * @property EASE_CIRCULAR\n    * @type number[][]\n    * @static\n    * @final\n     */\n\n    Easings.EASE_CIRCULAR = Easings.BY_INDEX[gs.EasingTypes.EASE_CIRCULAR];\n\n\n    /**\n    * @method fromValues\n    * @param {number} index - The index.\n    * @param {number} inOut - The in-out value.\n     */\n\n    Easings.fromValues = function(index, inOut) {\n      return gs.Easings.BY_INDEX[index][inOut];\n    };\n\n\n    /**\n    * @method fromObject\n    * @param {Object} obj - The easing data-object.\n     */\n\n    Easings.fromObject = function(obj, flags, defaults) {\n      return gs.Easings.BY_INDEX[obj.type][obj.inOut];\n    };\n\n\n    /**\n    * @method fromString\n    * @param {String} s - The easing string like \"quad_in\" for example.\n     */\n\n    Easings.fromString = function(s) {\n      return gs.Easings.BY_STRING[s || \"linear_inout\"];\n    };\n\n    return Easings;\n\n  })();\n\n  gs.Easings = Easings;\n\n}).call(this);\n"},"summary":["name","type"]}