{"uid":"5CF7F076K8348A4EC6S84F9E9CACCBA5AC09","isLoaded":true,"lastModificationTime":0,"items":{"name":"Live2D Position Selection","type":"custom_view","parentId":"AC1ABDCBK050BA4863S9964E3DC378247DAD","order":20,"windowTitle":"Select Position","windowSize":{"w":400,"h":400},"bindings":[{"source":"local.data.resource","asDataFromFolder":"Live2D","to":"positionView","target":"model"}],"windowSizeFormula":"var res = GS.GAME.previewResolution(); return { w: res.w +  + GS.CONST.WINDOW_PADDING }","sections":[{"name":"Position","identifier":"positionSection","noBorder":true,"column":0,"items":[{"type":"GSLabel","text":"Background:","frame":[0,0],"group":"labels"},{"type":"GSResourcePopupField","folder":"Graphics/Backgrounds","identifier":"resource","attribute":"previewBackground","delegates":[{"identifiers":["positionView"],"selector":"setBackground:resource:"}],"frame":[1,0]},{"type":"GSLabel","text":"Zoom:","frame":[0,1],"group":"labels"},{"type":"GSStepper","minimum":10,"maximum":1000,"defaultValue":100,"valueTranslator":{"read":"return Math.round(v * 100);","write":"return v / 100;"},"attribute":"position.zoom.d","identifier":"zoom","bindings":[{"source":"value","to":"positionView","target":"zoom"}],"frame":[1,1]},{"type":"GSLive2DView","border":true,"identifier":"positionView","attribute":"position","folder":"Live2D","frame":[0,2],"sizeFormula":"return GS.GAME.previewResolution();","bindings":[{"source":"zoom","to":"zoom","target":"value"}]}]}],"rawContent":"{\n    \"parentId\": \"AC1ABDCBK050BA4863S9964E3DC378247DAD\",\n\"name\": \"Live2D Position Selection\",\n    \"windowTitle\": \"$$4AB6BFD98229394AF5886A935443FC8FB2BBn\",\n    \"type\": \"custom_view\",\n    \"windowSize\": {\n        \"w\": 400, \"h\": 400\n    },\n    \"bindings\": [\n        { \"source\": \"local.data.resource\", \"asDataFromFolder\": \"Live2D\", \"to\": \"positionView\", \"target\": \"model\" }\n    ],\n    \"windowSizeFormula\": \"var res = GS.GAME.previewResolution(); return { w: res.w +  + GS.CONST.WINDOW_PADDING }\",\n    \"sections\": [\n        {\n            \"name\": \"Position\",\n            \"identifier\": \"positionSection\",\n            \"noBorder\": true,\n            \"column\": 0,\n            \"items\": [\n                {\n                    \"type\": \"GSLabel\",\n                    \"text\": \"$$B3D36B2CKF215A4B35SA43BECB141AB4CD99\",\n                    \"frame\": [0, 0],\n                    \"group\": \"labels\"\n                },\n                {\n                    \"type\": \"GSResourcePopupField\",\n                    \"folder\": \"Graphics/Backgrounds\",\n                    \"identifier\": \"resource\",\n                    \"attribute\": \"previewBackground\",\n                    \"delegates\": [{ \"identifiers\": [\"positionView\"], \"selector\": \"setBackground:resource:\"}],\n                    \"frame\": [1, 0]\n                },\n                {\n                    \"type\": \"GSLabel\",\n                    \"text\": \"$$FBD21B3DK57FEA4AA4SBF2EEA70C92043612\",\n                    \"frame\": [0, 1],\n                    \"group\": \"labels\"\n                },\n                {\n                    \"type\": \"GSStepper\",\n                    \"minimum\": 10,\n                    \"maximum\": 1000,\n                    \"defaultValue\": 100,\n                    \"valueTranslator\": { \"read\": \"return Math.round(v * 100);\", \"write\": \"return v / 100;\" },\n                    \"attribute\": \"position.zoom.d\",\n                    \"identifier\": \"zoom\",\n                    \"bindings\": [\n                        { \"source\": \"value\", \"to\": \"positionView\", \"target\": \"zoom\" }\n                    ],\n                    \"frame\": [1, 1]\n                },\n                {\n                    \"type\": \"GSLive2DView\",\n                    \"border\": true,\n                    \"identifier\": \"positionView\",\n                    \"attribute\": \"position\",\n                    \"folder\": \"Live2D\",\n                    \"frame\": [0, 2],\n                    \"sizeFormula\": \"return GS.GAME.previewResolution();\",\n                    \"bindings\": [\n                        { \"source\": \"zoom\", \"to\": \"zoom\", \"target\": \"value\" }\n                    ]\n                }\n            ]\n        }\n    ]\n}"},"summary":["name","type"]}