{"uid":"620201AFKF664A4AABSBECAE71A1610CBF73","isLoaded":true,"lastModificationTime":0,"items":{"name":"Component_TextBehavior","type":"game_script","order":0,"content":"# ===================================================================\n#\n#   Script: Component_TextBehavior\n#\n#   $$COPYRIGHT$$\n#\n# ===================================================================\nclass Component_TextBehavior extends gs.Component\n    @memoryUsage: 0\n    \n    ###*\n    * \n    *\n    * @module gs\n    * @class Component_TextBehavior\n    * @extends gs.Component\n    * @memberof gs\n    * @constructor\n    ###\n    constructor: () ->\n        super()\n\n        ###*\n        * @property text\n        * @type string\n        * @protected\n        ###\n        @text = \"\"\n        \n        ###*\n        * @property text\n        * @type string\n        * @protected\n        ###\n        @font = new Font(gs.Fonts.TEXT)\n        \n        ###*\n        * @property format\n        * @type string\n        * @protected\n        ###\n        @format = null\n        \n    ###*\n    * Disposes the component and bitmap.\n    *\n    * @method dispose\n    ###\n    dispose: ->\n        if @object.bitmap?\n            #gs.Component_TextBehavior.memoryUsage -= @object.bitmap.width * @object.bitmap.height * 4\n            @object.bitmap.dispose()\n            @object.bitmap = null\n    \n    ###*\n    * Redraws the texts on game object's bitmap.\n    *\n    * @method redraw\n    ###\n    redraw: ->\n        if @text?\n            @object.bitmap.clear()\n            @object.bitmap.font = @object.font\n            text = @text\n            if @format?\n                text = sprintf(@format, text)\n                \n            if @object.formatting\n                @object.textRenderer.drawFormattedText(0, 0, @object.dstRect.width, @object.bitmap.font.size, text, @object.wordWrap ? yes)\n            else\n                @object.textRenderer.drawText(0, 0, @object.bitmap.width, @object.bitmap.font.size, text)\n\n    ###*\n    * Updates the game object's <b>dstRect</b> so that the text fits in. That only works\n    * if the game object's <b>sizeToFit</b> property is set.\n    *\n    * @method refreshSize\n    ###\n    refreshSize: ->\n        if not @object.text? then return\n        \n        @text = lcs(@object.text).toString()\n        text = @text\n        if @format?\n            text = sprintf(@format, text)\n            \n        if @object.sizeToFit\n            @object.font = @object.font || @font\n            if @object.formatting\n                size = @object.textRenderer.measureFormattedText(text, @object.wordWrap ? yes)\n            else\n                size = @object.textRenderer.measureText(text)\n            if !(@object.sizeToFit.horizontal?) or @object.sizeToFit.horizontal\n                @object.dstRect.width = size.width\n            if !(@object.sizeToFit.vertical?) or @object.sizeToFit.vertical\n                @object.dstRect.height = size.height\n    \n    ###*\n    * Refreshes the texts on game object's bitmap.\n    *\n    * @method refresh\n    ###            \n    refresh: ->\n        if not @object.text? then return\n\n        if @object.bitmap?\n            #gs.Component_TextBehavior.memoryUsage -= @object.bitmap.width * @object.bitmap.height * 4\n            @object.bitmap.dispose()\n        \n        width = @object.bitmap?.width || 0\n        height = @object.bitmap?.height || 0\n        @refreshSize()\n        \n        if(!@object.bitmap or width != @object.dstRect.width or height != @object.dstRect.height)\n            @object.bitmap = new Bitmap(@object.dstRect.width , @object.dstRect.height)\n        else\n            @object.bitmap.clear()\n            \n        #gs.Component_TextBehavior.memoryUsage += @object.bitmap.width * @object.bitmap.height * 4\n        \n        @object.bitmap.font = @font\n        @srcRect = new Rect(0, 0, @object.dstRect.width , @object.dstRect.height)\n        @object.srcRect = @srcRect\n        @redraw()\n    \n    ###*\n    * Action to append a specified text.\n    *\n    * @method addText\n    * @param {Object} sender - The sender of the action.\n    * @param {Object} params - The action's parameters.\n    ###  \n    addText: (sender, params) ->\n        @object.text += ui.Component_FormulaHandler.fieldValue(sender, params.text)\n     \n    ###*\n    * Updates the component. Checks if the game object's bitmap needs a refresh\n    * and maybe disposes the bitmap if the game object's is out of the\n    * screen and memory usage is too high.\n    *\n    * @method update\n    ###     \n    update: ->\n        super\n\n        visible = @object.visual.visible\n            \n        if (!@object.bitmap or @object.bitmap.width != @object.dstRect.width or @object.bitmap.height != @object.dstRect.height or @object.text?.toString() != @text)\n            #if visible and @object.visible\n            @refresh()\n            #else\n            #    @refreshSize()\n        \n            \n        #if gs.Component_TextBehavior.memoryUsage > 15 * 1024 * 1024 and !visible\n        #    @object.visible = no\n        #    if @object.bitmap?\n        #        gs.Component_TextBehavior.memoryUsage -= @object.bitmap.width * @object.bitmap.height * 4\n        #        @object.bitmap.dispose()\n        #        @object.bitmap = null\n        \n            \n            \ngs.Component_TextBehavior = Component_TextBehavior","parentId":"01A95DA3K01E8A4CB4SBE17E790BCE1FC035","folder":false,"compiledContent":"(function() {\n  var Component_TextBehavior,\n    extend = function(child, parent) { for (var key in parent) { if (hasProp.call(parent, key)) child[key] = parent[key]; } function ctor() { this.constructor = child; } ctor.prototype = parent.prototype; child.prototype = new ctor(); child.__super__ = parent.prototype; return child; },\n    hasProp = {}.hasOwnProperty;\n\n  Component_TextBehavior = (function(superClass) {\n    extend(Component_TextBehavior, superClass);\n\n    Component_TextBehavior.memoryUsage = 0;\n\n\n    /**\n    * \n    *\n    * @module gs\n    * @class Component_TextBehavior\n    * @extends gs.Component\n    * @memberof gs\n    * @constructor\n     */\n\n    function Component_TextBehavior() {\n      Component_TextBehavior.__super__.constructor.call(this);\n\n      /**\n      * @property text\n      * @type string\n      * @protected\n       */\n      this.text = \"\";\n\n      /**\n      * @property text\n      * @type string\n      * @protected\n       */\n      this.font = new Font(gs.Fonts.TEXT);\n\n      /**\n      * @property format\n      * @type string\n      * @protected\n       */\n      this.format = null;\n    }\n\n\n    /**\n    * Disposes the component and bitmap.\n    *\n    * @method dispose\n     */\n\n    Component_TextBehavior.prototype.dispose = function() {\n      if (this.object.bitmap != null) {\n        this.object.bitmap.dispose();\n        return this.object.bitmap = null;\n      }\n    };\n\n\n    /**\n    * Redraws the texts on game object's bitmap.\n    *\n    * @method redraw\n     */\n\n    Component_TextBehavior.prototype.redraw = function() {\n      var ref, text;\n      if (this.text != null) {\n        this.object.bitmap.clear();\n        this.object.bitmap.font = this.object.font;\n        text = this.text;\n        if (this.format != null) {\n          text = sprintf(this.format, text);\n        }\n        if (this.object.formatting) {\n          return this.object.textRenderer.drawFormattedText(0, 0, this.object.dstRect.width, this.object.bitmap.font.size, text, (ref = this.object.wordWrap) != null ? ref : true);\n        } else {\n          return this.object.textRenderer.drawText(0, 0, this.object.bitmap.width, this.object.bitmap.font.size, text);\n        }\n      }\n    };\n\n\n    /**\n    * Updates the game object's <b>dstRect</b> so that the text fits in. That only works\n    * if the game object's <b>sizeToFit</b> property is set.\n    *\n    * @method refreshSize\n     */\n\n    Component_TextBehavior.prototype.refreshSize = function() {\n      var ref, size, text;\n      if (this.object.text == null) {\n        return;\n      }\n      this.text = lcs(this.object.text).toString();\n      text = this.text;\n      if (this.format != null) {\n        text = sprintf(this.format, text);\n      }\n      if (this.object.sizeToFit) {\n        this.object.font = this.object.font || this.font;\n        if (this.object.formatting) {\n          size = this.object.textRenderer.measureFormattedText(text, (ref = this.object.wordWrap) != null ? ref : true);\n        } else {\n          size = this.object.textRenderer.measureText(text);\n        }\n        if (!(this.object.sizeToFit.horizontal != null) || this.object.sizeToFit.horizontal) {\n          this.object.dstRect.width = size.width;\n        }\n        if (!(this.object.sizeToFit.vertical != null) || this.object.sizeToFit.vertical) {\n          return this.object.dstRect.height = size.height;\n        }\n      }\n    };\n\n\n    /**\n    * Refreshes the texts on game object's bitmap.\n    *\n    * @method refresh\n     */\n\n    Component_TextBehavior.prototype.refresh = function() {\n      var height, ref, ref1, width;\n      if (this.object.text == null) {\n        return;\n      }\n      if (this.object.bitmap != null) {\n        this.object.bitmap.dispose();\n      }\n      width = ((ref = this.object.bitmap) != null ? ref.width : void 0) || 0;\n      height = ((ref1 = this.object.bitmap) != null ? ref1.height : void 0) || 0;\n      this.refreshSize();\n      if (!this.object.bitmap || width !== this.object.dstRect.width || height !== this.object.dstRect.height) {\n        this.object.bitmap = new Bitmap(this.object.dstRect.width, this.object.dstRect.height);\n      } else {\n        this.object.bitmap.clear();\n      }\n      this.object.bitmap.font = this.font;\n      this.srcRect = new Rect(0, 0, this.object.dstRect.width, this.object.dstRect.height);\n      this.object.srcRect = this.srcRect;\n      return this.redraw();\n    };\n\n\n    /**\n    * Action to append a specified text.\n    *\n    * @method addText\n    * @param {Object} sender - The sender of the action.\n    * @param {Object} params - The action's parameters.\n     */\n\n    Component_TextBehavior.prototype.addText = function(sender, params) {\n      return this.object.text += ui.Component_FormulaHandler.fieldValue(sender, params.text);\n    };\n\n\n    /**\n    * Updates the component. Checks if the game object's bitmap needs a refresh\n    * and maybe disposes the bitmap if the game object's is out of the\n    * screen and memory usage is too high.\n    *\n    * @method update\n     */\n\n    Component_TextBehavior.prototype.update = function() {\n      var ref, visible;\n      Component_TextBehavior.__super__.update.apply(this, arguments);\n      visible = this.object.visual.visible;\n      if (!this.object.bitmap || this.object.bitmap.width !== this.object.dstRect.width || this.object.bitmap.height !== this.object.dstRect.height || ((ref = this.object.text) != null ? ref.toString() : void 0) !== this.text) {\n        return this.refresh();\n      }\n    };\n\n    return Component_TextBehavior;\n\n  })(gs.Component);\n\n  gs.Component_TextBehavior = Component_TextBehavior;\n\n}).call(this);\n","index":11},"summary":["name","type","order"]}