{"uid":"624B4D4DK5A0CA487BSB0DBED4F2E7070F71","isLoaded":true,"lastModificationTime":0,"items":{"name":"Template_MessageBox","type":"game_script","order":3,"content":"ui.UiFactory.customTypes[\"ui.MessageBox\"] = {\n    \"type\": \"ui.FreeLayout\",\n    \"controls\": [\n        {\n           \"type\": \"ui.Panel\",\n           \"color\": [0, 0, 0, 255],\n           \"frame\": [0, Graphics.height - 220, \"100%\", 2],\n           \"zIndex\": 5000\n        },\n        {\n           \"type\": \"ui.Panel\",\n           \"color\": [0, 0, 0, 128],\n           \"frame\": [0, Graphics.height - 220, \"100%\", 220],\n           \"zIndex\": 5000\n        },\n        {\n            \"type\": \"ui.MessageBoxMenu\",\n            \"params\": { \"messageBox\": ($ -> $messageBox) },\n            \"order\": 81000,\n            \"frame\": [0, Graphics.height - 270]\n        },\n        {\n            \"type\": \"ui.Text\",\n            \"updateBehavior\": \"continuous\",\n            \"text\": \"\",\n            \"style\": \"messageBoxNameText\",  \n            \"formulas\": [\n                $ -> o.text = $dataFields.scene.currentCharacter.name\n                $ -> if @onTextChange $dataFields.scene.currentCharacter.name then o.font.color.setFromObject $dataFields.scene.currentCharacter.textColor or Color.WHITE\n            ],\n            \"zIndex\": 5005,\n            \"sizeToFit\": true,\n            \"frame\": [148, Graphics.height - 210, 128, 30]\n        }\n    ]\n}\n\nui.UiFactory.customTypes[\"ui.CustomGameMessage\"] = {\n    \"type\": \"ui.FreeLayout\",\n    \"controls\": [\n        {\n            \"type\": \"ui.Message\",\n            \"zIndex\": 10000,\n            \"id\": -> p.id + \"_message\",\n            \"font\": { \"name\": \"Times New Roman\", \"size\": gs.UIConstants.TEXT_SIZE_MESSAGE_NAME, \"smallCaps\": false, \"italic\": true, \"border\": true  },\n            \"frame\": [0, 0, \"100%\", \"100%\"]\n        },\n        {\n            \"type\": \"ui.Image\",\n            \"formulas\": [\n                $ -> o.dstRect.x = o.parent.controls[0].message.caretPosition.x\n                $ -> o.dstRect.y = o.parent.controls[0].message.caretPosition.y - 20\n                $ -> o.visible = o.parent.controls[0].visible and (o.parent.controls[0].message.isRunning or o.parent.controls[0].message.isWaiting)\n            ],\n            \"animations\": [\n                {\n                    \"event\": \"onAlways\",\n                    \"flow\": [\n                        { \"type\": \"playAnimation\", \"repeat\": false, \"animationId\": 0 }\n                    ]\n                }\n            ],\n            \"image\": \"message_caret\",\n            \"zIndex\": 10000,\n            \"frame\": [0, 0]\n        }\n    ]\n}\n\nui.UiFactory.customTypes[\"ui.GameMessage\"] = {\n    \"type\": \"ui.FreeLayout\",\n    \"sizeToFit\": true,\n    \"controls\": [\n        {\n            \"type\": \"ui.Message\",\n            \"zIndex\": 10000,\n            \"id\": -> p.id + \"_message\",\n            \"frame\": [0, 10, Graphics.width - 136 - 180, 200],\n            \"style\": \"advMessageText\"\n        },\n        {\n            \"type\": \"ui.Image\",\n            \"formulas\": [\n                $ -> o.dstRect.x = o.parent.controls[0].message.caretPosition.x\n                $ -> o.dstRect.y = o.parent.controls[0].message.caretPosition.y - 10\n                $ -> o.visible = o.parent.controls[0].visible and (o.parent.controls[0].message.isRunning or o.parent.controls[0].message.isWaiting)\n            ],\n            \"animations\": [\n                {\n                    \"event\": \"onAlways\",\n                    \"flow\": [\n                        { \"type\": \"playAnimation\", \"repeat\": false, \"animationId\": 0 }\n                    ]\n                }\n            ],\n            \"image\": \"message_caret\",\n            \"zIndex\": 10000,\n            \"frame\": [0, 0]\n        }\n    ]\n}\n\nui.UiFactory.customTypes[\"ui.GameMessageNVL\"] = {\n    \"type\": \"ui.FreeLayout\",\n    \"sizeToFit\": true,\n    \"controls\": [\n        {\n            \"type\": \"ui.Message\",\n            \"zIndex\": 10000,\n            \"id\": -> p.id + \"_message\",\n            \"style\": \"nvlMessageText\",\n            \"frame\": [Graphics.width / 100 * 12.5 + 8, 8, Graphics.width / 100 * 75 - 16, Graphics.height - 16]\n        }\n    ]\n}\n\nui.UiFactory.customTypes[\"ui.MessageBoxNVL\"] = {\n    \"type\": \"ui.FreeLayout\",\n    \"sizeToFit\": true,\n    \"controls\": [\n        {\n            \"type\": \"ui.MessageBoxMenu\",\n            \"params\": { \"messageBox\": ($ -> $messageBoxNVL) },\n            \"order\": 81000,\n            \"frame\": [0, Graphics.height - 270]\n        },\n        {\n            \"type\": \"ui.Window\",\n            \"params\": { \"backgroundOpacity\": 128\n            },\n            \"frame\": [Graphics.width / 100 * 12.5, 0, Graphics.width / 100 * 75, Graphics.height]\n            \"zIndex\": 4999\n        }\n    ]\n}\n\n","parentId":"2A0E8A67K5BAAA4D7AS9017ED220E9EFFCA7","folder":false,"compiledContent":"(function() {\n  ui.UiFactory.customTypes[\"ui.MessageBox\"] = {\n    \"type\": \"ui.FreeLayout\",\n    \"controls\": [\n      {\n        \"type\": \"ui.Panel\",\n        \"color\": [0, 0, 0, 255],\n        \"frame\": [0, Graphics.height - 220, \"100%\", 2],\n        \"zIndex\": 5000\n      }, {\n        \"type\": \"ui.Panel\",\n        \"color\": [0, 0, 0, 128],\n        \"frame\": [0, Graphics.height - 220, \"100%\", 220],\n        \"zIndex\": 5000\n      }, {\n        \"type\": \"ui.MessageBoxMenu\",\n        \"params\": {\n          \"messageBox\": $(function() {\n            return $messageBox;\n          })\n        },\n        \"order\": 81000,\n        \"frame\": [0, Graphics.height - 270]\n      }, {\n        \"type\": \"ui.Text\",\n        \"updateBehavior\": \"continuous\",\n        \"text\": \"\",\n        \"style\": \"messageBoxNameText\",\n        \"formulas\": [\n          $(function() {\n            return o.text = $dataFields.scene.currentCharacter.name;\n          }), $(function() {\n            if (this.onTextChange($dataFields.scene.currentCharacter.name)) {\n              return o.font.color.setFromObject($dataFields.scene.currentCharacter.textColor || Color.WHITE);\n            }\n          })\n        ],\n        \"zIndex\": 5005,\n        \"sizeToFit\": true,\n        \"frame\": [148, Graphics.height - 210, 128, 30]\n      }\n    ]\n  };\n\n  ui.UiFactory.customTypes[\"ui.CustomGameMessage\"] = {\n    \"type\": \"ui.FreeLayout\",\n    \"controls\": [\n      {\n        \"type\": \"ui.Message\",\n        \"zIndex\": 10000,\n        \"id\": function() {\n          return p.id + \"_message\";\n        },\n        \"font\": {\n          \"name\": \"Times New Roman\",\n          \"size\": gs.UIConstants.TEXT_SIZE_MESSAGE_NAME,\n          \"smallCaps\": false,\n          \"italic\": true,\n          \"border\": true\n        },\n        \"frame\": [0, 0, \"100%\", \"100%\"]\n      }, {\n        \"type\": \"ui.Image\",\n        \"formulas\": [\n          $(function() {\n            return o.dstRect.x = o.parent.controls[0].message.caretPosition.x;\n          }), $(function() {\n            return o.dstRect.y = o.parent.controls[0].message.caretPosition.y - 20;\n          }), $(function() {\n            return o.visible = o.parent.controls[0].visible && (o.parent.controls[0].message.isRunning || o.parent.controls[0].message.isWaiting);\n          })\n        ],\n        \"animations\": [\n          {\n            \"event\": \"onAlways\",\n            \"flow\": [\n              {\n                \"type\": \"playAnimation\",\n                \"repeat\": false,\n                \"animationId\": 0\n              }\n            ]\n          }\n        ],\n        \"image\": \"message_caret\",\n        \"zIndex\": 10000,\n        \"frame\": [0, 0]\n      }\n    ]\n  };\n\n  ui.UiFactory.customTypes[\"ui.GameMessage\"] = {\n    \"type\": \"ui.FreeLayout\",\n    \"sizeToFit\": true,\n    \"controls\": [\n      {\n        \"type\": \"ui.Message\",\n        \"zIndex\": 10000,\n        \"id\": function() {\n          return p.id + \"_message\";\n        },\n        \"frame\": [0, 10, Graphics.width - 136 - 180, 200],\n        \"style\": \"advMessageText\"\n      }, {\n        \"type\": \"ui.Image\",\n        \"formulas\": [\n          $(function() {\n            return o.dstRect.x = o.parent.controls[0].message.caretPosition.x;\n          }), $(function() {\n            return o.dstRect.y = o.parent.controls[0].message.caretPosition.y - 10;\n          }), $(function() {\n            return o.visible = o.parent.controls[0].visible && (o.parent.controls[0].message.isRunning || o.parent.controls[0].message.isWaiting);\n          })\n        ],\n        \"animations\": [\n          {\n            \"event\": \"onAlways\",\n            \"flow\": [\n              {\n                \"type\": \"playAnimation\",\n                \"repeat\": false,\n                \"animationId\": 0\n              }\n            ]\n          }\n        ],\n        \"image\": \"message_caret\",\n        \"zIndex\": 10000,\n        \"frame\": [0, 0]\n      }\n    ]\n  };\n\n  ui.UiFactory.customTypes[\"ui.GameMessageNVL\"] = {\n    \"type\": \"ui.FreeLayout\",\n    \"sizeToFit\": true,\n    \"controls\": [\n      {\n        \"type\": \"ui.Message\",\n        \"zIndex\": 10000,\n        \"id\": function() {\n          return p.id + \"_message\";\n        },\n        \"style\": \"nvlMessageText\",\n        \"frame\": [Graphics.width / 100 * 12.5 + 8, 8, Graphics.width / 100 * 75 - 16, Graphics.height - 16]\n      }\n    ]\n  };\n\n  ui.UiFactory.customTypes[\"ui.MessageBoxNVL\"] = {\n    \"type\": \"ui.FreeLayout\",\n    \"sizeToFit\": true,\n    \"controls\": [\n      {\n        \"type\": \"ui.MessageBoxMenu\",\n        \"params\": {\n          \"messageBox\": $(function() {\n            return $messageBoxNVL;\n          })\n        },\n        \"order\": 81000,\n        \"frame\": [0, Graphics.height - 270]\n      }, {\n        \"type\": \"ui.Window\",\n        \"params\": {\n          \"backgroundOpacity\": 128\n        },\n        \"frame\": [Graphics.width / 100 * 12.5, 0, Graphics.width / 100 * 75, Graphics.height],\n        \"zIndex\": 4999\n      }\n    ]\n  };\n\n}).call(this);\n"},"summary":["name","type","order"]}