{"uid":"648CC80FKD7E4A458ESA01BE9D6F77BBCA0A","isLoaded":true,"lastModificationTime":0,"items":{"name":"Template_StepSlider","type":"game_script","order":12,"content":"ui.UiFactory.customTypes[\"ui.StepSlider\"] = {\n    \"type\": \"ui.FreeLayout\",\n    \"formulas\": [\n        $ -> if @onInitialize then o.controls[2].draggable.step = o.params.read.exec()\n        $ -> if @onChange o.controls[2].draggable.step then o.params.write.exec(o.controls[2].draggable.step)\n    ],\n    \"controls\": [\n        {\n            \"type\": \"ui.Panel\",\n            \"style\": \"sliderTrack\",\n            \"frame\": [0, 0, \"100% - 90\", gs.UIConstants.SLIDER_TRACK_H],\n            \"alignmentY\": \"center\"\n        },\n        {\n            \"type\": \"ui.SpreadLayout\",\n            \"frame\": [0, 0, \"100% - 90\", \"100%\"],\n            \"dataField\": -> p.data,\n            \"template\": {\n                \"type\": \"ui.Image\",\n                \"image\": gs.UIConstants.OPTION_BUTTON_S_IMAGE_OFF,\n                \"alignmentY\": \"center\"\n            }\n        },\n        {\n            \"style\": \"sliderKnob\",\n            \"imageHandling\": 0,\n            \"type\": \"ui.Image\",\n            \"frame\": [0, 0],\n            \"alignmentY\": \"center\",\n            \"formulas\": [\n                $ -> o.draggable.rect.width = o.parent.controls[0].dstRect.width\n                $ -> o.parent.controls[3].text = o.parent.params.data[o.parent.controls[2].draggable.step]\n            ],\n            \"draggable\": { \"rect\": [0, 0, 100, gs.UIConstants.OPTION_BUTTON_H], \"axisX\": true, \"axisY\": false, \"steps\": -> p.steps }\n        },\n        {\n            \"type\": \"ui.Text\",\n            \"color\": [255, 255, 255],\n            \"frame\": [0, 0],\n            \"style\": \"smallUIText\",\n            \"alignmentX\": \"right\",\n            \"alignmentY\": \"center\",\n            \"text\": \"Hello\",\n            \"sizeToFit\": true\n        }\n    ]\n}","parentId":"2A0E8A67K5BAAA4D7AS9017ED220E9EFFCA7","folder":false,"compiledContent":"(function() {\n  ui.UiFactory.customTypes[\"ui.StepSlider\"] = {\n    \"type\": \"ui.FreeLayout\",\n    \"formulas\": [\n      $(function() {\n        if (this.onInitialize) {\n          return o.controls[2].draggable.step = o.params.read.exec();\n        }\n      }), $(function() {\n        if (this.onChange(o.controls[2].draggable.step)) {\n          return o.params.write.exec(o.controls[2].draggable.step);\n        }\n      })\n    ],\n    \"controls\": [\n      {\n        \"type\": \"ui.Panel\",\n        \"style\": \"sliderTrack\",\n        \"frame\": [0, 0, \"100% - 90\", gs.UIConstants.SLIDER_TRACK_H],\n        \"alignmentY\": \"center\"\n      }, {\n        \"type\": \"ui.SpreadLayout\",\n        \"frame\": [0, 0, \"100% - 90\", \"100%\"],\n        \"dataField\": function() {\n          return p.data;\n        },\n        \"template\": {\n          \"type\": \"ui.Image\",\n          \"image\": gs.UIConstants.OPTION_BUTTON_S_IMAGE_OFF,\n          \"alignmentY\": \"center\"\n        }\n      }, {\n        \"style\": \"sliderKnob\",\n        \"imageHandling\": 0,\n        \"type\": \"ui.Image\",\n        \"frame\": [0, 0],\n        \"alignmentY\": \"center\",\n        \"formulas\": [\n          $(function() {\n            return o.draggable.rect.width = o.parent.controls[0].dstRect.width;\n          }), $(function() {\n            return o.parent.controls[3].text = o.parent.params.data[o.parent.controls[2].draggable.step];\n          })\n        ],\n        \"draggable\": {\n          \"rect\": [0, 0, 100, gs.UIConstants.OPTION_BUTTON_H],\n          \"axisX\": true,\n          \"axisY\": false,\n          \"steps\": function() {\n            return p.steps;\n          }\n        }\n      }, {\n        \"type\": \"ui.Text\",\n        \"color\": [255, 255, 255],\n        \"frame\": [0, 0],\n        \"style\": \"smallUIText\",\n        \"alignmentX\": \"right\",\n        \"alignmentY\": \"center\",\n        \"text\": \"Hello\",\n        \"sizeToFit\": true\n      }\n    ]\n  };\n\n}).call(this);\n"},"summary":["name","type","order"]}