{"uid":"6B40401585B4B249798BCA581896DFE0218A","isLoaded":true,"lastModificationTime":0,"items":{"name":"Object_Animation","type":"game_script","order":8,"content":"# ===================================================================\n#\n#   Script: Object_Animation\n#\n#   $$COPYRIGHT$$\n#\n# ===================================================================\nclass Object_Animation extends gs.Object_Picture\n    ###*\n    * A game object used for animations.\n    *\n    * @module gs\n    * @class Object_Animation\n    * @extends gs.Object_Picture\n    * @memberof gs\n    * @constructor\n    ###\n    constructor: (record) ->\n        super()\n        \n        @image = record?.graphic.name\n            \n        component = new gs.Component_FrameAnimation(record)\n        @addComponent(component)\n            \n            \ngs.Object_Animation = Object_Animation","parentId":"A05E7029K45DBA459BSADF4EEC07A526241A","folder":false,"compiledContent":"(function() {\n  var Object_Animation,\n    extend = function(child, parent) { for (var key in parent) { if (hasProp.call(parent, key)) child[key] = parent[key]; } function ctor() { this.constructor = child; } ctor.prototype = parent.prototype; child.prototype = new ctor(); child.__super__ = parent.prototype; return child; },\n    hasProp = {}.hasOwnProperty;\n\n  Object_Animation = (function(superClass) {\n    extend(Object_Animation, superClass);\n\n\n    /**\n    * A game object used for animations.\n    *\n    * @module gs\n    * @class Object_Animation\n    * @extends gs.Object_Picture\n    * @memberof gs\n    * @constructor\n     */\n\n    function Object_Animation(record) {\n      var component;\n      Object_Animation.__super__.constructor.call(this);\n      this.image = record != null ? record.graphic.name : void 0;\n      component = new gs.Component_FrameAnimation(record);\n      this.addComponent(component);\n    }\n\n    return Object_Animation;\n\n  })(gs.Object_Picture);\n\n  gs.Object_Animation = Object_Animation;\n\n}).call(this);\n"},"summary":["name","type"]}