{"uid":"6BBB4642KC04EA4DDCSB9B6E51000D148D85","isLoaded":true,"lastModificationTime":0,"items":{"name":"Component_ZoomAnimation","type":"game_script","order":9,"content":"# ===================================================================\n#\n#   Script: Component_ZoomAnimation\n#\n#   $$COPYRIGHT$$\n#\n# ===================================================================\nclass Component_ZoomAnimation extends gs.Component_Animation\n    ###*\n    * Executes a zoom-animation on a game-object.\n    *\n    * @module gs\n    * @class Component_ZoomAnimation\n    * @extends gs.Component_Animation\n    * @memberof gs\n    * @constructor\n    ###\n    constructor: (data) ->\n        super\n        \n        ###*\n        * The easing-object used for the animation.\n        * @property easing\n        * @type gs.Easing\n        ###\n        @easing = new gs.Easing(null, data?.easing)\n        \n    ###*\n    * Serializes the zoom-animation into a data-bundle.\n    *\n    * @method toDataBundle\n    ###\n    toDataBundle: ->\n        easing: @easing\n        \n    ###*\n    * Updates the zoom-animation.\n    *\n    * @method update\n    ###\n    update: ->\n        super\n        \n        if not @easing.isRunning then return\n        \n        @easing.updatePosition()\n        @object.zoom.x = @easing.x\n        @object.zoom.y = @easing.y\n        \n        if not @easing.isRunning\n            @callback?(@object, this)\n    \n    ###*\n    * Starts the zoom-animation.\n    *\n    * @method zoomTo\n    * @param {number} x The x-axis zoom-factor.\n    * @param {number} y The y-axis zoom-factor.\n    * @param {number} duration The duration in frames.\n    * @param {Object} easingType The easing-type.\n    * @param {function} [callback] An optional callback called if blending is finished. \n    ###    \n    start: (x, y, duration, easingType, callback) ->\n        @callback = callback\n        @easing.type = easingType || gs.Easings.EASE_LINEAR[gs.EasingTypes.EASE_IN]\n        if duration == 0\n            @object.zoom.x = x\n            @object.zoom.y = y\n            @callback?(@object, this)\n        else\n            @easing.start(@object.zoom.x, @object.zoom.y, x, y, duration)\n\n        \ngs.Component_ZoomAnimation = Component_ZoomAnimation","parentId":"A8E9945CKEE5CA4855SAC81E480CB8098E0E","folder":false,"compiledContent":"(function() {\n  var Component_ZoomAnimation,\n    extend = function(child, parent) { for (var key in parent) { if (hasProp.call(parent, key)) child[key] = parent[key]; } function ctor() { this.constructor = child; } ctor.prototype = parent.prototype; child.prototype = new ctor(); child.__super__ = parent.prototype; return child; },\n    hasProp = {}.hasOwnProperty;\n\n  Component_ZoomAnimation = (function(superClass) {\n    extend(Component_ZoomAnimation, superClass);\n\n\n    /**\n    * Executes a zoom-animation on a game-object.\n    *\n    * @module gs\n    * @class Component_ZoomAnimation\n    * @extends gs.Component_Animation\n    * @memberof gs\n    * @constructor\n     */\n\n    function Component_ZoomAnimation(data) {\n      Component_ZoomAnimation.__super__.constructor.apply(this, arguments);\n\n      /**\n      * The easing-object used for the animation.\n      * @property easing\n      * @type gs.Easing\n       */\n      this.easing = new gs.Easing(null, data != null ? data.easing : void 0);\n    }\n\n\n    /**\n    * Serializes the zoom-animation into a data-bundle.\n    *\n    * @method toDataBundle\n     */\n\n    Component_ZoomAnimation.prototype.toDataBundle = function() {\n      return {\n        easing: this.easing\n      };\n    };\n\n\n    /**\n    * Updates the zoom-animation.\n    *\n    * @method update\n     */\n\n    Component_ZoomAnimation.prototype.update = function() {\n      Component_ZoomAnimation.__super__.update.apply(this, arguments);\n      if (!this.easing.isRunning) {\n        return;\n      }\n      this.easing.updatePosition();\n      this.object.zoom.x = this.easing.x;\n      this.object.zoom.y = this.easing.y;\n      if (!this.easing.isRunning) {\n        return typeof this.callback === \"function\" ? this.callback(this.object, this) : void 0;\n      }\n    };\n\n\n    /**\n    * Starts the zoom-animation.\n    *\n    * @method zoomTo\n    * @param {number} x The x-axis zoom-factor.\n    * @param {number} y The y-axis zoom-factor.\n    * @param {number} duration The duration in frames.\n    * @param {Object} easingType The easing-type.\n    * @param {function} [callback] An optional callback called if blending is finished.\n     */\n\n    Component_ZoomAnimation.prototype.start = function(x, y, duration, easingType, callback) {\n      this.callback = callback;\n      this.easing.type = easingType || gs.Easings.EASE_LINEAR[gs.EasingTypes.EASE_IN];\n      if (duration === 0) {\n        this.object.zoom.x = x;\n        this.object.zoom.y = y;\n        return typeof this.callback === \"function\" ? this.callback(this.object, this) : void 0;\n      } else {\n        return this.easing.start(this.object.zoom.x, this.object.zoom.y, x, y, duration);\n      }\n    };\n\n    return Component_ZoomAnimation;\n\n  })(gs.Component_Animation);\n\n  gs.Component_ZoomAnimation = Component_ZoomAnimation;\n\n}).call(this);\n"},"summary":["name","type","order"]}