{"uid":"6CA96EFAK4285A48DDSA427E157370CD016E","isLoaded":true,"lastModificationTime":0,"items":{"name":"Object_FreeLayout","type":"game_script","order":6,"content":"# ===================================================================\n#\n#   Script: Object_FreeLayout\n#\n#   $$COPYRIGHT$$\n#\n# ===================================================================\nclass Object_FreeLayout extends ui.Object_UIElement\n    @accessors \"zIndex\", \n        set: (v) -> @zIndex_ = v, \n        get: -> (@zIndex_ || 0) + (if !@parent then 0 else @parent.zIndex || 0)\n        \n    ###*\n    * A free-layout which layouts all sub-objects at their specified positions. \n    * So that kind of layout allows each sub-object to be freely positioned.\n    *\n    * @module ui\n    * @class Object_FreeLayout\n    * @extends ui.Object_UIElement\n    * @memberof ui\n    * @constructor\n    ###  \n    constructor: (x, y, width, height) ->\n        super()\n        \n        @dstRect.set(x || 0, y || 0, width || 1, height || 1 )\n        \n        ###*\n        * Indicates if the layout is resizable.\n        * @property resizable\n        * @type boolean\n        ###\n        @resizable = no\n        \n        ###*\n        * The UI object's animator-component to execute different kind of animations like move, rotate, etc. on it.\n        * @property animator\n        * @type vn.Component_Animator\n        ###\n        @animator = new gs.Animator()\n        \n        ###*\n        * The layout's sub-objects.\n        * @property controls\n        * @type ui.Object_UIElement[]\n        ###\n        @controls = []\n        \n        ###*\n        * The behavior component to add free-layout specific behavior.\n        * @property behavior\n        * @type gs.Component_FreeLayoutBehavior\n        ###\n        @behavior = new gs.Component_FreeLayoutBehavior()\n        \n        ###*\n        * Indicates if the layouts resizes to fit its content.\n        * @property sizeToFit\n        * @type boolean\n        ###\n        @sizeToFit = no\n        \n        @addComponent(@behavior)\n        @addComponent(@animator)\n        \n        \nui.Object_FreeLayout = Object_FreeLayout","parentId":"4F9670D7KD392A494FS953DE4377B04AA7A6","folder":false,"compiledContent":"(function() {\n  var Object_FreeLayout,\n    extend = function(child, parent) { for (var key in parent) { if (hasProp.call(parent, key)) child[key] = parent[key]; } function ctor() { this.constructor = child; } ctor.prototype = parent.prototype; child.prototype = new ctor(); child.__super__ = parent.prototype; return child; },\n    hasProp = {}.hasOwnProperty;\n\n  Object_FreeLayout = (function(superClass) {\n    extend(Object_FreeLayout, superClass);\n\n    Object_FreeLayout.accessors(\"zIndex\", {\n      set: function(v) {\n        return this.zIndex_ = v;\n      },\n      get: function() {\n        return (this.zIndex_ || 0) + (!this.parent ? 0 : this.parent.zIndex || 0);\n      }\n    });\n\n\n    /**\n    * A free-layout which layouts all sub-objects at their specified positions. \n    * So that kind of layout allows each sub-object to be freely positioned.\n    *\n    * @module ui\n    * @class Object_FreeLayout\n    * @extends ui.Object_UIElement\n    * @memberof ui\n    * @constructor\n     */\n\n    function Object_FreeLayout(x, y, width, height) {\n      Object_FreeLayout.__super__.constructor.call(this);\n      this.dstRect.set(x || 0, y || 0, width || 1, height || 1);\n\n      /**\n      * Indicates if the layout is resizable.\n      * @property resizable\n      * @type boolean\n       */\n      this.resizable = false;\n\n      /**\n      * The UI object's animator-component to execute different kind of animations like move, rotate, etc. on it.\n      * @property animator\n      * @type vn.Component_Animator\n       */\n      this.animator = new gs.Animator();\n\n      /**\n      * The layout's sub-objects.\n      * @property controls\n      * @type ui.Object_UIElement[]\n       */\n      this.controls = [];\n\n      /**\n      * The behavior component to add free-layout specific behavior.\n      * @property behavior\n      * @type gs.Component_FreeLayoutBehavior\n       */\n      this.behavior = new gs.Component_FreeLayoutBehavior();\n\n      /**\n      * Indicates if the layouts resizes to fit its content.\n      * @property sizeToFit\n      * @type boolean\n       */\n      this.sizeToFit = false;\n      this.addComponent(this.behavior);\n      this.addComponent(this.animator);\n    }\n\n    return Object_FreeLayout;\n\n  })(ui.Object_UIElement);\n\n  ui.Object_FreeLayout = Object_FreeLayout;\n\n}).call(this);\n"},"summary":["name","type","order"]}