{"uid":"74220BB53AC3194FC8792C457869A91E2152","isLoaded":true,"lastModificationTime":null,"items":{"name":"Jeremy","type":"data_record","category":"characters","id":6,"isFolder":false,"parentId":"ROOT","localizableStrings":{"1FD09FD248728843FD4A0FA73E146A89BDDC":{"t":"","d":null},"7FD6DECD1D3964492A1B86302C1D841FF597":{"t":"Jeremy","d":null}},"data":{"name":{"lcId":"7FD6DECD1D3964492A1B86302C1D841FF597","defaultText":"Jeremy"},"textColor":{"red":255,"green":255,"blue":255,"alpha":255},"defaultExpressionId":187,"timeTalkingToVoiceVolume":true,"talkingVolume":5,"params":[],"index":6},"order":6},"summary":["name","type","order"]}