{"uid":"74F8A855KA042A46C4S87DFE049434DECDE7","isLoaded":true,"lastModificationTime":0,"items":{"name":"Template_SelectableWindow","type":"game_script","order":14,"content":"ui.UiFactory.customTypes[\"ui.SelectableWindow\"] = {\n    \"type\": \"ui.FreeLayout\",\n    \"controls\": [\n        {\n            \"type\": \"ui.Frame\",\n            \"styles\": [\"windowShadow\", \"selectableWindowShadow\"],\n            \"inheritProperties\": true,\n            \"frame\": [0, 0, \"100%\", \"100%\"],\n            \"order\": 0,\n            \"zIndex\": 10\n        },\n        {\n            \"type\": \"ui.Image\",\n            \"style\": \"windowTilePattern\",\n            \"frame\": [0, 0, \"100%\", \"100%\"],\n            \"inheritProperties\": true,\n            \"zIndex\": 11,\n            \"order\": 1\n        },\n        {\n            \"type\": \"ui.Image\",\n            \"style\": \"windowStretchPattern\",\n            \"frame\": [0, 0, \"100%\", \"100%\"],\n            \"inheritProperties\": true,\n            \"zIndex\": 12,\n            \"order\": 2\n        },\n        {\n            \"type\": \"ui.Frame\",\n            \"style\": \"windowFrame\",\n            \"frame\": [0, 0, \"100%\", \"100%\"],\n            \"inheritProperties\": true,\n            \"zIndex\": 13,\n            \"action\": -> p.action\n            \"actions\": -> p.actions\n            \"order\": 3\n        }\n    ]\n}","parentId":"2A0E8A67K5BAAA4D7AS9017ED220E9EFFCA7","folder":false,"compiledContent":"(function() {\n  ui.UiFactory.customTypes[\"ui.SelectableWindow\"] = {\n    \"type\": \"ui.FreeLayout\",\n    \"controls\": [\n      {\n        \"type\": \"ui.Frame\",\n        \"styles\": [\"windowShadow\", \"selectableWindowShadow\"],\n        \"inheritProperties\": true,\n        \"frame\": [0, 0, \"100%\", \"100%\"],\n        \"order\": 0,\n        \"zIndex\": 10\n      }, {\n        \"type\": \"ui.Image\",\n        \"style\": \"windowTilePattern\",\n        \"frame\": [0, 0, \"100%\", \"100%\"],\n        \"inheritProperties\": true,\n        \"zIndex\": 11,\n        \"order\": 1\n      }, {\n        \"type\": \"ui.Image\",\n        \"style\": \"windowStretchPattern\",\n        \"frame\": [0, 0, \"100%\", \"100%\"],\n        \"inheritProperties\": true,\n        \"zIndex\": 12,\n        \"order\": 2\n      }, {\n        \"type\": \"ui.Frame\",\n        \"style\": \"windowFrame\",\n        \"frame\": [0, 0, \"100%\", \"100%\"],\n        \"inheritProperties\": true,\n        \"zIndex\": 13,\n        \"action\": function() {\n          return p.action;\n        },\n        \"actions\": function() {\n          return p.actions;\n        },\n        \"order\": 3\n      }\n    ]\n  };\n\n}).call(this);\n"},"summary":["name","type","order"]}