{"uid":"75482136KDFEBA417AS9657EB2C354B722E4","isLoaded":true,"lastModificationTime":0,"items":{"name":"Join Scene","type":"event_command","id":"vn.CharacterJoinScene","group":"$$1CCE5315K1F61A4059SBC64E0B6CECA383C3","color":"orange","defaultValue":{"predefinedPositionId":0,"expressionId":null,"characterId":0,"zOrder":0,"origin":0,"blendMode":0,"positionType":0,"motionBlur":{"enabled":0,"delay":2,"opacity":100,"dissolveSpeed":3},"position":{"x":0,"y":0},"animation":{"type":0,"movement":0,"mask":{"graphic":null,"vague":30}},"easing":{"type":0,"inOut":0},"duration":0,"waitForCompletion":1},"inlineImage":{"formula":"return !GSIsNull(p.expressionId) ? GS.VN.resourceForExpression(p.expressionId) : GS.VN.resourceForCharacter(p.characterId)","folder":"Graphics/Characters"},"quickItems":[{"label":"$$1CCE5315K1F61A4059SBC64E0B6CECA383C3","valueFormula":"return fmtRecord('characters', p.characterId)","attribute":"characterId","identifier":"character","variableButton":{"dataSource":"numbers"},"type":"GSQDataRecordField","dataSource":"characters"},{"label":"$$3DAF7BAF14E7D240E589BF03BA968C8A8336","valueFormula":"return !GSIsNull(p.expressionId) ? fmtRecord('characterExpressions', p.expressionId) : lcs('P113');","type":"GSQDataRecordField","dataSource":"characterExpressions","variableButton":{"dataSource":"numbers"},"attribute":"expressionId","allowEmptySelection":true},{"label":"$$P31","type":"GSQPopupField","valueFormula":"return GS.CONST.GRAPHIC_POSITION_TYPES[p.positionType]","attribute":"positionType","dataSource":["$$52E2B8291E58F74BCA0BCAB906C31A14C8E8","$$EDA8FFF8758AE841037B2DB13D815982AF4D","$$7975782B2E59994D107B13C1801F5A299E12"],"showItems":[["predefinedPositionId"],["position"],["x","y"]]},{"label":"","valueFormula":"return fmtNumVar(p.position.x) + ', ' + fmtNumVar(p.position.y);","type":"GSQPopupField","dialog":{"uid":"6D975E59K97CCA4336S9A2FE2089537FB6BA","bindings":[{"source":"character","translator":"return !GSIsNull(d.expressionId) ? GS.VN.resourceForExpression(d.expressionId) : GS.VN.resourceForCharacter(p);","to":"local","target":"data.resource"}]},"attribute":"position","dataAttributes":["position","previewBackground"]},{"label":"","valueFormula":"return GS.VN.textForPredefinedObjectPosition(p.predefinedPositionId);","type":"GSQPopupField","dataSource":{"sourceFormula":"return GS.VN.predefinedObjectPositionList()"},"attribute":"predefinedPositionId"},{"label":"X","variableButton":{"dataSource":"numbers"},"type":"GSQStepper","identifier":"x","attribute":"position.x","minimum":0,"maximum":9999999},{"label":"Y","variableButton":{"dataSource":"numbers"},"type":"GSQStepper","identifier":"y","attribute":"position.y","minimum":0,"maximum":9999999},{"label":"$$0BD2456DK1DA1A4C2DS9C03EAC7A2C6C7815","valueFormula":"return fmtDuration(fmtNumVar(p.duration))","valueTranslator":{"write":"return v / 1000 * GS.CONST.GAME_FRAME_RATE","read":"return ROUND(v / GS.CONST.GAME_FRAME_RATE * 1000)"},"type":"GSQStepper","attribute":"duration","identifier":"duration","variableButton":{"dataSource":"numbers"},"minimum":0,"maximum":9999999,"lockable":true},{"type":"GSQPopupField","attribute":"waitForCompletion","identifier":"waitForCompletion","dataSource":["$$2EA7A7BF12D3404F62094CA6644784A9FC40","$$97A5E676K2351A43FCSB0DFEBB5CF7A73243"],"valueFormula":"return (p.waitForCompletion ? lcs('97A5E676K2351A43FCSB0DFEBB5CF7A73243') : lcs('2EA7A7BF12D3404F62094CA6644784A9FC40'))"}],"expandedView":{"columns":[{"sections":[{"label":"$$4B6665ACK640FA4A19S89F1E4F1070280626","rows":[{"items":[{"label":"Easing","type":"GSQPopupField","attribute":"easing.type","lockable":true,"width":"50%","dataSource":["$$B04840A62C08B644918821142386D7EEB014","$$99D9039B6FF24440998B5ED62A44E25D562A","$$6DB3AC545EBEF747C56BB237892A2FE7DC6A","$$087E67D05860D644FC9A87C91B303A91E774","$$5101E7646B6A284EC5385FF42CC39E29BC20","$$9DEB76CD12AA024F65384215C8DF97C64463","$$757243FE807A124F5058CEA6DC72BB24F1AD","$$22D2BB118D79E248023904E4E5DCF459C2B2"],"valueFormula":"return GS.CONST.EASING_TYPES[p.easing.type]"},{"label":"","width":"auto","type":"GSQPopupField","attribute":"easing.inOut","dataSource":["$$19C38D481D2B4947845AFB426AA83A22A24E","$$636489127D19D648ED6BB357549054B90E98","$$03359F826080274E018A4693CE01C765D700"],"valueFormula":"return GS.CONST.EASING_IN_OUT[p.easing.inOut]"}]},{"items":[{"type":"GSQPopupField","attribute":"animation.type","width":"50%","lockable":true,"label":"$$9D7B8871KE8A7A410ES8CA3EA1F415A8BEA7","dataSource":["$$2683C0C34985474F713910185340D35D3108","$$P177","$$000ADEF46265D146AF5893C3E8B9A840397F"],"valueFormula":"return GS.CONST.APPEARANCE_ANIMATION_TYPES[p.animation.type]","showItems":[["animation_movement"],[],["animation_maskFile","animation_maskVague"]]},{"identifier":"animation_movement","dataSource":["$$DA8B51B3KB92CA46EFSB9A9EDF4D4C81A9B8","$$0E468336KEA04A497CS8813E5A7FA8B85AF5","$$927A7043KEE05A4A52SA7C9E418BAF35232F","$$EB59D1CFK6206A4F2BSB258EE66915195A6D"],"type":"GSQPopupField","width":"auto","attribute":"animation.movement","valueFormula":"return GS.CONST.MOVE_ANIMATION_TYPES[p.animation.movement]"},{"label":"$$P61","valueFormula":"return fmtResource(p.animation.mask.graphic);","attribute":"animation.mask.graphic","variableButton":{"dataSource":"strings"},"identifier":"animation_maskFile","type":"GSQPopupField","dataAttribute":"resource","dialog":{"uid":"dialog.selectGraphicResource","parameters":{"folder":"Graphics/Masks"}}},{"label":"$$A20F74E20798454C200A83253DEACB863B87","identifier":"animation_maskVague","variableButton":{"dataSource":"numbers"},"type":"GSQStepper","attribute":"animation.mask.vague","minimum":0,"maximum":255}]},{"items":[{"label":"$$39F3501D5398B243109AC4E68EA163812B38","lockable":true,"type":"GSQCheckBox","attribute":"motionBlur.enabled","valueFormula":"return GS.CONST.YES_NO[p.motionBlur.enabled]","enableItems":["motionBlur.delay","motionBlur.dissolveSpeed","motionBlur.opacity"]},{"label":"$$4DAD1BF70B09254B8C7898E012FD7FAF15CC","type":"GSQStepper","attribute":"motionBlur.delay","minimum":1,"maximum":1000},{"label":"$$BE21611B4A0B334CE4092F34651F62808466","type":"GSQStepper","attribute":"motionBlur.dissolveSpeed","minimum":1,"maximum":255},{"label":"$$P176","type":"GSQStepper","attribute":"motionBlur.opacity","minimum":1,"maximum":255}]}]},{"label":"$$9E1A5407531CC141D66911387F0B53C14B4F","rows":[{"items":[{"label":"$$376D9476064BA24775187795894CD3009687","type":"GSQPopupField","valueFormula":"return p.origin == 0 ? lcs('P29') : lcs('P30')","attribute":"origin","dataSource":["$$P29","$$P30"],"width":"50%","lockable":true}]},{"items":[{"label":"$$A4972EEB1026104D6B2BC9F4B0493B3D8B5F","type":"GSQStepper","attribute":"zOrder","minimum":-9999999,"maximum":9999999,"variableButton":{"dataSource":"numbers"},"defaultValue":0,"width":"50%","lockable":true}]},{"items":[{"label":"Blend Mode","type":"GSQPopupField","attribute":"blendMode","dataSource":["Normal","Additive","Subtractive"],"valueFormula":"return GS.CONST.BLEND_MODES[p.blendMode]","variableButton":{"dataSource":"numbers"},"defaultValue":0,"lockable":true}]}]}]}]},"sections":[],"rawContent":"{\n    \"id\": \"vn.CharacterJoinScene\",\n    \"group\": \"$$1CCE5315K1F61A4059SBC64E0B6CECA383C3\",\n    \"color\": \"orange\",\n    \"defaultValue\": { \"predefinedPositionId\": 0, \"expressionId\": null, \"characterId\": 0, \"zOrder\": 0, \"origin\": 0, \"blendMode\": 0, \"positionType\": 0, \"motionBlur\": GS.CONST.DEFAULT_MOTION_BLUR_DATA, \"position\": { \"x\": 0, \"y\": 0 }, \"animation\": GS.CONST.DEFAULT_APPEARANCE_ANIMATION_DATA, \"easing\": { \"type\": 0, \"inOut\": 0 }, \"duration\": 0, \"waitForCompletion\": 1},\n    \"inlineImage\": { \n        \"formula\": \"return !GSIsNull(p.expressionId) ? GS.VN.resourceForExpression(p.expressionId) : GS.VN.resourceForCharacter(p.characterId)\", \n        \"folder\": \"Graphics/Characters\"\n    },\n    \"quickItems\": [\n        GSQ.CONTROLS.CHARACTER_SELECTION,\n        {\n            \"label\": \"$$3DAF7BAF14E7D240E589BF03BA968C8A8336\",\n            \"valueFormula\": \"return !GSIsNull(p.expressionId) ? fmtRecord('characterExpressions', p.expressionId) : lcs('P113');\",\n            \"type\": \"GSQDataRecordField\",\n            \"dataSource\":\"characterExpressions\",\n            \"variableButton\": { \"dataSource\": \"numbers\" },\n            \"attribute\": \"expressionId\",\n            \"allowEmptySelection\": true\n        },\n        GSQ.CONTROLS.GRAPHIC_POSITION_TYPE,\n        {\n            \"label\": \"\",\n            \"valueFormula\": \"return fmtNumVar(p.position.x) + ', ' + fmtNumVar(p.position.y);\",\n            \"type\": \"GSQPopupField\",\n            \"dialog\": { \"uid\": \"6D975E59K97CCA4336S9A2FE2089537FB6BA\", \"bindings\": [{ \"source\": \"character\", \"translator\": \"return !GSIsNull(d.expressionId) ? GS.VN.resourceForExpression(d.expressionId) : GS.VN.resourceForCharacter(p);\", \"to\": \"local\", \"target\": \"data.resource\" }] },\n            \"attribute\": \"position\",\n            \"dataAttributes\": [\"position\", \"previewBackground\"]\n        },\n        GSQ.CONTROLS.CREATE_PREDEFINED_OBJECT_POSITION(),\n        GSQ.CONTROLS.GRAPHIC_POSITION_X,\n        GSQ.CONTROLS.GRAPHIC_POSITION_Y,\n        Object.override(GSQ.CONTROLS.DURATION, {\"lockable\": true}),\n        GSQ.CONTROLS.WAIT_FOR_COMPLETION\n        \n    ],\n    \"expandedView\": {\n        \"columns\": [\n            {\n                \"sections\": [\n                    {\n                        \"label\": \"$$4B6665ACK640FA4A19S89F1E4F1070280626\",\n                        \"rows\": [\n                            GSQ.ROWS.EASING,\n                            GSQ.ROWS.APPEARANCE_ANIMATION,\n                            GSQ.ROWS.MOTION_BLUR\n                        ]\n                    },\n                    {\n                        \"label\": \"$$9E1A5407531CC141D66911387F0B53C14B4F\",\n                        \"rows\": [\n                            { \"items\": [Object.override(GSQ.CONTROLS.GRAPHIC_ORIGIN, {\"width\": \"50%\", \"lockable\": true })] },\n                            { \"items\": [Object.override(GSQ.CONTROLS.GRAPHIC_Z_ORDER, {\"width\": \"50%\", \"lockable\": true })] },\n                            { \"items\": [Object.override(GSQ.CONTROLS.GRAPHIC_BLEND_MODE, { \"lockable\": true })] }\n                        ]\n                    } \n                ]\n            }\n        ]\n        \n    },\n    \"sections\": [\n    ]\n}","parentId":"7A22C363K2908A4E47S847CEF6497E3C751F","order":5},"summary":["name","type"]}