{"uid":"75766D35KDA92A4AF7SBC1EE7E8C73792C16","isLoaded":true,"lastModificationTime":0,"items":{"name":"Object_Frame","type":"game_script","order":1,"content":"# ===================================================================\n#\n#   Script: Object_Frame\n#\n#   $$COPYRIGHT$$\n#\n# ===================================================================\nclass Object_Frame extends ui.Object_UIElement\n    ###*\n    * An UI frame object to display an frame on screen useful for buttons, windows, etc.\n    *\n    * @module ui\n    * @class Object_Frame\n    * @extends ui.Object_UIElement\n    * @memberof ui\n    * @constructor\n    ###  \n    constructor: (skin) ->\n        super\n        @image = skin || GameManager.windowSkin\n        \n        ###*\n        * The UI object's visual-component to display the game object on screen.\n        * @property visual\n        * @type gs.Component_Frame\n        ###\n        @visual = new gs.Component_Frame()\n        \n        \n        ###*\n        * The thickness of the frame/border in pixels. Default is 16.\n        * @property frameThickness\n        * @type number\n        ###\n        @frameThickness = 16\n        \n        ###*\n        * The corner-size of the frame in pixels. Default is 16(16x16 pixel).\n        * @property frameCornerSize\n        * @type number\n        ###\n        @frameCornerSize = 16\n        \n        @addComponent(@visual)\n        \nui.Object_Frame = Object_Frame","parentId":"4F9670D7KD392A494FS953DE4377B04AA7A6","folder":false,"compiledContent":"(function() {\n  var Object_Frame,\n    extend = function(child, parent) { for (var key in parent) { if (hasProp.call(parent, key)) child[key] = parent[key]; } function ctor() { this.constructor = child; } ctor.prototype = parent.prototype; child.prototype = new ctor(); child.__super__ = parent.prototype; return child; },\n    hasProp = {}.hasOwnProperty;\n\n  Object_Frame = (function(superClass) {\n    extend(Object_Frame, superClass);\n\n\n    /**\n    * An UI frame object to display an frame on screen useful for buttons, windows, etc.\n    *\n    * @module ui\n    * @class Object_Frame\n    * @extends ui.Object_UIElement\n    * @memberof ui\n    * @constructor\n     */\n\n    function Object_Frame(skin) {\n      Object_Frame.__super__.constructor.apply(this, arguments);\n      this.image = skin || GameManager.windowSkin;\n\n      /**\n      * The UI object's visual-component to display the game object on screen.\n      * @property visual\n      * @type gs.Component_Frame\n       */\n      this.visual = new gs.Component_Frame();\n\n      /**\n      * The thickness of the frame/border in pixels. Default is 16.\n      * @property frameThickness\n      * @type number\n       */\n      this.frameThickness = 16;\n\n      /**\n      * The corner-size of the frame in pixels. Default is 16(16x16 pixel).\n      * @property frameCornerSize\n      * @type number\n       */\n      this.frameCornerSize = 16;\n      this.addComponent(this.visual);\n    }\n\n    return Object_Frame;\n\n  })(ui.Object_UIElement);\n\n  ui.Object_Frame = Object_Frame;\n\n}).call(this);\n"},"summary":["name","type","order"]}