{"uid":"76B7EFC98D7754427E48EF0289EF97EFA560","isLoaded":true,"lastModificationTime":null,"items":{"id":"gs.SetTargetMessage","group":"$$8C18C980KCA7CA4FCDS99EFEC6824693DD97","displayName":"$$63BE94B67D35D64B3F8B4694F9D98152E87E","defaultValue":{"id":"gameMessage_message","number":0,"type":1,"clear":1},"quickItems":[{"label":"$$BD058CE5KA3B8A41C6S9B32ECEC674F8EC05","valueFormula":"return GS.CONST.MESSAGE_BOX_POSITIONS[p.type];","attribute":"type","type":"GSQPopupField","dataSource":["$$7ED2EFE09A4BA440636A72C775C3D00A83AE","$$A9449AC18121434DEF4A153226F84997880C"],"showItems":[["id"],["number"]]},{"type":"GSQTextArea","label":"$$3C992C9BKF744A4817S9E00E20E2A72326C5","multiline":false,"attribute":"id","variableButton":{"dataSource":"strings"}},{"type":"GSQStepper","label":"$$C287D490K9B01A4407SA616EF2726CA43B52","attribute":"number","variableButton":{"dataSource":"numbers"}},{"type":"GSQCheckBox","label":"$$P147","attribute":"clear"}],"rawContent":"{\n    \"id\": \"gs.SetTargetMessage\",\n    \"group\": \"$$8C18C980KCA7CA4FCDS99EFEC6824693DD97\",\n    \"displayName\": \"$$63BE94B67D35D64B3F8B4694F9D98152E87E\",\n    \"defaultValue\": { \"id\": \"gameMessage_message\", \"number\": 0, \"type\": 1, \"clear\": 1 },\n    \"quickItems\": [\n        {\n            \"label\": \"$$BD058CE5KA3B8A41C6S9B32ECEC674F8EC05\",\n            \"valueFormula\": \"return GS.CONST.MESSAGE_BOX_POSITIONS[p.type];\",\n            \"attribute\": \"type\",\n            \"type\": \"GSQPopupField\",\n            \"dataSource\": GS.CONST.MESSAGE_BOX_POSITIONS,\n            \"showItems\": [[\"id\"], [\"number\"]]\n        },\n        {\n            \"type\": \"GSQTextArea\",\n            \"label\": \"$$3C992C9BKF744A4817S9E00E20E2A72326C5\",\n            \"multiline\": false,\n            \"attribute\": \"id\",\n            \"variableButton\": { \"dataSource\": \"strings\" }\n        },\n        {\n            \"type\": \"GSQStepper\",\n            \"label\": \"$$C287D490K9B01A4407SA616EF2726CA43B52\",\n            \"attribute\": \"number\",\n            \"variableButton\": { \"dataSource\": \"numbers\" }\n        },\n        {\n            \"type\": \"GSQCheckBox\",\n            \"label\": \"$$P147\",\n            \"attribute\": \"clear\"\n        }\n    ]\n}","name":"Set Message Target","type":"event_command","parentId":"8CC0A736KF347A454AS899FE4F42878D912C","order":16},"summary":["name","type"]}