{"uid":"79C090A463B8D641194B8A01302FE755D137","isLoaded":true,"lastModificationTime":null,"items":{"id":"gs.FreezeScreen","group":"$$0620EF3CK3406A4B70SA1ACE3750D5C17E57","defaultValue":{},"quickItems":[],"rawContent":"{\n    \"id\": \"gs.FreezeScreen\",\n    \"group\": \"$$0620EF3CK3406A4B70SA1ACE3750D5C17E57\",\n    \"defaultValue\": {},\n    \"quickItems\": []\n}","name":"Freeze Screen","type":"event_command","parentId":"85446216KA82AA4A7DS8F25E541AB7EFA66A","order":4},"summary":["name","type"]}