{"uid":"79CA9983KA768A4D7FSB64EE0AB3AFE35ACD","isLoaded":true,"lastModificationTime":0,"items":{"name":"Object_Character","type":"game_script","order":3,"content":"# ===================================================================\n#\n#   Script: Object_Character\n#\n#   $$COPYRIGHT$$\n#\n# ===================================================================\nclass Object_Character extends gs.Object_Visual\n    ###*\n    * A game object for a visual novel character. \n    *\n    * @module vn\n    * @class Object_Character\n    * @extends gs.Object_Visual\n    * @memberof vn\n    * @constructor\n    ###\n    constructor: (record, data) ->\n        super(data)\n        \n        ###*\n        * The object's source rectangle on screen.\n        * @property srcRect\n        * @type gs.Rect\n        ###\n        @srcRect = new Rect()\n        \n        ###*\n        * The object's z-index.\n        * @property zIndex\n        * @type number\n        ###\n        @zIndex = 200\n    \n        ###*\n        * The object's mask.\n        * @property mask\n        * @type gs.Mask\n        ###\n        @mask = new gs.Mask()\n        \n        ###*\n        * Indicates if the object's visual presentation should be mirrored horizontally.\n        * @property mirror\n        * @type boolean\n        ###\n        @mirror = data?.mirror ? false\n        \n        ###*\n        * The object's image used for visual presentation.\n        * @property image\n        * @type string\n        ###\n        @image = \"\"\n        \n        ###*\n        * The ID of the character-record used.\n        * @property rid\n        * @type number\n        ###\n        @rid = data?.id || record.index\n        \n        ###*\n        * The character's expression(database-record)\n        * @property expression\n        * @type Object\n        ###\n        @expression = RecordManager.characterExpressions[data?.expressionId || 0]\n        \n        ###*\n        * The character's behavior component which contains the character-specific logic.\n        * @property behavior\n        * @type vn.Component_CharacterBehavior\n        ###\n        @behavior = new vn.Component_CharacterBehavior()\n        @logic = @behavior\n        \n        ###*\n        * The object's animator-component to execute different kind of animations like move, rotate, etc. on it.\n        * @property animator\n        * @type vn.Component_Animator\n        ###\n        @animator = new gs.Component_Animator()\n        \n        ###*\n        * The object's visual-component to display the game object on screen.\n        * @property visual\n        * @type gs.Component_Sprite\n        ###\n        @visual = new gs.Component_Sprite()\n        @visual.imageFolder = \"Graphics/Characters\"\n        \n        @addComponent(@logic)\n        @addComponent(@visual)\n        @addComponent(@animator)\n        @componentsFromDataBundle(data)\n        \n        @update()\n        \n     \n    ###*\n    * Restores the game object from a data-bundle.\n    *\n    * @method restore\n    * @param {Object} data - The data-bundle.\n    ###    \n    restore: (data) ->\n        super(data)\n        \n        @srcRect = gs.Rect.fromObject(data.srcRect)\n        @mask = gs.Mask.fromObject(data.mask)\n        \n    ###*\n    * Serializes the object into a data-bundle.\n    *\n    * @method toDataBundle\n    * @return {Object} The data-bundle.\n    ###   \n    toDataBundle: -> \n        components = @componentsToDataBundle(gs.Component_Animation)\n        \n        return {\n            rid: @rid, \n            x: @dstRect.x, \n            y: @dstRect.y,\n            opacity: @opacity,\n            zoom: @zoom,\n            angle: @angle,\n            anchor: @anchor,\n            zIndex: @zIndex,\n            offset: @offset,\n            motionBlur: @motionBlur,\n            mask: @mask.toDataBundle(),\n            mirror: @mirror, \n            expressionId: @expression.index,\n            components: components\n        }\n        \n\nvn.Object_Character = Object_Character","parentId":"A05E7029K45DBA459BSADF4EEC07A526241A","folder":false,"compiledContent":"(function() {\n  var Object_Character,\n    extend = function(child, parent) { for (var key in parent) { if (hasProp.call(parent, key)) child[key] = parent[key]; } function ctor() { this.constructor = child; } ctor.prototype = parent.prototype; child.prototype = new ctor(); child.__super__ = parent.prototype; return child; },\n    hasProp = {}.hasOwnProperty;\n\n  Object_Character = (function(superClass) {\n    extend(Object_Character, superClass);\n\n\n    /**\n    * A game object for a visual novel character. \n    *\n    * @module vn\n    * @class Object_Character\n    * @extends gs.Object_Visual\n    * @memberof vn\n    * @constructor\n     */\n\n    function Object_Character(record, data) {\n      var ref;\n      Object_Character.__super__.constructor.call(this, data);\n\n      /**\n      * The object's source rectangle on screen.\n      * @property srcRect\n      * @type gs.Rect\n       */\n      this.srcRect = new Rect();\n\n      /**\n      * The object's z-index.\n      * @property zIndex\n      * @type number\n       */\n      this.zIndex = 200;\n\n      /**\n      * The object's mask.\n      * @property mask\n      * @type gs.Mask\n       */\n      this.mask = new gs.Mask();\n\n      /**\n      * Indicates if the object's visual presentation should be mirrored horizontally.\n      * @property mirror\n      * @type boolean\n       */\n      this.mirror = (ref = data != null ? data.mirror : void 0) != null ? ref : false;\n\n      /**\n      * The object's image used for visual presentation.\n      * @property image\n      * @type string\n       */\n      this.image = \"\";\n\n      /**\n      * The ID of the character-record used.\n      * @property rid\n      * @type number\n       */\n      this.rid = (data != null ? data.id : void 0) || record.index;\n\n      /**\n      * The character's expression(database-record)\n      * @property expression\n      * @type Object\n       */\n      this.expression = RecordManager.characterExpressions[(data != null ? data.expressionId : void 0) || 0];\n\n      /**\n      * The character's behavior component which contains the character-specific logic.\n      * @property behavior\n      * @type vn.Component_CharacterBehavior\n       */\n      this.behavior = new vn.Component_CharacterBehavior();\n      this.logic = this.behavior;\n\n      /**\n      * The object's animator-component to execute different kind of animations like move, rotate, etc. on it.\n      * @property animator\n      * @type vn.Component_Animator\n       */\n      this.animator = new gs.Component_Animator();\n\n      /**\n      * The object's visual-component to display the game object on screen.\n      * @property visual\n      * @type gs.Component_Sprite\n       */\n      this.visual = new gs.Component_Sprite();\n      this.visual.imageFolder = \"Graphics/Characters\";\n      this.addComponent(this.logic);\n      this.addComponent(this.visual);\n      this.addComponent(this.animator);\n      this.componentsFromDataBundle(data);\n      this.update();\n    }\n\n\n    /**\n    * Restores the game object from a data-bundle.\n    *\n    * @method restore\n    * @param {Object} data - The data-bundle.\n     */\n\n    Object_Character.prototype.restore = function(data) {\n      Object_Character.__super__.restore.call(this, data);\n      this.srcRect = gs.Rect.fromObject(data.srcRect);\n      return this.mask = gs.Mask.fromObject(data.mask);\n    };\n\n\n    /**\n    * Serializes the object into a data-bundle.\n    *\n    * @method toDataBundle\n    * @return {Object} The data-bundle.\n     */\n\n    Object_Character.prototype.toDataBundle = function() {\n      var components;\n      components = this.componentsToDataBundle(gs.Component_Animation);\n      return {\n        rid: this.rid,\n        x: this.dstRect.x,\n        y: this.dstRect.y,\n        opacity: this.opacity,\n        zoom: this.zoom,\n        angle: this.angle,\n        anchor: this.anchor,\n        zIndex: this.zIndex,\n        offset: this.offset,\n        motionBlur: this.motionBlur,\n        mask: this.mask.toDataBundle(),\n        mirror: this.mirror,\n        expressionId: this.expression.index,\n        components: components\n      };\n    };\n\n    return Object_Character;\n\n  })(gs.Object_Visual);\n\n  vn.Object_Character = Object_Character;\n\n}).call(this);\n"},"summary":["name","type","order"]}