{"uid":"79F41D50I66D2T488EA9897J45DBFF6F9F8F","lastModificationTime":1413544096693,"items":{"name":"Old Werewolf Status","type":"data_record","category":"simpleAnimations","id":83,"isFolder":false,"data":{"name":"Old Werewolf Status","graphic":{"name":"werewolfbattle01","hue":150,"opacity":255,"blending":0,"tone":{"red":0,"green":0,"blue":0,"grey":0}},"framesX":4,"framesY":4,"useFrameRange":true,"useRepetitionFrameRange":false,"position":0,"duration":32,"repeat":false,"effects":[],"index":83,"frameRange":{"start":12,"end":12}},"parentId":"0BEF0B32I580CT465CA9C55J7679EC622928"},"summary":["name","type"]}