{"uid":"7A3432C8K24B2A42DCS9E6EECFE90B89A04D","isLoaded":true,"lastModificationTime":0,"items":{"name":"Namespaces","type":"game_script","order":0,"content":"# ===================================================================\n#\n#   Script: Namespaces\n#\n#   $$COPYRIGHT$$\n#\n# ===================================================================\n\nwindow.$.noConflict()\nwindow.$ = (f, data, event) -> new ui.Formula(f, data || null, event || null)\n\n###*\n* Namespace for Visual Novel specific elements.\n* @namespace vn\n###\nwindow.vn = {}\n\n###*\n* Namespace for user interface elements.\n* @namespace ui\n###\nwindow.ui = {}\n\n###*\n* Namespace for universal elements.\n* @namespace gs\n###\n","parentId":"C2F9A7C9K48FFA4390S9F39E2E3A8A1D7221","folder":false,"compiledContent":"(function() {\n  window.$.noConflict();\n\n  window.$ = function(f, data, event) {\n    return new ui.Formula(f, data || null, event || null);\n  };\n\n\n  /**\n  * Namespace for Visual Novel specific elements.\n  * @namespace vn\n   */\n\n  window.vn = {};\n\n\n  /**\n  * Namespace for user interface elements.\n  * @namespace ui\n   */\n\n  window.ui = {};\n\n\n  /**\n  * Namespace for universal elements.\n  * @namespace gs\n   */\n\n}).call(this);\n","index":8},"summary":["name","type","order"]}