{"uid":"7C0818997DE4D742260BAF889CD17188005B","isLoaded":true,"lastModificationTime":0,"items":{"windowTitle":"$$66D1CBDDK0FAEA4C91S86F5ED19F664F8C92","windowSize":{"w":260},"sections":[{"name":"Position","identifier":"generalSection","noBorder":true,"column":0,"items":[{"type":"GSLabel","text":"$$P182","frame":[0,0],"group":"labels"},{"type":"GSStepper","attribute":"x","minimum":-9999999,"maximum":9999999,"valueTranslator":{"write":"return Math.floor(v * GS.GAME.previewScale())","read":"return Math.floor(v * (1.0/GS.GAME.previewScale()))"},"defaultValue":0,"frame":[1,0]},{"type":"GSLabel","text":"$$P183","frame":[2,0],"group":"labels"},{"type":"GSStepper","attribute":"y","defaultValue":0,"minimum":-9999999,"maximum":9999999,"valueTranslator":{"write":"return Math.floor(v * GS.GAME.previewScale())","read":"return Math.floor(v * (1.0/GS.GAME.previewScale()))"},"frame":[3,0]},{"type":"GSLabel","text":"$$FBD21B3DK57FEA4AA4SBF2EEA70C92043612","frame":[0,1],"group":"labels"},{"type":"GSStepper","attribute":"zoom","defaultValue":100,"minimum":1,"valueTranslator":{"write":"return v * GS.GAME.previewScale() / 100","read":"return Math.floor(v * 100 * (1.0/GS.GAME.previewScale()))"},"maximum":9999999,"frame":[1,1]},{"type":"GSLabel","text":"$$1D6C3127KE824A4F16S92DBEB78FCC2D6B9F","frame":[2,1],"group":"labels"},{"type":"GSStepper","attribute":"angle","defaultValue":0,"minimum":0,"maximum":359,"frame":[3,1]},{"type":"GSCheckBox","identifier":"flipped","text":"$$B3FD2AAA285DE943153AEB474FD525FB2E04","attribute":"horizontalFlip","frame":[0,2]}]}],"rawContent":"{\n    \"windowTitle\": \"$$66D1CBDDK0FAEA4C91S86F5ED19F664F8C92\",\n    \"windowSize\": {\n        \"w\": 260\n    },\n    \"sections\": [\n         {\n            \"name\": \"Position\",\n            \"identifier\": \"generalSection\",\n            \"noBorder\": true,\n            \"column\": 0,\n            \"items\": [\n                {\n                    \"type\": \"GSLabel\",\n                    \"text\": \"$$P182\",\n                    \"frame\": [0, 0],\n                    \"group\": \"labels\"\n                },\n                {\n                    \"type\": \"GSStepper\",\n                    \"attribute\": \"x\",\n                    \"minimum\": -GS.CONST.MAX_NUMBER_VALUE,\n                    \"maximum\": GS.CONST.MAX_NUMBER_VALUE,\n                    \"valueTranslator\": { \"write\": \"return Math.floor(v * GS.GAME.previewScale())\", \"read\": \"return Math.floor(v * (1.0/GS.GAME.previewScale()))\" },\n                    \"defaultValue\": 0,\n                    \"frame\": [1, 0]\n                },\n                {\n                    \"type\": \"GSLabel\",\n                    \"text\": \"$$P183\",\n                    \"frame\": [2, 0],\n                    \"group\": \"labels\"\n                },\n                {\n                    \"type\": \"GSStepper\",\n                    \"attribute\": \"y\",\n                    \"defaultValue\": 0,\n                    \"minimum\": -GS.CONST.MAX_NUMBER_VALUE,\n                    \"maximum\": GS.CONST.MAX_NUMBER_VALUE,\n                    \"valueTranslator\": { \"write\": \"return Math.floor(v * GS.GAME.previewScale())\", \"read\": \"return Math.floor(v * (1.0/GS.GAME.previewScale()))\" },\n                    \"frame\": [3, 0]\n                },\n                {\n                    \"type\": \"GSLabel\",\n                    \"text\": \"$$FBD21B3DK57FEA4AA4SBF2EEA70C92043612\",\n                    \"frame\": [0, 1],\n                    \"group\": \"labels\"\n                },\n                {\n                    \"type\": \"GSStepper\",\n                    \"attribute\": \"zoom\",\n                    \"defaultValue\": 100,\n                    \"minimum\": 1,\n                    \"valueTranslator\": { \"write\": \"return v * GS.GAME.previewScale() / 100\", \"read\": \"return Math.floor(v * 100 * (1.0/GS.GAME.previewScale()))\" },\n                    \"maximum\": GS.CONST.MAX_NUMBER_VALUE,\n                    \"frame\": [1, 1]\n                },\n                {\n                    \"type\": \"GSLabel\",\n                    \"text\": \"$$1D6C3127KE824A4F16S92DBEB78FCC2D6B9F\",\n                    \"frame\": [2, 1],\n                    \"group\": \"labels\"\n                },\n                {\n                    \"type\": \"GSStepper\",\n                    \"attribute\": \"angle\",\n                    \"defaultValue\": 0,\n                    \"minimum\": 0,\n                    \"maximum\": 359,\n                    \"frame\": [3, 1]\n                },\n                {\n                    \"type\": \"GSCheckBox\",\n                    \"identifier\": \"flipped\",\n                    \"text\": \"$$B3FD2AAA285DE943153AEB474FD525FB2E04\",\n                    \"attribute\": \"horizontalFlip\",\n                    \"frame\": [0, 2]\n                }\n            ]\n        }\n    ]\n}","name":"Position Cell Properties","type":"custom_view","parentId":"AC1ABDCBK050BA4863S9964E3DC378247DAD","order":35},"summary":["name","type"]}