{"uid":"7ECBFC62K425CA4689S9C69E0F40475F62C6","isLoaded":true,"lastModificationTime":0,"items":{"parentId":"0FEBB76EK401BA41A4S99B1E2346601143E2","displayName":"$$DA207B80909C2343435A95E4112CEB0C7DD9","windowTitle":"Add Hotspot","type":"event_command","id":"gs.AddHotspot","group":"$$8E805C42KAAEBA4E2ASAFEBE14638DCA0760","windowSize":{"w":671},"nodes":[],"defaultValue":{"positionType":0,"actions":{"onClick":{"type":0,"commonEventId":0,"label":"","switch":{"scope":1,"index":0},"scene":null},"onEnter":{"type":0,"commonEventId":0,"label":"","switch":{"scope":1,"index":0},"scene":null},"onSelect":{"type":0,"commonEventId":0,"label":"","switch":{"scope":1,"index":0},"scene":null},"onDeselect":{"type":0,"commonEventId":0,"label":"","switch":{"scope":1,"index":0},"scene":null},"onLeave":{"type":0,"commonEventId":0,"label":"","switch":{"scope":1,"index":0},"scene":null},"onDrag":{"type":0,"commonEventId":0,"label":"","switch":{"scope":1,"index":0},"scene":null}},"dragging":{"enabled":0,"variable":{"scope":1,"index":0},"horizontal":1,"vertical":0,"rect":{"x":0,"y":0,"size":{"width":200,"height":50}}},"position":1,"box":{"x":0,"y":0,"size":{"width":300,"height":100}}},"quickItems":[{"label":"$$C287D490K9B01A4407SA616EF2726CA43B52","identifier":"number","variableButton":{"dataSource":"numbers"},"type":"GSQStepper","attribute":"number","minimum":0,"maximum":9999999},{"label":"$$P31","type":"GSQPopupField","valueFormula":" switch(p.positionType) { case 0: return 'Direct'; break; case 1: return 'Calculated'; break; case 2: return 'Picture'; break; default: return 'Direct'; break;}","attribute":"positionType","dataSource":["Direct","Calculated","Picture"],"showItems":[["box"],["x","y","width","height"],["pictureNumber"]]},{"label":"","valueFormula":"return fmt('%d, %d, %d, %d', p.box.x, p.box.y, p.box.size.width, p.box.size.height)","type":"GSQPopupField","dialog":{"uid":"362CF89CKA303A4C45S8C46EF752B9CB2E43"},"attribute":"box","dataAttribute":"object"},{"label":"X","variableButton":{"dataSource":"numbers"},"type":"GSQStepper","identifier":"x","attribute":"box.x","minimum":0,"maximum":9999999},{"label":"Y","variableButton":{"dataSource":"numbers"},"type":"GSQStepper","identifier":"y","attribute":"box.y","minimum":0,"maximum":9999999},{"label":"$$F298E912KB3FAA4D38S8699ED37655BCFEF0","variableButton":{"dataSource":"numbers"},"type":"GSQStepper","identifier":"width","attribute":"box.size.width","minimum":0,"maximum":9999999},{"label":"$$6AD32F89KCC0CA4C25S8900E0FA08CE71324","variableButton":{"dataSource":"numbers"},"type":"GSQStepper","identifier":"height","attribute":"box.size.height","minimum":0,"maximum":9999999},{"label":"Picture Number","identifier":"pictureNumber","variableButton":{"dataSource":"numbers"},"type":"GSQStepper","attribute":"pictureNumber","minimum":0,"maximum":9999999},{"label":"On Click","type":"GSQPopupField","valueFormula":"return GS.CONST.HOTSPOT_ACTION_TYPES[p.actions.onClick.type]","attribute":"actions.onClick.type","dataSource":["$$71BC71C66ED2454FD2993602BE555D66E0FA","$$92FC7C83K7C7CA40D8SA4BFE105C9DF03481","$$8D066C2C8D2CD34D853AF130B815C569B18E"],"showItems":[["label"],["commonEvent"],["switch"]]},{"label":"$$DE90FBDDKDCE8A4CAASA1C1E982F7D417C1C","type":"GSQTextArea","identifier":"label","attribute":"actions.onClick.label","multiline":false,"valueFormula":"return p.actions.onClick.label || lcs('D7DC911DKCCB9A4DE9SBE26EBFCCA4CB0826')"},{"label":"$$512615ADK2682A417AS9B11EF5FDFE78FD82","valueFormula":"return fmtRecord('commonEvents', p.actions.onClick.commonEventId)","attribute":"actions.onClick.commonEventId","identifier":"commonEvent","type":"GSQDataRecordField","dataSource":"commonEvents"},{"label":"$$A8B1ECD7K09BAA4FFESB501EEF84B2699ED9","type":"GSQPopupField","identifier":"switch","attribute":"actions.onClick.switch","dialog":{"uid":"dialog.selectVariable","parameters":{"dataSource":"booleans"}},"valueFormula":"return fmtBoolVar(p.actions.onClick.switch)"}],"expandedView":{"columns":[{"sections":[{"label":"$$7F4D32186AE6B342433A3586CAEB8004B67C","rows":[{"items":[{"label":"$$D84CCD8A56198241872857479170ACB55F92","valueFormula":"return fmtResource(p.baseGraphic);","attribute":"baseGraphic","identifier":"baseGraphic","variableButton":{"dataSource":"strings"},"type":"GSQPopupField","dataAttribute":"resource","dialog":{"uid":"dialog.selectGraphicResource","parameters":{"folder":"Graphics/Pictures"}}}]},{"items":[{"label":"$$828ECA7022F26147773A74513BC532FBCE24","valueFormula":"return fmtResource(p.hoverGraphic);","attribute":"hoverGraphic","identifier":"hoverGraphic","variableButton":{"dataSource":"strings"},"type":"GSQPopupField","dataAttribute":"resource","dialog":{"uid":"dialog.selectGraphicResource","parameters":{"folder":"Graphics/Pictures"}}}]},{"items":[{"label":"$$3CFB5CC34C0477461A2B7D22FE773F469677","valueFormula":"return fmtResource(p.selectedGraphic);","attribute":"selectedGraphic","identifier":"selectedGraphic","variableButton":{"dataSource":"strings"},"type":"GSQPopupField","dataAttribute":"resource","dialog":{"uid":"dialog.selectGraphicResource","parameters":{"folder":"Graphics/Pictures"}}}]},{"items":[{"label":"$$0B2C562B32CAF241EF49C0A84CC1A1A21B3A","valueFormula":"return fmtResource(p.selectedHoverGraphic);","attribute":"selectedHoverGraphic","identifier":"selectedHoverGraphic","variableButton":{"dataSource":"strings"},"type":"GSQPopupField","dataAttribute":"resource","dialog":{"uid":"dialog.selectGraphicResource","parameters":{"folder":"Graphics/Pictures"}}}]},{"items":[{"label":"$$CE92FBB22261764C1F28D9B8E5BEE4ACA40C","valueFormula":"return fmtResource(p.unselectedGraphic);","attribute":"unselectedGraphic","identifier":"unselectedGraphic","variableButton":{"dataSource":"strings"},"type":"GSQPopupField","dataAttribute":"resource","dialog":{"uid":"dialog.selectGraphicResource","parameters":{"folder":"Graphics/Pictures"}}}]}]}]},{"sections":[{"label":"$$CD90C0D85BF21748797A6B734A889009A331","rows":[{"items":[{"label":"$$5C8AFEBD337EA9444A7BB1833DB9941091C9","type":"GSQCheckBox","attribute":"dragging.enabled","enableItems":[["dragging.horizontal","dragging.vertical","dragging.rect"]],"valueFormula":"return GS.CONST.YES_NO[p.dragging.enabled]"}]},{"items":[{"label":"$$648DC3D2KD5F6A42B2S8132ED75014FA6D5B","type":"GSQCheckBox","attribute":"dragging.horizontal","enableItems":[null],"valueFormula":"return GS.CONST.YES_NO[p.dragging.horizontal]"}]},{"items":[{"label":"$$CE9AC1AEK0702A45ECS8A94E83C19094559E","type":"GSQCheckBox","attribute":"dragging.vertical","enableItems":[null],"valueFormula":"return GS.CONST.YES_NO[p.dragging.vertical]"}]},{"items":[{"label":"$$E20AC05C4BDB03477169DA70EE837DF2A4B3","valueFormula":"return fmt('%d, %d, %d, %d', p.dragging.rect.x, p.dragging.rect.y, p.dragging.rect.size.width, p.dragging.rect.size.height)","type":"GSQPopupField","dialog":{"uid":"362CF89CKA303A4C45S8C46EF752B9CB2E43"},"attribute":"dragging.rect","dataAttribute":"object"}]},{"items":[{"label":"$$279A870082643340194815582532E3A95B7F","type":"GSQPopupField","dialog":{"uid":"dialog.selectVariable","parameters":{"dataSource":"numbers"}},"attribute":"dragging.variable","valueFormula":"return fmtVar(p.dragging.variable, 'numbers')"}]}]}]},{"sections":[{"label":"Actions","rows":[{"items":[{"type":"GSQPopupField","label":"On Enter","attribute":"actions.onEnter.type","dataSource":["$$71BC71C66ED2454FD2993602BE555D66E0FA","$$92FC7C83K7C7CA40D8SA4BFE105C9DF03481","$$8D066C2C8D2CD34D853AF130B815C569B18E"],"valueFormula":"return GS.CONST.HOTSPOT_ACTION_TYPES[p.actions.onEnter.type]","showItems":[["actions.onEnter.label"],["actions.onEnter.commonEventId"],["actions.onEnter.switch"]],"width":"50%"},{"type":"GSQDataRecordField","label":"Common Event","valueFormula":"return fmtRecord('commonEvents', p.actions.onEnter.commonEventId)","attribute":"actions.onEnter.commonEventId","dataSource":"commonEvents","width":"50%"},{"type":"GSQTextArea","multiline":false,"attribute":"actions.onEnter.label","valueFormula":"return p.actions.onEnter.label || lcs('D7DC911DKCCB9A4DE9SBE26EBFCCA4CB0826')","label":"Label","width":"50%"},{"label":"$$A8B1ECD7K09BAA4FFESB501EEF84B2699ED9","type":"GSQPopupField","attribute":"actions.onEnter.switch","dialog":{"uid":"dialog.selectVariable","parameters":{"dataSource":"booleans"}},"valueFormula":"return fmtBoolVar(p.actions.onEnter.switch)","width":"50%"}]},{"items":[{"type":"GSQPopupField","label":"On Select","attribute":"actions.onSelect.type","dataSource":["$$71BC71C66ED2454FD2993602BE555D66E0FA","$$92FC7C83K7C7CA40D8SA4BFE105C9DF03481","$$8D066C2C8D2CD34D853AF130B815C569B18E"],"valueFormula":"return GS.CONST.HOTSPOT_ACTION_TYPES[p.actions.onSelect.type]","showItems":[["actions.onSelect.label"],["actions.onSelect.commonEventId"],["actions.onSelect.switch"]],"width":"50%"},{"type":"GSQDataRecordField","label":"Common Event","valueFormula":"return fmtRecord('commonEvents', p.actions.onSelect.commonEventId)","attribute":"actions.onSelect.commonEventId","dataSource":"commonEvents","width":"50%"},{"type":"GSQTextArea","multiline":false,"attribute":"actions.onSelect.label","valueFormula":"return p.actions.onSelect.label || lcs('D7DC911DKCCB9A4DE9SBE26EBFCCA4CB0826')","label":"Label","width":"50%"},{"label":"$$A8B1ECD7K09BAA4FFESB501EEF84B2699ED9","type":"GSQPopupField","attribute":"actions.onSelect.switch","dialog":{"uid":"dialog.selectVariable","parameters":{"dataSource":"booleans"}},"valueFormula":"return fmtBoolVar(p.actions.onSelect.switch)","width":"50%"}]},{"items":[{"type":"GSQPopupField","label":"On Deselect","attribute":"actions.onDeselect.type","dataSource":["$$71BC71C66ED2454FD2993602BE555D66E0FA","$$92FC7C83K7C7CA40D8SA4BFE105C9DF03481","$$8D066C2C8D2CD34D853AF130B815C569B18E"],"valueFormula":"return GS.CONST.HOTSPOT_ACTION_TYPES[p.actions.onDeselect.type]","showItems":[["actions.onDeselect.label"],["actions.onDeselect.commonEventId"],["actions.onDeselect.switch"]],"width":"50%"},{"type":"GSQDataRecordField","label":"Common Event","valueFormula":"return fmtRecord('commonEvents', p.actions.onDeselect.commonEventId)","attribute":"actions.onDeselect.commonEventId","dataSource":"commonEvents","width":"50%"},{"type":"GSQTextArea","multiline":false,"attribute":"actions.onDeselect.label","valueFormula":"return p.actions.onDeselect.label || lcs('D7DC911DKCCB9A4DE9SBE26EBFCCA4CB0826')","label":"Label","width":"50%"},{"label":"$$A8B1ECD7K09BAA4FFESB501EEF84B2699ED9","type":"GSQPopupField","attribute":"actions.onDeselect.switch","dialog":{"uid":"dialog.selectVariable","parameters":{"dataSource":"booleans"}},"valueFormula":"return fmtBoolVar(p.actions.onDeselect.switch)","width":"50%"}]},{"items":[{"type":"GSQPopupField","label":"On Leave","attribute":"actions.onLeave.type","dataSource":["$$71BC71C66ED2454FD2993602BE555D66E0FA","$$92FC7C83K7C7CA40D8SA4BFE105C9DF03481","$$8D066C2C8D2CD34D853AF130B815C569B18E"],"valueFormula":"return GS.CONST.HOTSPOT_ACTION_TYPES[p.actions.onLeave.type]","showItems":[["actions.onLeave.label"],["actions.onLeave.commonEventId"],["actions.onLeave.switch"]],"width":"50%"},{"type":"GSQDataRecordField","label":"Common Event","valueFormula":"return fmtRecord('commonEvents', p.actions.onLeave.commonEventId)","attribute":"actions.onLeave.commonEventId","dataSource":"commonEvents","width":"50%"},{"type":"GSQTextArea","multiline":false,"attribute":"actions.onLeave.label","valueFormula":"return p.actions.onLeave.label || lcs('D7DC911DKCCB9A4DE9SBE26EBFCCA4CB0826')","label":"Label","width":"50%"},{"label":"$$A8B1ECD7K09BAA4FFESB501EEF84B2699ED9","type":"GSQPopupField","attribute":"actions.onLeave.switch","dialog":{"uid":"dialog.selectVariable","parameters":{"dataSource":"booleans"}},"valueFormula":"return fmtBoolVar(p.actions.onLeave.switch)","width":"50%"}]},{"items":[{"type":"GSQPopupField","label":"On Drag","attribute":"actions.onDrag.type","dataSource":["$$71BC71C66ED2454FD2993602BE555D66E0FA","$$92FC7C83K7C7CA40D8SA4BFE105C9DF03481","$$8D066C2C8D2CD34D853AF130B815C569B18E"],"valueFormula":"return GS.CONST.HOTSPOT_ACTION_TYPES[p.actions.onDrag.type]","showItems":[["actions.onDrag.label"],["actions.onDrag.commonEventId"],["actions.onDrag.switch"]],"width":"50%"},{"type":"GSQDataRecordField","label":"Common Event","valueFormula":"return fmtRecord('commonEvents', p.actions.onDrag.commonEventId)","attribute":"actions.onDrag.commonEventId","dataSource":"commonEvents","width":"50%"},{"type":"GSQTextArea","multiline":false,"attribute":"actions.onDrag.label","valueFormula":"return p.actions.onDrag.label || lcs('D7DC911DKCCB9A4DE9SBE26EBFCCA4CB0826')","label":"Label","width":"50%"},{"label":"$$A8B1ECD7K09BAA4FFESB501EEF84B2699ED9","type":"GSQPopupField","attribute":"actions.onDrag.switch","dialog":{"uid":"dialog.selectVariable","parameters":{"dataSource":"booleans"}},"valueFormula":"return fmtBoolVar(p.actions.onDrag.switch)","width":"50%"}]}]}]}]},"sections":[],"rawContent":"{\n    \"parentId\": \"AFAD6CEFK59C1A4298SBABFE7AEC1B964622\",\n    \"displayName\": \"$$DA207B80909C2343435A95E4112CEB0C7DD9\",\n    \"windowTitle\": \"Add Hotspot\",\n    \"type\": \"event_command\",\n    \"id\": \"gs.AddHotspot\",\n    \"group\": \"$$8E805C42KAAEBA4E2ASAFEBE14638DCA0760\",\n    \"windowSize\": {\n        \"w\": 671\n    },\n    \"nodes\": [\n    ],\n    \"defaultValue\": \n    { \n        \"positionType\": 0, \"actions\": { \n            \"onClick\": GS.CONST.DEFAULT_ACTION_DATA, \n            \"onEnter\": GS.CONST.DEFAULT_ACTION_DATA, \n            \"onSelect\": GS.CONST.DEFAULT_ACTION_DATA,\n            \"onDeselect\": GS.CONST.DEFAULT_ACTION_DATA,\n            \"onLeave\": GS.CONST.DEFAULT_ACTION_DATA,\n            \"onDrag\": GS.CONST.DEFAULT_ACTION_DATA\n        }, \n        \"dragging\": { \"enabled\": 0, \"variable\": { \"scope\": 1, \"index\": 0 }, \"horizontal\": 1, \"vertical\": 0, \"rect\": { \"x\": 0, \"y\": 0, \"size\": { \"width\": 200, \"height\": 50 }}}, \"position\": 1, \"box\": { \"x\": 0, \"y\": 0, \"size\": { \"width\": 300, \"height\": 100 }} },\n    \"quickItems\": [\n        GSQ.CONTROLS.GRAPHIC_OBJECT_NUMBER,\n        {\n            \"label\": \"$$P31\",\n            \"type\": \"GSQPopupField\",\n            \"valueFormula\": \" switch(p.positionType) { case 0: return 'Direct'; break; case 1: return 'Calculated'; break; case 2: return 'Picture'; break; default: return 'Direct'; break;}\",\n            \"attribute\": \"positionType\",\n            \"dataSource\": [\"Direct\", \"Calculated\", \"Picture\"],\n            \"showItems\": [[\"box\"], [\"x\", \"y\", \"width\", \"height\"], [\"pictureNumber\"]]\n        },\n        {\n            \"label\": \"\",\n            \"valueFormula\": \"return fmt('%d, %d, %d, %d', p.box.x, p.box.y, p.box.size.width, p.box.size.height)\",\n            \"type\": \"GSQPopupField\",\n            \"dialog\": { \"uid\": \"362CF89CKA303A4C45S8C46EF752B9CB2E43\" },\n            \"attribute\": \"box\",\n            \"dataAttribute\": \"object\"\n        },\n        {\n            \"label\": \"X\",\n            \"variableButton\": { \"dataSource\": \"numbers\" },\n            \"type\": \"GSQStepper\",\n            \"identifier\": \"x\",\n            \"attribute\": \"box.x\",\n            \"minimum\": 0,\n            \"maximum\": GS.CONST.MAX_NUMBER_VALUE\n        },\n        {\n            \"label\": \"Y\",\n            \"variableButton\": { \"dataSource\": \"numbers\" },\n            \"type\": \"GSQStepper\",\n            \"identifier\": \"y\",\n            \"attribute\": \"box.y\",\n            \"minimum\": 0,\n            \"maximum\": GS.CONST.MAX_NUMBER_VALUE\n        },\n        {\n            \"label\": \"$$F298E912KB3FAA4D38S8699ED37655BCFEF0\",\n            \"variableButton\": { \"dataSource\": \"numbers\" },\n            \"type\": \"GSQStepper\",\n            \"identifier\": \"width\",\n            \"attribute\": \"box.size.width\",\n            \"minimum\": 0,\n            \"maximum\": GS.CONST.MAX_NUMBER_VALUE\n        },\n        {\n            \"label\": \"$$6AD32F89KCC0CA4C25S8900E0FA08CE71324\",\n            \"variableButton\": { \"dataSource\": \"numbers\" },\n            \"type\": \"GSQStepper\",\n            \"identifier\": \"height\",\n            \"attribute\": \"box.size.height\",\n            \"minimum\": 0,\n            \"maximum\": GS.CONST.MAX_NUMBER_VALUE\n        },\n        Object.override(GSQ.CONTROLS.GRAPHIC_OBJECT_NUMBER, { \"label\": \"Picture Number\", \"attribute\": \"pictureNumber\", \"identifier\": \"pictureNumber\" }),\n        {\n            \"label\": \"On Click\",\n            \"type\": \"GSQPopupField\",\n            \"valueFormula\": \"return GS.CONST.HOTSPOT_ACTION_TYPES[p.actions.onClick.type]\",\n            \"attribute\": \"actions.onClick.type\",\n            \"dataSource\": GS.CONST.HOTSPOT_ACTION_TYPES,\n            \"showItems\": [[\"label\"], [\"commonEvent\"], [\"switch\"]]\n        },\n        {\n            \"label\": \"$$DE90FBDDKDCE8A4CAASA1C1E982F7D417C1C\",\n            \"type\": \"GSQTextArea\",\n            \"identifier\": \"label\",\n            \"attribute\": \"actions.onClick.label\",\n            \"multiline\": false,\n            \"valueFormula\": \"return p.actions.onClick.label || lcs('D7DC911DKCCB9A4DE9SBE26EBFCCA4CB0826')\"\n        },\n        {\n            \"label\": \"$$512615ADK2682A417AS9B11EF5FDFE78FD82\",\n            \"valueFormula\": \"return fmtRecord('commonEvents', p.actions.onClick.commonEventId)\",\n            \"attribute\": \"actions.onClick.commonEventId\",\n            \"identifier\": \"commonEvent\",\n            \"type\": \"GSQDataRecordField\",\n            \"dataSource\": \"commonEvents\"\n        },\n        {\n            \"label\": \"$$A8B1ECD7K09BAA4FFESB501EEF84B2699ED9\",\n            \"type\": \"GSQPopupField\",\n            \"identifier\": \"switch\",\n            \"attribute\": \"actions.onClick.switch\",\n            \"dialog\": { \"uid\":\"dialog.selectVariable\", \"parameters\": { \"dataSource\": \"booleans\" } },\n            \"valueFormula\": \"return fmtBoolVar(p.actions.onClick.switch)\"\n        }\n    ],\n    \"expandedView\": {\n        \"columns\": [\n            {\n                \"sections\": [\n                    {\n                        \"label\": \"$$7F4D32186AE6B342433A3586CAEB8004B67C\",\n                        \"rows\": [\n                            { \"items\": [GSQ.CONTROLS.IMAGE_SELECTION(\"$$D84CCD8A56198241872857479170ACB55F92\", \"baseGraphic\")] },\n                            { \"items\": [GSQ.CONTROLS.IMAGE_SELECTION(\"$$828ECA7022F26147773A74513BC532FBCE24\", \"hoverGraphic\")] },\n                            { \"items\": [GSQ.CONTROLS.IMAGE_SELECTION(\"$$3CFB5CC34C0477461A2B7D22FE773F469677\", \"selectedGraphic\")] },\n                            { \"items\": [GSQ.CONTROLS.IMAGE_SELECTION(\"$$0B2C562B32CAF241EF49C0A84CC1A1A21B3A\", \"selectedHoverGraphic\")] },\n                            { \"items\": [GSQ.CONTROLS.IMAGE_SELECTION(\"$$CE92FBB22261764C1F28D9B8E5BEE4ACA40C\", \"unselectedGraphic\")] }\n                        ]\n                    }\n                ]\n            },\n            {\n                \"sections\": [\n                    {\n                        \"label\": \"$$CD90C0D85BF21748797A6B734A889009A331\",\n                        \"rows\": [\n                            { \"items\": [GSQ.CONTROLS.CHECK_BOX(\"$$5C8AFEBD337EA9444A7BB1833DB9941091C9\", \"dragging.enabled\", [\"dragging.horizontal\", \"dragging.vertical\", \"dragging.rect\"])] },\n                            { \"items\": [GSQ.CONTROLS.CHECK_BOX(\"$$648DC3D2KD5F6A42B2S8132ED75014FA6D5B\", \"dragging.horizontal\")] },\n                            { \"items\": [GSQ.CONTROLS.CHECK_BOX(\"$$CE9AC1AEK0702A45ECS8A94E83C19094559E\", \"dragging.vertical\")] },\n                            { \"items\": [\n                                {\n                                    \"label\": \"$$E20AC05C4BDB03477169DA70EE837DF2A4B3\",\n                                    \"valueFormula\": \"return fmt('%d, %d, %d, %d', p.dragging.rect.x, p.dragging.rect.y, p.dragging.rect.size.width, p.dragging.rect.size.height)\",\n                                    \"type\": \"GSQPopupField\",\n                                    \"dialog\": { \"uid\": \"362CF89CKA303A4C45S8C46EF752B9CB2E43\" },\n                                    \"attribute\": \"dragging.rect\",\n                                    \"dataAttribute\": \"object\"\n                                }\n                            ] },\n                            { \"items\": [GSQ.CONTROLS.VARIABLE_SELECTION(\"$$279A870082643340194815582532E3A95B7F\", \"dragging.variable\", \"numbers\")] }\n                        ]\n                    } \n                ]\n            },\n            {\n                \"sections\": [\n                    {\n                        \"label\": \"Actions\",\n                        \"rows\": [\n                            GSQ.ROWS.CREATE_ACTION_SELECTION(\"On Enter\", \"actions.onEnter\"),\n                            GSQ.ROWS.CREATE_ACTION_SELECTION(\"On Select\", \"actions.onSelect\"),\n                            GSQ.ROWS.CREATE_ACTION_SELECTION(\"On Deselect\", \"actions.onDeselect\"),\n                            GSQ.ROWS.CREATE_ACTION_SELECTION(\"On Leave\", \"actions.onLeave\"),\n                            GSQ.ROWS.CREATE_ACTION_SELECTION(\"On Drag\", \"actions.onDrag\")\n                        ]\n                    }\n                ]\n            }\n        ]\n        \n    },\n    \"sections\": [\n    ]\n}","name":"Add Hotspot","order":16},"summary":["name","type"]}