{"uid":"81A70CC9K3166A47C5S8B20E712D412ED6AD","isLoaded":true,"lastModificationTime":1427732404128,"items":{"name":"Colors","type":"game_script","order":1,"content":"# ===================================================================\n#\n#   Script: Colors\n#\n#   $$COPYRIGHT$$\n#\n# ===================================================================\n\n###*\n* Enumeration containing default colors.\n*\n* @module gs\n* @class Colors\n* @memberof gs\n* @static\n* @final\n###\nclass Colors\n    ###*\n    * Transparent color.\n    * @property TRANSPARENT\n    * @type gs.Color\n    * @static\n    * @final\n    ###\n    @TRANSPARENT = new Color(0, 0, 0, 0)\n    \n    ###*\n    * White color.\n    * @property WHITE\n    * @type gs.Color\n    * @static\n    * @final\n    ###\n    @WHITE = new Color(255, 255, 255)\n    \n    ###*\n    * Black color.\n    * @property BLACK\n    * @type gs.Color\n    * @static\n    * @final\n    ###\n    @BLACK = new Color(0, 0, 0)\n    \n    ###*\n    * Color used for rain-particles (Weather-Effect).\n    * @property RAIN_PARTICLE\n    * @type gs.Color\n    * @static\n    * @final\n    ###\n    @RAIN_PARTICLE = new Color(245, 245, 255)\n    \n    ###*\n    * Color used for storm-particles (Weather-Effect).\n    * @property STORM_PARTICLE\n    * @type gs.Color\n    * @static\n    * @final\n    ###\n    @STORM_PARTICLE = @RAIN_PARTICLE\n    \n    ###*\n    * Color used for the face of snow-particles (Weather-Effect).\n    * @property SNOW_PARTICLE_FACE\n    * @type gs.Color\n    * @static\n    * @final\n    ###\n    @SNOW_PARTICLE_FACE = new Color(255, 255, 255)\n    \n    ###*\n    * Color used for the edges of snow-particles (Weather-Effect).\n    * @property SNOW_PARTICLE_EDGE\n    * @type gs.Color\n    * @static\n    * @final\n    ###\n    @SNOW_PARTICLE_EDGE = new Color(255, 255, 255, 0.5)\n    \nwindow.Colors = Colors\ngs.Colors = Colors","compiledContent":"\n/**\n* Enumeration containing default colors.\n*\n* @module gs\n* @class Colors\n* @memberof gs\n* @static\n* @final\n */\n\n(function() {\n  var Colors;\n\n  Colors = (function() {\n\n    /**\n    * Transparent color.\n    * @property TRANSPARENT\n    * @type gs.Color\n    * @static\n    * @final\n     */\n    function Colors() {}\n\n    Colors.TRANSPARENT = new Color(0, 0, 0, 0);\n\n\n    /**\n    * White color.\n    * @property WHITE\n    * @type gs.Color\n    * @static\n    * @final\n     */\n\n    Colors.WHITE = new Color(255, 255, 255);\n\n\n    /**\n    * Black color.\n    * @property BLACK\n    * @type gs.Color\n    * @static\n    * @final\n     */\n\n    Colors.BLACK = new Color(0, 0, 0);\n\n\n    /**\n    * Color used for rain-particles (Weather-Effect).\n    * @property RAIN_PARTICLE\n    * @type gs.Color\n    * @static\n    * @final\n     */\n\n    Colors.RAIN_PARTICLE = new Color(245, 245, 255);\n\n\n    /**\n    * Color used for storm-particles (Weather-Effect).\n    * @property STORM_PARTICLE\n    * @type gs.Color\n    * @static\n    * @final\n     */\n\n    Colors.STORM_PARTICLE = Colors.RAIN_PARTICLE;\n\n\n    /**\n    * Color used for the face of snow-particles (Weather-Effect).\n    * @property SNOW_PARTICLE_FACE\n    * @type gs.Color\n    * @static\n    * @final\n     */\n\n    Colors.SNOW_PARTICLE_FACE = new Color(255, 255, 255);\n\n\n    /**\n    * Color used for the edges of snow-particles (Weather-Effect).\n    * @property SNOW_PARTICLE_EDGE\n    * @type gs.Color\n    * @static\n    * @final\n     */\n\n    Colors.SNOW_PARTICLE_EDGE = new Color(255, 255, 255, 0.5);\n\n    return Colors;\n\n  })();\n\n  window.Colors = Colors;\n\n  gs.Colors = Colors;\n\n}).call(this);\n","parentId":"C2F9A7C9K48FFA4390S9F39E2E3A8A1D7221","index":25},"summary":["name","type","order"]}