{"uid":"82DE8036KD891A4C9CS9CCFEA636C104770A","isLoaded":true,"lastModificationTime":0,"items":{"name":"Play Movie","type":"event_command","parentId":"622D180FKC6D9A4243S8FCBEA38FBF82865C","displayName":"$$5D6436463710D94BC848FBB146D1FA18BBD2","windowTitle":"Play Movie","id":"gs.PlayVideo","group":"$$ADD23624771072411D3A82987C5BE70C8582","color":"purple","windowSize":{"w":400},"nodes":[],"defaultValue":{"video":null,"volume":100,"playbackRate":100},"quickItems":[{"label":"$$P61","valueFormula":"return fmtResource(p.video);","attribute":"video","type":"GSQPopupField","variableButton":{"dataSource":"strings"},"dialog":{"uid":"dialog.selectVideoResource","parameters":{"folder":"Movies"}}},{"label":"$$P141","valueFormula":"return p.volume + '%';","attribute":"volume","minimum":0,"maximum":100,"type":"GSQSlider"},{"label":"$$P142","valueFormula":"return p.playbackRate + '%';","attribute":"playbackRate","minimum":50,"maximum":150,"type":"GSQSlider"}],"sections":[],"rawContent":"{\n    \"parentId\": \"AFAD6CEFK59C1A4298SBABFE7AEC1B964622\",\n    \"displayName\": \"$$5D6436463710D94BC848FBB146D1FA18BBD2\",\n    \"windowTitle\": \"Play Movie\",\n    \"type\": \"event_command\",\n    \"id\": \"gs.PlayVideo\",\n    \"group\": \"$$ADD23624771072411D3A82987C5BE70C8582\",\n    \"color\": \"purple\",\n    \"windowSize\": {\n        \"w\": 400\n    },\n    \"nodes\": [],\n    \"defaultValue\": { \"video\": null, \"volume\": 100, \"playbackRate\": 100 },\n    \"quickItems\": [\n        {\n            \"label\": \"$$P61\",\n            \"valueFormula\": \"return fmtResource(p.video);\",\n            \"attribute\": \"video\",\n            \"type\": \"GSQPopupField\",\n            \"variableButton\": { \"dataSource\": \"strings\" },\n            \"dialog\": { \"uid\": \"dialog.selectVideoResource\", \"parameters\": { \"folder\": \"Movies\" } }\n        },\n        {\n            \"label\": \"$$P141\",\n            \"valueFormula\": \"return p.volume + '%';\",\n            \"attribute\": \"volume\",\n            \"minimum\": 0,\n            \"maximum\": 100,\n            \"type\": \"GSQSlider\"\n        },\n        {\n            \"label\": \"$$P142\",\n            \"valueFormula\": \"return p.playbackRate + '%';\",\n            \"attribute\": \"playbackRate\",\n            \"minimum\": 50,\n            \"maximum\": 150,\n            \"type\": \"GSQSlider\"\n        }\n    ],\n    \"sections\": [\n    ]\n}","order":0},"summary":["name","type"]}