{"uid":"82F32759K6035A4D15SBD6DE5D1BA170DB35","lastModificationTime":null,"items":{"name":"MyBundle","type":"application_language_bundle","parentId":"2B64D552KE2D4A49F9SB3A9EE72E018E0396","order":2,"phrases":{"802F93E8KF2A4A483DS8DE2E6CE060645507":"Tone"},"rawContent":"{\n    \"name\": \"MyBundle\",\n    \"type\": \"application_language_bundle\",\n    \"parentId\": \"2B64D552KE2D4A49F9SB3A9EE72E018E0396\",\n    \"order\": 2,\n    \"phrases\": {\n        \"802F93E8KF2A4A483DS8DE2E6CE060645507\": \"Tone\"\n    }\n}"},"summary":["name","type"]}