{"uid":"8A26E826K9D75A474FSA2A3E96504A4B36BA","isLoaded":true,"lastModificationTime":0,"items":{"windowTitle":"$$4B6665ACK640FA4A19S89F1E4F1070280626","type":"custom_view","windowSize":{"w":400},"sections":[{"name":"Time","noBorder":true,"layout":{"type":"dynamicGrid","fixedRowHeight":true},"column":0,"items":[{"type":"GSTable","attribute":"data","identifier":"effects","emptyItem":true,"border":true,"dialog":{"uid":"43CD6FEDK835FA406DS8550E52176E0C398F"},"contextMenu":[{"name":"$$4D200F2EK2B8FA4D3BS9504E377430FC15AF","selector":"addItemUsingDialog"},{"separator":true},{"name":"$$P72","selector":"copyItem:"},{"name":"$$P73","selector":"pasteItem:"},{"name":"$$P49","selector":"deleteItem:"}],"columns":[{"identifier":"time","attribute":"time","text":"$$7F18E8C2KD284A48DDSA683E78773C29B813","width":125,"content":"return fmtDuration(d.time)"},{"identifier":"sound","attribute":"sound","text":"$$8FDFEA30K0102A46B5S8271EE34632EFFFF4","width":50,"content":"return fmtResource(d.sound)"}],"frame":[0,0,-1,241]}]}],"rawContent":"{\n    \"windowTitle\": \"$$4B6665ACK640FA4A19S89F1E4F1070280626\",\n    \"type\": \"custom_view\",\n    \"windowSize\": {\n        \"w\": 400\n    },\n    \"sections\": [\n        {\n            \"name\": \"Time\",\n            \"noBorder\": true,\n            \"layout\": {\n                \"type\": \"dynamicGrid\",\n                \"fixedRowHeight\": true\n            },\n            \"column\": 0,\n            \"items\": [\n                {\n                    \"type\": \"GSTable\",\n                    \"attribute\": \"data\",\n                    \"identifier\": \"effects\",\n                    \"emptyItem\": true,\n                    \"border\": true,\n                    \"dialog\": {\n                        \"uid\": \"43CD6FEDK835FA406DS8550E52176E0C398F\"\n                    },\n                    \"contextMenu\": [\n                        {\n                            \"name\": \"$$4D200F2EK2B8FA4D3BS9504E377430FC15AF\",\n                            \"selector\": \"addItemUsingDialog\"\n                        },\n                        {\n                            \"separator\": true\n                        },\n                        {\n                            \"name\": \"$$P72\",\n                            \"selector\": \"copyItem:\"\n                        },\n                        {\n                            \"name\": \"$$P73\",\n                            \"selector\": \"pasteItem:\"\n                        },\n                        {\n                            \"name\": \"$$P49\",\n                            \"selector\": \"deleteItem:\"\n                        }\n                    ],\n                    \"columns\": [\n                        {\n                            \"identifier\": \"time\",\n                            \"attribute\": \"time\",\n                            \"text\": \"$$7F18E8C2KD284A48DDSA683E78773C29B813\",\n                            \"width\": 125,\n                            \"content\": \"return fmtDuration(d.time)\"\n                        },\n                        {\n                            \"identifier\": \"sound\",\n                            \"attribute\": \"sound\",\n                            \"text\": \"$$8FDFEA30K0102A46B5S8271EE34632EFFFF4\",\n                            \"width\": 50,\n                            \"content\": \"return fmtResource(d.sound)\"\n                        }\n                    ],\n                    \"frame\": [0, 0, -1, 241]\n                }\n            ]\n        }\n    ]\n}","name":"Path Effects","parentId":"AC1ABDCBK050BA4863S9964E3DC378247DAD","order":27},"summary":["name","type"]}