{"uid":"8BBF3F0BK5D36A422BSB208ED4A72D9B1421","isLoaded":true,"lastModificationTime":0,"items":{"name":"Show NVL Message","type":"event_command","parentId":"8CC0A736KF347A454AS899FE4F42878D912C","displayName":"$$415EA48663FAA34A734A74E18C0BF03C697A","windowTitle":"$$576B2D24KA7DFA4435SB4CCE10946D00F1E5","id":"vn.ShowMessageNVL","group":"$$8C18C980KCA7CA4FCDS99EFEC6824693DD97","windowSize":{"w":671},"nodes":[{"name":"return GS.ECH.textForShowMessage(p);","id":"vn.ShowMessageNVL"}],"expanded":true,"defaultValue":{"message":"","characterId":0},"inlineImage":{"formula":"return GS.VN.resourceForCharacter(p.characterId);","folder":"Graphics/Characters"},"fullSizeItems":[{"valueFormula":"return lcsg(p.message) || lcs('973C77352B3C0441947ADE8307C90AB4EF4B');","type":"GSQTextArea","valueTranslator":{"write":"return GS.VN.writeMessageData(v, p)"},"attribute":"message","defaultValue":"","localizable":true}],"quickItems":[{"label":"Character","valueFormula":"return fmtRecord('characters', p.characterId || 0);","attribute":"characterId","type":"GSQDataRecordField","dataSource":"characters"},{"label":"$$9A11A7A89FAF6747576B3C910EA4ECD5EBC7","valueFormula":"return fmtResource(p.voice);","variableButton":{"dataSource":"strings"},"attribute":"voice","type":"GSQPopupField","dialog":{"uid":"dialog.selectAudioResource","parameters":{"folder":"Audio/Sounds"}},"icon":{"name":"listen-01"}}],"sections":[],"rawContent":"{\n    \"parentId\": \"AFAD6CEFK59C1A4298SBABFE7AEC1B964622\",\n    \"displayName\": \"$$415EA48663FAA34A734A74E18C0BF03C697A\",\n    \"windowTitle\": \"$$576B2D24KA7DFA4435SB4CCE10946D00F1E5\",\n    \"type\": \"event_command\",\n    \"id\": \"vn.ShowMessageNVL\",\n    \"group\": \"$$8C18C980KCA7CA4FCDS99EFEC6824693DD97\",\n    \"windowSize\": {\n        \"w\": 671\n    },\n    \"nodes\": [\n        {\n            \"name\": \"return GS.ECH.textForShowMessage(p);\",\n            \"id\": \"vn.ShowMessageNVL\"\n        }\n    ],\n    \"expanded\": true,\n    \"defaultValue\": { \"message\": \"\", \"characterId\": 0 },\n    \"inlineImage\": { \"formula\": \"return GS.VN.resourceForCharacter(p.characterId);\", \"folder\": \"Graphics/Characters\" },\n    \"fullSizeItems\": [\n        {\n            \"valueFormula\": \"return lcsg(p.message) || lcs('973C77352B3C0441947ADE8307C90AB4EF4B');\",\n            \"type\": \"GSQTextArea\",\n            \"valueTranslator\": { \"write\": \"return GS.VN.writeMessageData(v, p)\" },\n            \"attribute\": \"message\",\n            \"defaultValue\": \"\",\n            \"localizable\": true\n        }\n    ],\n    \"quickItems\": [\n        {\n            \"label\": \"Character\",\n            \"valueFormula\": \"return fmtRecord('characters', p.characterId || 0);\",\n            \"attribute\": \"characterId\",\n            \"type\": \"GSQDataRecordField\",\n            \"dataSource\": \"characters\"\n        },\n        GSQ.CONTROLS.VOICE_SELECTION\n    ],\n    \"sections\": [\n    ]\n}","order":6},"summary":["name","type"]}