{"uid":"8F28CA6AKA750A4651SA01BEF5C8DF67B36D","isLoaded":true,"lastModificationTime":0,"items":{"parentId":"39568CDEK37BDA4AF4SB2BCEC53E3EBBE419","displayName":"$$74BBA8656F01F74FEC5977A7A3AF751D5BA7","windowTitle":"$$67B3604CK927EA4C25S9433EDD54150ADEB0","type":"event_command","id":"gs.ListSet","group":"$$C9C23A6E5A74F84FE07940677A0C2E37E13D","windowSize":{"w":400},"nodes":[],"defaultValue":{"index":0,"valueType":0,"listVariable":{"scope":1,"index":0},"numberValue":0,"switchValue":{"scope":1,"index":0},"stringValue":{"scope":1,"index":0},"listValue":{"scope":1,"index":0}},"quickItems":[{"label":"$$C9C23A6E5A74F84FE07940677A0C2E37E13D","valueFormula":"return fmtListVar(p.listVariable)","attribute":"listVariable","identifier":"list","type":"GSQPopupField","dialog":{"uid":"dialog.selectVariable","parameters":{"dataSource":"lists"}}},{"type":"GSQStepper","label":"$$7C2566611D53564B0A4B8487ECE9DB247FC8","valueFormula":"return fmtNumVar(p.index)","attribute":"index","variableButton":{"dataSource":"numbers"},"minimum":0,"maximum":9999999},{"label":"$$89ECAECDK4610A4BF8SA019E8444CA45FAB6","valueFormula":"return GS.CONST.LIST_VARIABLE_VALUE_TYPES[p.valueType]","attribute":"valueType","identifier":"valueType","type":"GSQPopupField","dataSource":["$$C287D490K9B01A4407SA616EF2726CA43B52","$$A8B1ECD7K09BAA4FFESB501EEF84B2699ED9","$$CEA96B0BK6FBBA416BSB00FEDF96A1248489","$$C9C23A6E5A74F84FE07940677A0C2E37E13D"],"showItems":[["numberValue"],["switchValue"],["stringValue"],["listValue"]]},{"label":"","attribute":"numberValue","valueFormula":"return fmtNumVar(p.numberValue)","variableButton":{"dataSource":"numbers"},"type":"GSQStepper","minimum":-9999999,"maximum":9999999},{"label":"","attribute":"switchValue","valueFormula":"return fmtBoolVar(p.switchValue)","type":"GSQPopupField","dialog":{"uid":"dialog.selectVariable","parameters":{"dataSource":"booleans"}}},{"label":"","attribute":"stringValue","valueFormula":"return fmtStrVar(p.stringValue)","type":"GSQPopupField","dialog":{"uid":"dialog.selectVariable","parameters":{"dataSource":"strings"}}},{"label":"","attribute":"listValue","valueFormula":"return fmtListVar(p.listValue)","type":"GSQPopupField","dialog":{"uid":"dialog.selectVariable","parameters":{"dataSource":"lists"}}}],"sections":[],"rawContent":"{\n    \"parentId\": \"AFAD6CEFK59C1A4298SBABFE7AEC1B964622\",\n    \"displayName\": \"$$74BBA8656F01F74FEC5977A7A3AF751D5BA7\",\n    \"windowTitle\": \"$$67B3604CK927EA4C25S9433EDD54150ADEB0\",\n    \"type\": \"event_command\",\n    \"id\": \"gs.ListSet\",\n    \"group\": \"$$C9C23A6E5A74F84FE07940677A0C2E37E13D\",\n    \"windowSize\": {\n        \"w\": 400\n    },\n    \"nodes\": [\n    ],\n    \"defaultValue\": { \"index\": 0, \"valueType\": 0, \"listVariable\": { \"scope\": 1, \"index\": 0 }, \"numberValue\": 0, \"switchValue\": { \"scope\": 1, \"index\": 0 }, \"stringValue\": { \"scope\": 1, \"index\": 0 }, \"listValue\": { \"scope\": 1, \"index\": 0 } },\n    \"quickItems\": [\n        GSQ.CONTROLS.LIST_VARIABLE_SELECTION,\n        GSQ.CONTROLS.LIST_VARIABLE_INDEX,\n    ].concat(GSQ.CONTROLS.LIST_VARIABLE_VALUE_SELECTION),\n    \"sections\": [\n    ]\n}","name":"Set in List","order":7},"summary":["name","type"]}