{"uid":"8F6E1EF43F2154476C6BD7C4254DB6BF42EA","isLoaded":true,"lastModificationTime":0,"items":{"id":"gs.StartTimer","group":"$$2DCE5AEAK657FA4F5BS8EC3EA543DC123D24","displayName":"$$347748495F15D1438B88AD5881A3511EFA18","defaultValue":{"number":0,"interval":5000,"action":{"type":0,"data":{"label":"Label Name","commonEventId":0}}},"quickItems":[{"type":"GSQStepper","variableButton":true,"label":"$$C287D490K9B01A4407SA616EF2726CA43B52","attribute":"number"},{"type":"GSQStepper","label":"$$8B7BC43319CE884D1E7AA7A53C2CD04D4EE7","variableButton":true,"valueFormula":"return fmtNumVar(p.interval) + lcs('0C0FFFB48D0001433E7A4057070263A79F59')","attribute":"interval"},{"type":"GSQPopupField","identifier":"actionType","label":"$$9007510B517ED342E52BE962B794DB75CA2D","valueFormula":"return GS.CONST.ACTION_TYPES[p.action.type]","dataSource":["$$71BC71C66ED2454FD2993602BE555D66E0FA","$$92FC7C83K7C7CA40D8SA4BFE105C9DF03481"],"attribute":"action.type","showItems":[["label"],["commonEventId"]]},{"type":"GSQTextArea","identifier":"label","multiline":false,"label":"$$DE90FBDDKDCE8A4CAASA1C1E982F7D417C1C","valueFormula":"return p.action.data.label","attribute":"action.data.label"},{"type":"GSQDataRecordField","identifier":"commonEventId","valueFormula":"return fmtRecord('commonEvents', p.action.data.commonEventId)","label":"$$512615ADK2682A417AS9B11EF5FDFE78FD82","dataSource":"commonEvents","attribute":"action.data.commonEventId"}],"rawContent":"{\n    \"id\": \"gs.StartTimer\",\n    \"group\": \"$$2DCE5AEAK657FA4F5BS8EC3EA543DC123D24\",\n    \"displayName\": \"$$347748495F15D1438B88AD5881A3511EFA18\",\n    \"defaultValue\": { \"number\": 0, \"interval\": 5000, \"action\": { \"type\": 0, \"data\": { \"label\": \"Label Name\", \"commonEventId\": 0 } } },\n    \"quickItems\": [\n        {\n            \"type\": \"GSQStepper\",\n            \"variableButton\": true,\n            \"label\": \"$$C287D490K9B01A4407SA616EF2726CA43B52\",\n            \"attribute\": \"number\"\n        },\n        {\n            \"type\": \"GSQStepper\",\n            \"label\": \"$$8B7BC43319CE884D1E7AA7A53C2CD04D4EE7\",\n            \"variableButton\": true,\n            \"valueFormula\": \"return fmtNumVar(p.interval) + lcs('0C0FFFB48D0001433E7A4057070263A79F59')\",\n            \"attribute\": \"interval\"\n        },\n        {\n            \"type\": \"GSQPopupField\",\n            \"identifier\": \"actionType\",\n            \"label\": \"$$9007510B517ED342E52BE962B794DB75CA2D\",\n            \"valueFormula\": \"return GS.CONST.ACTION_TYPES[p.action.type]\",\n            \"dataSource\": GS.CONST.ACTION_TYPES,\n            \"attribute\": \"action.type\",\n            \"showItems\": [[\"label\"], [\"commonEventId\"]]\n        },\n        {\n            \"type\": \"GSQTextArea\",\n            \"identifier\": \"label\",\n            \"multiline\": false,\n            \"label\": \"$$DE90FBDDKDCE8A4CAASA1C1E982F7D417C1C\",\n            \"valueFormula\": \"return p.action.data.label\",\n            \"attribute\": \"action.data.label\"\n        },\n        {\n            \"type\": \"GSQDataRecordField\",\n            \"identifier\": \"commonEventId\",\n            \"valueFormula\": \"return fmtRecord('commonEvents', p.action.data.commonEventId)\",\n            \"label\": \"$$512615ADK2682A417AS9B11EF5FDFE78FD82\",\n            \"dataSource\": \"commonEvents\",\n            \"attribute\": \"action.data.commonEventId\"\n        }\n    ]\n}","name":"Start Timer","type":"event_command","parentId":"97163D89K8F9DA45ADSA51CE47DE4ECE311C","order":17},"summary":["name","type"]}