{"uid":"916DB18CK81C4A43FASB766E9ED1E87FDC8A","isLoaded":true,"lastModificationTime":0,"items":{"name":"Object_Message","type":"game_script","order":8,"content":"# ===================================================================\n#\n#   Script: Object_Message\n#\n#   $$COPYRIGHT$$\n#\n# ===================================================================\nclass Object_Message extends ui.Object_UIElement\n    ###*\n    * A message object to display game messages on screen.\n    *\n    * @module ui\n    * @class Object_Message\n    * @extends ui.Object_UIElement\n    * @memberof ui\n    * @constructor\n    ### \n    constructor: ->\n        super\n        @visible = no\n        \n        ###*\n        * The font used for the message text.\n        * @property font\n        * @type gs.Font\n        ###\n        @font = new Font(\"Verdana\", Math.round(9 / 240 * Graphics.height))\n        @font.border = no\n        @font.borderColor = new Color(0, 0, 0)\n        \n        ###*\n        * The text-renderer used to render the message text.\n        * @property textRenderer\n        * @type gs.Component_MessageTextRenderer\n        ###\n        @textRenderer = new gs.Component_MessageTextRenderer()\n\n        ###*\n        * The UI object's animator-component to execute different kind of animations like move, rotate, etc. on it.\n        * @property animator\n        * @type gs.Component_Animator\n        ###\n        @animator = new gs.Animator()\n        \n        ###*\n        * The UI object's source rectangle on screen.\n        * @property srcRect\n        * @type gs.Rect\n        ###\n        @srcRect = new Rect(0, 0, 1, 1)\n        \n        @message = new vn.Component_MessageBehavior()\n        \n        ###*\n        * The UI object's component to add message-specific behavior.\n        * @property behavior\n        * @type vn.Component_MessageBehavior\n        ###\n        @behavior = @message\n        \n        @addComponent(@animator)\n        @addComponent(@textRenderer)\n        @addComponent(@message)\n        \nui.Object_Message = Object_Message","parentId":"4F9670D7KD392A494FS953DE4377B04AA7A6","folder":false,"compiledContent":"(function() {\n  var Object_Message,\n    extend = function(child, parent) { for (var key in parent) { if (hasProp.call(parent, key)) child[key] = parent[key]; } function ctor() { this.constructor = child; } ctor.prototype = parent.prototype; child.prototype = new ctor(); child.__super__ = parent.prototype; return child; },\n    hasProp = {}.hasOwnProperty;\n\n  Object_Message = (function(superClass) {\n    extend(Object_Message, superClass);\n\n\n    /**\n    * A message object to display game messages on screen.\n    *\n    * @module ui\n    * @class Object_Message\n    * @extends ui.Object_UIElement\n    * @memberof ui\n    * @constructor\n     */\n\n    function Object_Message() {\n      Object_Message.__super__.constructor.apply(this, arguments);\n      this.visible = false;\n\n      /**\n      * The font used for the message text.\n      * @property font\n      * @type gs.Font\n       */\n      this.font = new Font(\"Verdana\", Math.round(9 / 240 * Graphics.height));\n      this.font.border = false;\n      this.font.borderColor = new Color(0, 0, 0);\n\n      /**\n      * The text-renderer used to render the message text.\n      * @property textRenderer\n      * @type gs.Component_MessageTextRenderer\n       */\n      this.textRenderer = new gs.Component_MessageTextRenderer();\n\n      /**\n      * The UI object's animator-component to execute different kind of animations like move, rotate, etc. on it.\n      * @property animator\n      * @type gs.Component_Animator\n       */\n      this.animator = new gs.Animator();\n\n      /**\n      * The UI object's source rectangle on screen.\n      * @property srcRect\n      * @type gs.Rect\n       */\n      this.srcRect = new Rect(0, 0, 1, 1);\n      this.message = new vn.Component_MessageBehavior();\n\n      /**\n      * The UI object's component to add message-specific behavior.\n      * @property behavior\n      * @type vn.Component_MessageBehavior\n       */\n      this.behavior = this.message;\n      this.addComponent(this.animator);\n      this.addComponent(this.textRenderer);\n      this.addComponent(this.message);\n    }\n\n    return Object_Message;\n\n  })(ui.Object_UIElement);\n\n  ui.Object_Message = Object_Message;\n\n}).call(this);\n"},"summary":["name","type","order"]}