{"uid":"923F1F4E316CC6421A9A10F8C616DC214413","isLoaded":true,"lastModificationTime":0,"items":{"name":"CommandFieldFlags","type":"game_script","order":7,"content":"# ===================================================================\n#\n#   Script: CommandFieldFlags\n#\n#   $$COPYRIGHT$$\n#\n# ===================================================================\n\n###*\n* An enumeration of command field flags.\n*\n* @module gs\n* @class CommandFieldFlags\n* @memberof gs\n* @constructor\n* @static\n* @final\n###  \nclass CommandFieldFlags\n    ###*\n    * Indicates if the field is locked and should not be changed.\n    * @property LOCKED\n    * @type number\n    * @static\n    * @final\n    ###\n    @LOCKED = 1\n    \n    ###*\n    * Checks if a command field is locked.\n    * @method isLocked\n    * @static\n    * @param {number} flags - Field flags to check.\n    ###\n    @isLocked: (flags) -> flags & CommandFieldFlags.LOCKED\n    \ngs.CommandFieldFlags = CommandFieldFlags\n  ","parentId":"C2F9A7C9K48FFA4390S9F39E2E3A8A1D7221","folder":false,"compiledContent":"\n/**\n* An enumeration of command field flags.\n*\n* @module gs\n* @class CommandFieldFlags\n* @memberof gs\n* @constructor\n* @static\n* @final\n */\n\n(function() {\n  var CommandFieldFlags;\n\n  CommandFieldFlags = (function() {\n\n    /**\n    * Indicates if the field is locked and should not be changed.\n    * @property LOCKED\n    * @type number\n    * @static\n    * @final\n     */\n    function CommandFieldFlags() {}\n\n    CommandFieldFlags.LOCKED = 1;\n\n\n    /**\n    * Checks if a command field is locked.\n    * @method isLocked\n    * @static\n    * @param {number} flags - Field flags to check.\n     */\n\n    CommandFieldFlags.isLocked = function(flags) {\n      return flags & CommandFieldFlags.LOCKED;\n    };\n\n    return CommandFieldFlags;\n\n  })();\n\n  gs.CommandFieldFlags = CommandFieldFlags;\n\n}).call(this);\n"},"summary":["name","type"]}